Video,Frame,Overall Score,Overall Status,Blur Score,Blur Status,Brightness Score,Brightness Status,Contrast Score,Contrast Status,Sharpness Score,Sharpness Status,Noise Score,Noise Status,Resolution,Recommendations
Abuse029_x264,motion_0000.jpg,85,GOOD,1875.18,SHARP,84.53,NORMAL,86.16,GOOD,86.71,SHARP,43.3,HIGH,320x240,Apply Denoising
Abuse029_x264,motion_0001.jpg,85,GOOD,1894.1,SHARP,84.37,NORMAL,86.1,GOOD,87.03,SHARP,43.52,HIGH,320x240,Apply Denoising
Abuse029_x264,motion_0002.jpg,85,GOOD,2000.42,SHARP,81.88,NORMAL,85.16,GOOD,88.04,SHARP,44.73,HIGH,320x240,Apply Denoising
Abuse029_x264,motion_0003.jpg,85,GOOD,2036.15,SHARP,81.13,NORMAL,84.72,GOOD,88.75,SHARP,45.12,HIGH,320x240,Apply Denoising
Abuse029_x264,motion_0004.jpg,85,GOOD,2070.48,SHARP,79.84,NORMAL,84.19,GOOD,89.1,SHARP,45.5,HIGH,320x240,Apply Denoising
Abuse029_x264,motion_0005.jpg,85,GOOD,2026.54,SHARP,75.0,NORMAL,81.47,GOOD,86.03,SHARP,45.02,HIGH,320x240,Apply Denoising
Abuse029_x264,motion_0006.jpg,85,GOOD,2043.91,SHARP,73.49,NORMAL,80.89,GOOD,86.19,SHARP,45.21,HIGH,320x240,Apply Denoising
Abuse029_x264,motion_0007.jpg,85,GOOD,2047.68,SHARP,71.33,NORMAL,79.76,GOOD,85.74,SHARP,45.25,HIGH,320x240,Apply Denoising
Abuse029_x264,motion_0008.jpg,85,GOOD,2043.72,SHARP,70.51,NORMAL,79.31,GOOD,85.57,SHARP,45.21,HIGH,320x240,Apply Denoising
Abuse029_x264,motion_0009.jpg,85,GOOD,2055.65,SHARP,70.09,NORMAL,79.11,GOOD,85.55,SHARP,45.34,HIGH,320x240,Apply Denoising
Abuse029_x264,motion_0010.jpg,70,MODERATE,2074.68,SHARP,69.27,DARK,78.74,GOOD,85.81,SHARP,45.55,HIGH,320x240,"Increase Brightness, Apply Denoising"
Abuse029_x264,motion_0011.jpg,70,MODERATE,2087.26,SHARP,68.95,DARK,78.58,GOOD,86.03,SHARP,45.69,HIGH,320x240,"Increase Brightness, Apply Denoising"
Abuse029_x264,motion_0012.jpg,70,MODERATE,2110.27,SHARP,68.72,DARK,78.5,GOOD,86.26,SHARP,45.94,HIGH,320x240,"Increase Brightness, Apply Denoising"
Abuse029_x264,motion_0013.jpg,70,MODERATE,2139.4,SHARP,68.52,DARK,78.41,GOOD,86.48,SHARP,46.25,HIGH,320x240,"Increase Brightness, Apply Denoising"
Abuse029_x264,motion_0014.jpg,70,MODERATE,2169.26,SHARP,68.36,DARK,78.36,GOOD,86.83,SHARP,46.58,HIGH,320x240,"Increase Brightness, Apply Denoising"
Abuse029_x264,motion_0015.jpg,70,MODERATE,2213.44,SHARP,68.32,DARK,78.4,GOOD,87.35,SHARP,47.05,HIGH,320x240,"Increase Brightness, Apply Denoising"
Abuse029_x264,motion_0016.jpg,70,MODERATE,2231.02,SHARP,68.33,DARK,78.43,GOOD,87.57,SHARP,47.23,HIGH,320x240,"Increase Brightness, Apply Denoising"
Abuse029_x264,motion_0017.jpg,70,MODERATE,2255.91,SHARP,68.28,DARK,78.45,GOOD,87.78,SHARP,47.5,HIGH,320x240,"Increase Brightness, Apply Denoising"
Abuse029_x264,motion_0018.jpg,70,MODERATE,2268.99,SHARP,68.28,DARK,78.49,GOOD,87.85,SHARP,47.63,HIGH,320x240,"Increase Brightness, Apply Denoising"
Abuse029_x264,motion_0019.jpg,70,MODERATE,2288.29,SHARP,68.27,DARK,78.54,GOOD,87.96,SHARP,47.84,HIGH,320x240,"Increase Brightness, Apply Denoising"
Abuse029_x264,motion_0020.jpg,70,MODERATE,2310.8,SHARP,68.25,DARK,78.56,GOOD,88.02,SHARP,48.07,HIGH,320x240,"Increase Brightness, Apply Denoising"
Abuse029_x264,motion_0021.jpg,70,MODERATE,2333.61,SHARP,68.25,DARK,78.56,GOOD,88.14,SHARP,48.31,HIGH,320x240,"Increase Brightness, Apply Denoising"
Abuse029_x264,motion_0022.jpg,70,MODERATE,2337.95,SHARP,68.2,DARK,78.57,GOOD,88.03,SHARP,48.35,HIGH,320x240,"Increase Brightness, Apply Denoising"
Abuse029_x264,motion_0023.jpg,70,MODERATE,2336.2,SHARP,68.16,DARK,78.57,GOOD,88.0,SHARP,48.33,HIGH,320x240,"Increase Brightness, Apply Denoising"
Abuse029_x264,motion_0024.jpg,70,MODERATE,2349.94,SHARP,68.12,DARK,78.58,GOOD,88.06,SHARP,48.48,HIGH,320x240,"Increase Brightness, Apply Denoising"
Abuse029_x264,motion_0025.jpg,70,MODERATE,2373.44,SHARP,68.02,DARK,78.56,GOOD,88.29,SHARP,48.72,HIGH,320x240,"Increase Brightness, Apply Denoising"
Abuse029_x264,motion_0026.jpg,70,MODERATE,2382.31,SHARP,67.95,DARK,78.55,GOOD,88.34,SHARP,48.81,HIGH,320x240,"Increase Brightness, Apply Denoising"
Abuse029_x264,motion_0027.jpg,70,MODERATE,2383.69,SHARP,67.88,DARK,78.54,GOOD,88.41,SHARP,48.82,HIGH,320x240,"Increase Brightness, Apply Denoising"
Abuse029_x264,motion_0028.jpg,70,MODERATE,2398.79,SHARP,67.83,DARK,78.53,GOOD,88.55,SHARP,48.98,HIGH,320x240,"Increase Brightness, Apply Denoising"
Abuse029_x264,motion_0029.jpg,70,MODERATE,2417.4,SHARP,67.81,DARK,78.53,GOOD,88.69,SHARP,49.17,HIGH,320x240,"Increase Brightness, Apply Denoising"
Abuse029_x264,motion_0030.jpg,70,MODERATE,2434.11,SHARP,67.79,DARK,78.53,GOOD,88.81,SHARP,49.34,HIGH,320x240,"Increase Brightness, Apply Denoising"
Abuse029_x264,motion_0031.jpg,70,MODERATE,2454.52,SHARP,67.76,DARK,78.53,GOOD,88.87,SHARP,49.54,HIGH,320x240,"Increase Brightness, Apply Denoising"
Abuse029_x264,motion_0032.jpg,70,MODERATE,2557.63,SHARP,67.46,DARK,78.41,GOOD,89.48,SHARP,50.57,HIGH,320x240,"Increase Brightness, Apply Denoising"
Abuse029_x264,motion_0033.jpg,70,MODERATE,2666.78,SHARP,67.15,DARK,78.42,GOOD,90.36,SHARP,51.64,HIGH,320x240,"Increase Brightness, Apply Denoising"
Abuse029_x264,motion_0034.jpg,70,MODERATE,2675.58,SHARP,67.15,DARK,78.41,GOOD,90.58,SHARP,51.73,HIGH,320x240,"Increase Brightness, Apply Denoising"
Abuse029_x264,motion_0035.jpg,70,MODERATE,2678.47,SHARP,67.15,DARK,78.43,GOOD,90.69,SHARP,51.75,HIGH,320x240,"Increase Brightness, Apply Denoising"
Abuse029_x264,motion_0036.jpg,70,MODERATE,2678.86,SHARP,67.17,DARK,78.45,GOOD,90.75,SHARP,51.76,HIGH,320x240,"Increase Brightness, Apply Denoising"
Abuse029_x264,motion_0037.jpg,70,MODERATE,2681.63,SHARP,67.19,DARK,78.48,GOOD,90.8,SHARP,51.78,HIGH,320x240,"Increase Brightness, Apply Denoising"
Abuse029_x264,motion_0038.jpg,70,MODERATE,2576.46,SHARP,67.1,DARK,78.58,GOOD,89.42,SHARP,50.76,HIGH,320x240,"Increase Brightness, Apply Denoising"
Abuse029_x264,motion_0039.jpg,70,MODERATE,2562.69,SHARP,67.08,DARK,78.6,GOOD,89.32,SHARP,50.62,HIGH,320x240,"Increase Brightness, Apply Denoising"
Abuse029_x264,motion_0040.jpg,70,MODERATE,2557.79,SHARP,67.21,DARK,78.75,GOOD,89.45,SHARP,50.57,HIGH,320x240,"Increase Brightness, Apply Denoising"
Abuse029_x264,motion_0041.jpg,70,MODERATE,2556.51,SHARP,67.24,DARK,78.76,GOOD,89.61,SHARP,50.56,HIGH,320x240,"Increase Brightness, Apply Denoising"
Abuse029_x264,motion_0042.jpg,70,MODERATE,2551.47,SHARP,67.28,DARK,78.76,GOOD,89.67,SHARP,50.51,HIGH,320x240,"Increase Brightness, Apply Denoising"
Abuse029_x264,motion_0043.jpg,70,MODERATE,2558.13,SHARP,67.29,DARK,78.75,GOOD,89.67,SHARP,50.58,HIGH,320x240,"Increase Brightness, Apply Denoising"
Abuse029_x264,motion_0044.jpg,70,MODERATE,2563.77,SHARP,67.28,DARK,78.74,GOOD,89.75,SHARP,50.63,HIGH,320x240,"Increase Brightness, Apply Denoising"
Abuse029_x264,motion_0045.jpg,70,MODERATE,2566.89,SHARP,67.25,DARK,78.71,GOOD,89.79,SHARP,50.66,HIGH,320x240,"Increase Brightness, Apply Denoising"
Abuse029_x264,motion_0046.jpg,70,MODERATE,2564.85,SHARP,67.2,DARK,78.68,GOOD,89.74,SHARP,50.64,HIGH,320x240,"Increase Brightness, Apply Denoising"
Abuse029_x264,motion_0047.jpg,70,MODERATE,2562.67,SHARP,67.16,DARK,78.65,GOOD,89.7,SHARP,50.62,HIGH,320x240,"Increase Brightness, Apply Denoising"
Abuse029_x264,motion_0048.jpg,70,MODERATE,2564.4,SHARP,67.13,DARK,78.62,GOOD,89.65,SHARP,50.64,HIGH,320x240,"Increase Brightness, Apply Denoising"
Abuse029_x264,motion_0049.jpg,70,MODERATE,2560.39,SHARP,67.09,DARK,78.59,GOOD,89.57,SHARP,50.6,HIGH,320x240,"Increase Brightness, Apply Denoising"
Abuse029_x264,motion_0050.jpg,70,MODERATE,2559.57,SHARP,67.05,DARK,78.56,GOOD,89.54,SHARP,50.59,HIGH,320x240,"Increase Brightness, Apply Denoising"
Abuse029_x264,motion_0051.jpg,70,MODERATE,2558.47,SHARP,67.01,DARK,78.52,GOOD,89.53,SHARP,50.58,HIGH,320x240,"Increase Brightness, Apply Denoising"
Abuse029_x264,motion_0052.jpg,70,MODERATE,2559.56,SHARP,66.96,DARK,78.46,GOOD,89.5,SHARP,50.59,HIGH,320x240,"Increase Brightness, Apply Denoising"
Abuse029_x264,motion_0053.jpg,70,MODERATE,2559.68,SHARP,66.93,DARK,78.44,GOOD,89.44,SHARP,50.59,HIGH,320x240,"Increase Brightness, Apply Denoising"
Abuse029_x264,motion_0054.jpg,70,MODERATE,2559.18,SHARP,66.87,DARK,78.39,GOOD,89.43,SHARP,50.59,HIGH,320x240,"Increase Brightness, Apply Denoising"
Abuse029_x264,motion_0055.jpg,70,MODERATE,2558.11,SHARP,66.85,DARK,78.36,GOOD,89.5,SHARP,50.58,HIGH,320x240,"Increase Brightness, Apply Denoising"
Abuse029_x264,motion_0056.jpg,70,MODERATE,2558.59,SHARP,66.82,DARK,78.32,GOOD,89.53,SHARP,50.58,HIGH,320x240,"Increase Brightness, Apply Denoising"
Abuse029_x264,motion_0057.jpg,70,MODERATE,2571.05,SHARP,66.78,DARK,78.25,GOOD,89.7,SHARP,50.71,HIGH,320x240,"Increase Brightness, Apply Denoising"
Abuse029_x264,motion_0058.jpg,70,MODERATE,2593.32,SHARP,66.73,DARK,78.2,GOOD,90.1,SHARP,50.92,HIGH,320x240,"Increase Brightness, Apply Denoising"
Abuse029_x264,motion_0059.jpg,70,MODERATE,2597.2,SHARP,66.69,DARK,78.16,GOOD,90.3,SHARP,50.96,HIGH,320x240,"Increase Brightness, Apply Denoising"
Abuse029_x264,motion_0060.jpg,70,MODERATE,2597.18,SHARP,66.64,DARK,78.14,GOOD,90.43,SHARP,50.96,HIGH,320x240,"Increase Brightness, Apply Denoising"
Abuse029_x264,motion_0061.jpg,70,MODERATE,2592.01,SHARP,66.58,DARK,78.12,GOOD,90.4,SHARP,50.91,HIGH,320x240,"Increase Brightness, Apply Denoising"
Abuse029_x264,motion_0062.jpg,70,MODERATE,2592.16,SHARP,66.54,DARK,78.1,GOOD,90.27,SHARP,50.91,HIGH,320x240,"Increase Brightness, Apply Denoising"
Abuse029_x264,motion_0063.jpg,70,MODERATE,2594.45,SHARP,66.51,DARK,78.07,GOOD,90.3,SHARP,50.94,HIGH,320x240,"Increase Brightness, Apply Denoising"
Abuse029_x264,motion_0064.jpg,70,MODERATE,2603.05,SHARP,66.49,DARK,78.04,GOOD,90.49,SHARP,51.02,HIGH,320x240,"Increase Brightness, Apply Denoising"
Abuse029_x264,motion_0065.jpg,70,MODERATE,2619.93,SHARP,66.41,DARK,77.98,GOOD,90.71,SHARP,51.19,HIGH,320x240,"Increase Brightness, Apply Denoising"
Abuse029_x264,motion_0066.jpg,70,MODERATE,2621.33,SHARP,66.29,DARK,77.88,GOOD,90.78,SHARP,51.2,HIGH,320x240,"Increase Brightness, Apply Denoising"
Abuse029_x264,motion_0067.jpg,70,MODERATE,2624.57,SHARP,66.18,DARK,77.78,GOOD,90.83,SHARP,51.23,HIGH,320x240,"Increase Brightness, Apply Denoising"
Abuse029_x264,motion_0068.jpg,70,MODERATE,2604.46,SHARP,66.1,DARK,77.71,GOOD,90.79,SHARP,51.03,HIGH,320x240,"Increase Brightness, Apply Denoising"
Abuse029_x264,motion_0069.jpg,70,MODERATE,2606.08,SHARP,66.08,DARK,77.71,GOOD,90.69,SHARP,51.05,HIGH,320x240,"Increase Brightness, Apply Denoising"
Abuse029_x264,motion_0070.jpg,70,MODERATE,2610.12,SHARP,66.04,DARK,77.68,GOOD,90.77,SHARP,51.09,HIGH,320x240,"Increase Brightness, Apply Denoising"
Abuse029_x264,motion_0071.jpg,70,MODERATE,2625.23,SHARP,66.02,DARK,77.65,GOOD,90.88,SHARP,51.24,HIGH,320x240,"Increase Brightness, Apply Denoising"
Abuse029_x264,motion_0072.jpg,70,MODERATE,2636.72,SHARP,65.99,DARK,77.64,GOOD,90.89,SHARP,51.35,HIGH,320x240,"Increase Brightness, Apply Denoising"
Abuse029_x264,motion_0073.jpg,70,MODERATE,2628.39,SHARP,66.0,DARK,77.64,GOOD,90.87,SHARP,51.27,HIGH,320x240,"Increase Brightness, Apply Denoising"
Abuse029_x264,motion_0074.jpg,70,MODERATE,2622.47,SHARP,66.0,DARK,77.65,GOOD,90.81,SHARP,51.21,HIGH,320x240,"Increase Brightness, Apply Denoising"
Abuse029_x264,motion_0075.jpg,70,MODERATE,2627.11,SHARP,66.02,DARK,77.64,GOOD,90.78,SHARP,51.26,HIGH,320x240,"Increase Brightness, Apply Denoising"
Abuse029_x264,motion_0076.jpg,70,MODERATE,2632.41,SHARP,66.05,DARK,77.62,GOOD,90.8,SHARP,51.31,HIGH,320x240,"Increase Brightness, Apply Denoising"
Abuse029_x264,motion_0077.jpg,70,MODERATE,2611.04,SHARP,66.1,DARK,77.57,GOOD,90.6,SHARP,51.1,HIGH,320x240,"Increase Brightness, Apply Denoising"
Abuse029_x264,motion_0078.jpg,70,MODERATE,2610.17,SHARP,66.16,DARK,77.59,GOOD,90.64,SHARP,51.09,HIGH,320x240,"Increase Brightness, Apply Denoising"
Abuse029_x264,motion_0079.jpg,70,MODERATE,2603.81,SHARP,66.23,DARK,77.6,GOOD,90.61,SHARP,51.03,HIGH,320x240,"Increase Brightness, Apply Denoising"
Abuse029_x264,motion_0080.jpg,70,MODERATE,2594.62,SHARP,66.34,DARK,77.61,GOOD,90.58,SHARP,50.94,HIGH,320x240,"Increase Brightness, Apply Denoising"
Abuse029_x264,motion_0081.jpg,70,MODERATE,2612.78,SHARP,66.47,DARK,77.66,GOOD,90.92,SHARP,51.12,HIGH,320x240,"Increase Brightness, Apply Denoising"
Abuse029_x264,motion_0082.jpg,70,MODERATE,2614.12,SHARP,66.62,DARK,77.75,GOOD,91.07,SHARP,51.13,HIGH,320x240,"Increase Brightness, Apply Denoising"
Abuse029_x264,motion_0083.jpg,70,MODERATE,2630.7,SHARP,66.76,DARK,77.83,GOOD,91.19,SHARP,51.29,HIGH,320x240,"Increase Brightness, Apply Denoising"
Abuse029_x264,motion_0084.jpg,70,MODERATE,2636.26,SHARP,66.88,DARK,77.85,GOOD,91.25,SHARP,51.34,HIGH,320x240,"Increase Brightness, Apply Denoising"
Abuse029_x264,motion_0085.jpg,70,MODERATE,2633.6,SHARP,66.96,DARK,77.88,GOOD,91.39,SHARP,51.32,HIGH,320x240,"Increase Brightness, Apply Denoising"
Abuse029_x264,motion_0086.jpg,70,MODERATE,2629.75,SHARP,67.25,DARK,77.96,GOOD,91.42,SHARP,51.28,HIGH,320x240,"Increase Brightness, Apply Denoising"
Abuse029_x264,motion_0087.jpg,70,MODERATE,2635.7,SHARP,67.32,DARK,77.97,GOOD,91.41,SHARP,51.34,HIGH,320x240,"Increase Brightness, Apply Denoising"
Abuse029_x264,motion_0088.jpg,70,MODERATE,2651.48,SHARP,67.38,DARK,77.98,GOOD,91.44,SHARP,51.49,HIGH,320x240,"Increase Brightness, Apply Denoising"
Abuse029_x264,motion_0089.jpg,70,MODERATE,2664.49,SHARP,67.42,DARK,77.98,GOOD,91.62,SHARP,51.62,HIGH,320x240,"Increase Brightness, Apply Denoising"
Abuse029_x264,motion_0090.jpg,70,MODERATE,2662.9,SHARP,67.47,DARK,77.98,GOOD,91.57,SHARP,51.6,HIGH,320x240,"Increase Brightness, Apply Denoising"
Abuse029_x264,motion_0091.jpg,70,MODERATE,2657.6,SHARP,67.53,DARK,77.99,GOOD,91.48,SHARP,51.55,HIGH,320x240,"Increase Brightness, Apply Denoising"
Abuse029_x264,motion_0092.jpg,70,MODERATE,2666.47,SHARP,67.54,DARK,78.0,GOOD,91.5,SHARP,51.64,HIGH,320x240,"Increase Brightness, Apply Denoising"
Abuse029_x264,motion_0093.jpg,70,MODERATE,2656.62,SHARP,67.55,DARK,78.01,GOOD,91.55,SHARP,51.54,HIGH,320x240,"Increase Brightness, Apply Denoising"
Abuse029_x264,motion_0094.jpg,70,MODERATE,2649.94,SHARP,67.57,DARK,78.03,GOOD,91.61,SHARP,51.48,HIGH,320x240,"Increase Brightness, Apply Denoising"
Abuse029_x264,motion_0095.jpg,70,MODERATE,2644.43,SHARP,67.61,DARK,78.05,GOOD,91.61,SHARP,51.42,HIGH,320x240,"Increase Brightness, Apply Denoising"
Abuse029_x264,motion_0096.jpg,70,MODERATE,2645.08,SHARP,67.62,DARK,78.07,GOOD,91.64,SHARP,51.43,HIGH,320x240,"Increase Brightness, Apply Denoising"
Abuse029_x264,motion_0097.jpg,70,MODERATE,2638.4,SHARP,67.6,DARK,78.08,GOOD,91.59,SHARP,51.37,HIGH,320x240,"Increase Brightness, Apply Denoising"
Abuse029_x264,motion_0098.jpg,70,MODERATE,2633.64,SHARP,67.6,DARK,78.08,GOOD,91.52,SHARP,51.32,HIGH,320x240,"Increase Brightness, Apply Denoising"
Abuse029_x264,motion_0099.jpg,70,MODERATE,2632.05,SHARP,67.57,DARK,78.06,GOOD,91.47,SHARP,51.3,HIGH,320x240,"Increase Brightness, Apply Denoising"
Abuse029_x264,motion_0100.jpg,70,MODERATE,2628.08,SHARP,67.54,DARK,78.04,GOOD,91.4,SHARP,51.26,HIGH,320x240,"Increase Brightness, Apply Denoising"
Abuse029_x264,motion_0101.jpg,70,MODERATE,2627.51,SHARP,67.48,DARK,78.01,GOOD,91.37,SHARP,51.26,HIGH,320x240,"Increase Brightness, Apply Denoising"
Abuse029_x264,motion_0102.jpg,70,MODERATE,2626.54,SHARP,67.41,DARK,77.96,GOOD,91.31,SHARP,51.25,HIGH,320x240,"Increase Brightness, Apply Denoising"
Abuse029_x264,motion_0103.jpg,70,MODERATE,2630.14,SHARP,67.37,DARK,77.93,GOOD,91.26,SHARP,51.28,HIGH,320x240,"Increase Brightness, Apply Denoising"
Abuse029_x264,motion_0104.jpg,70,MODERATE,2625.81,SHARP,67.32,DARK,77.91,GOOD,91.3,SHARP,51.24,HIGH,320x240,"Increase Brightness, Apply Denoising"
Abuse029_x264,motion_0105.jpg,70,MODERATE,2635.85,SHARP,67.28,DARK,77.89,GOOD,91.41,SHARP,51.34,HIGH,320x240,"Increase Brightness, Apply Denoising"
Abuse029_x264,motion_0106.jpg,70,MODERATE,2659.02,SHARP,67.24,DARK,77.85,GOOD,91.45,SHARP,51.57,HIGH,320x240,"Increase Brightness, Apply Denoising"
Abuse029_x264,motion_0107.jpg,70,MODERATE,2656.99,SHARP,67.3,DARK,77.83,GOOD,91.48,SHARP,51.55,HIGH,320x240,"Increase Brightness, Apply Denoising"
Abuse029_x264,motion_0108.jpg,70,MODERATE,2661.39,SHARP,67.3,DARK,77.77,GOOD,91.59,SHARP,51.59,HIGH,320x240,"Increase Brightness, Apply Denoising"
Abuse029_x264,motion_0109.jpg,70,MODERATE,2666.67,SHARP,67.25,DARK,77.71,GOOD,91.68,SHARP,51.64,HIGH,320x240,"Increase Brightness, Apply Denoising"
Abuse029_x264,motion_0110.jpg,70,MODERATE,2681.52,SHARP,67.22,DARK,77.65,GOOD,91.92,SHARP,51.78,HIGH,320x240,"Increase Brightness, Apply Denoising"
Abuse029_x264,motion_0111.jpg,70,MODERATE,2710.14,SHARP,67.16,DARK,77.54,GOOD,92.07,SHARP,52.06,HIGH,320x240,"Increase Brightness, Apply Denoising"
Abuse029_x264,motion_0112.jpg,70,MODERATE,2709.49,SHARP,67.11,DARK,77.48,GOOD,92.14,SHARP,52.05,HIGH,320x240,"Increase Brightness, Apply Denoising"
Abuse029_x264,motion_0113.jpg,70,MODERATE,2700.38,SHARP,67.04,DARK,77.4,GOOD,92.2,SHARP,51.97,HIGH,320x240,"Increase Brightness, Apply Denoising"
Abuse029_x264,motion_0114.jpg,70,MODERATE,2696.06,SHARP,66.97,DARK,77.28,GOOD,92.3,SHARP,51.92,HIGH,320x240,"Increase Brightness, Apply Denoising"
Abuse029_x264,motion_0115.jpg,70,MODERATE,2679.18,SHARP,67.06,DARK,77.32,GOOD,92.49,SHARP,51.76,HIGH,320x240,"Increase Brightness, Apply Denoising"
Abuse029_x264,motion_0116.jpg,70,MODERATE,2678.44,SHARP,67.11,DARK,77.24,GOOD,92.64,SHARP,51.75,HIGH,320x240,"Increase Brightness, Apply Denoising"
Abuse029_x264,motion_0117.jpg,70,MODERATE,2689.76,SHARP,67.1,DARK,77.2,GOOD,92.91,SHARP,51.86,HIGH,320x240,"Increase Brightness, Apply Denoising"
Abuse029_x264,motion_0118.jpg,70,MODERATE,2689.3,SHARP,67.14,DARK,77.1,GOOD,92.71,SHARP,51.86,HIGH,320x240,"Increase Brightness, Apply Denoising"
Abuse029_x264,motion_0119.jpg,70,MODERATE,2698.88,SHARP,67.14,DARK,77.02,GOOD,92.43,SHARP,51.95,HIGH,320x240,"Increase Brightness, Apply Denoising"
Abuse029_x264,motion_0120.jpg,70,MODERATE,2691.21,SHARP,67.21,DARK,77.02,GOOD,92.26,SHARP,51.88,HIGH,320x240,"Increase Brightness, Apply Denoising"
Abuse029_x264,motion_0121.jpg,70,MODERATE,2696.96,SHARP,67.28,DARK,77.08,GOOD,92.44,SHARP,51.93,HIGH,320x240,"Increase Brightness, Apply Denoising"
Abuse029_x264,motion_0122.jpg,70,MODERATE,2702.94,SHARP,67.36,DARK,77.06,GOOD,92.52,SHARP,51.99,HIGH,320x240,"Increase Brightness, Apply Denoising"
Abuse029_x264,motion_0123.jpg,70,MODERATE,2577.28,SHARP,66.1,DARK,76.64,GOOD,90.9,SHARP,50.77,HIGH,320x240,"Increase Brightness, Apply Denoising"
Abuse029_x264,motion_0124.jpg,70,MODERATE,2564.52,SHARP,66.08,DARK,76.62,GOOD,90.78,SHARP,50.64,HIGH,320x240,"Increase Brightness, Apply Denoising"
Abuse029_x264,motion_0125.jpg,70,MODERATE,2551.28,SHARP,66.04,DARK,76.54,GOOD,90.57,SHARP,50.51,HIGH,320x240,"Increase Brightness, Apply Denoising"
Abuse029_x264,motion_0126.jpg,70,MODERATE,2534.29,SHARP,66.04,DARK,76.54,GOOD,90.43,SHARP,50.34,HIGH,320x240,"Increase Brightness, Apply Denoising"
Abuse029_x264,motion_0127.jpg,70,MODERATE,2525.09,SHARP,66.14,DARK,76.61,GOOD,90.5,SHARP,50.25,HIGH,320x240,"Increase Brightness, Apply Denoising"
Abuse029_x264,motion_0128.jpg,70,MODERATE,2523.65,SHARP,66.28,DARK,76.7,GOOD,90.34,SHARP,50.24,HIGH,320x240,"Increase Brightness, Apply Denoising"
Abuse029_x264,motion_0129.jpg,70,MODERATE,2509.68,SHARP,66.37,DARK,76.75,GOOD,90.0,SHARP,50.1,HIGH,320x240,"Increase Brightness, Apply Denoising"
Abuse029_x264,motion_0130.jpg,70,MODERATE,2486.7,SHARP,66.48,DARK,76.86,GOOD,89.91,SHARP,49.87,HIGH,320x240,"Increase Brightness, Apply Denoising"
Abuse029_x264,motion_0131.jpg,70,MODERATE,2485.7,SHARP,66.57,DARK,76.93,GOOD,90.12,SHARP,49.86,HIGH,320x240,"Increase Brightness, Apply Denoising"
Abuse029_x264,motion_0132.jpg,70,MODERATE,2492.88,SHARP,66.68,DARK,77.06,GOOD,90.21,SHARP,49.93,HIGH,320x240,"Increase Brightness, Apply Denoising"
Abuse029_x264,motion_0133.jpg,70,MODERATE,2498.23,SHARP,66.75,DARK,77.14,GOOD,90.29,SHARP,49.98,HIGH,320x240,"Increase Brightness, Apply Denoising"
Abuse029_x264,motion_0134.jpg,70,MODERATE,2495.38,SHARP,66.78,DARK,77.2,GOOD,90.3,SHARP,49.95,HIGH,320x240,"Increase Brightness, Apply Denoising"
Abuse029_x264,motion_0135.jpg,70,MODERATE,2494.3,SHARP,66.81,DARK,77.24,GOOD,90.21,SHARP,49.94,HIGH,320x240,"Increase Brightness, Apply Denoising"
Abuse029_x264,motion_0136.jpg,70,MODERATE,2484.47,SHARP,66.8,DARK,77.26,GOOD,90.01,SHARP,49.84,HIGH,320x240,"Increase Brightness, Apply Denoising"
Abuse029_x264,motion_0137.jpg,70,MODERATE,2489.64,SHARP,66.77,DARK,77.24,GOOD,89.98,SHARP,49.9,HIGH,320x240,"Increase Brightness, Apply Denoising"
Abuse029_x264,motion_0138.jpg,70,MODERATE,2489.67,SHARP,66.72,DARK,77.19,GOOD,89.99,SHARP,49.9,HIGH,320x240,"Increase Brightness, Apply Denoising"
Abuse029_x264,motion_0139.jpg,70,MODERATE,2486.91,SHARP,66.65,DARK,77.13,GOOD,90.02,SHARP,49.87,HIGH,320x240,"Increase Brightness, Apply Denoising"
Abuse029_x264,motion_0140.jpg,70,MODERATE,2488.0,SHARP,66.61,DARK,77.1,GOOD,90.08,SHARP,49.88,HIGH,320x240,"Increase Brightness, Apply Denoising"
Abuse029_x264,motion_0141.jpg,70,MODERATE,2488.53,SHARP,66.59,DARK,77.09,GOOD,90.08,SHARP,49.89,HIGH,320x240,"Increase Brightness, Apply Denoising"
Abuse029_x264,motion_0142.jpg,70,MODERATE,2501.91,SHARP,66.59,DARK,77.08,GOOD,90.11,SHARP,50.02,HIGH,320x240,"Increase Brightness, Apply Denoising"
Abuse029_x264,motion_0143.jpg,70,MODERATE,2498.73,SHARP,66.6,DARK,77.08,GOOD,90.09,SHARP,49.99,HIGH,320x240,"Increase Brightness, Apply Denoising"
Abuse029_x264,motion_0144.jpg,70,MODERATE,2502.66,SHARP,66.6,DARK,77.07,GOOD,90.19,SHARP,50.03,HIGH,320x240,"Increase Brightness, Apply Denoising"
Abuse029_x264,motion_0145.jpg,70,MODERATE,2510.52,SHARP,66.6,DARK,77.05,GOOD,90.3,SHARP,50.11,HIGH,320x240,"Increase Brightness, Apply Denoising"
Abuse029_x264,motion_0146.jpg,70,MODERATE,2515.9,SHARP,66.63,DARK,77.06,GOOD,90.38,SHARP,50.16,HIGH,320x240,"Increase Brightness, Apply Denoising"
Abuse029_x264,motion_0147.jpg,70,MODERATE,2519.99,SHARP,66.65,DARK,77.04,GOOD,90.59,SHARP,50.2,HIGH,320x240,"Increase Brightness, Apply Denoising"
Abuse029_x264,motion_0148.jpg,70,MODERATE,2528.22,SHARP,66.64,DARK,76.98,GOOD,90.63,SHARP,50.28,HIGH,320x240,"Increase Brightness, Apply Denoising"
Abuse029_x264,motion_0149.jpg,70,MODERATE,2529.03,SHARP,66.6,DARK,76.9,GOOD,90.63,SHARP,50.29,HIGH,320x240,"Increase Brightness, Apply Denoising"
Abuse029_x264,motion_0150.jpg,70,MODERATE,2566.79,SHARP,66.52,DARK,76.81,GOOD,91.04,SHARP,50.66,HIGH,320x240,"Increase Brightness, Apply Denoising"
Abuse029_x264,motion_0151.jpg,70,MODERATE,2604.26,SHARP,66.43,DARK,76.73,GOOD,91.52,SHARP,51.03,HIGH,320x240,"Increase Brightness, Apply Denoising"
Abuse029_x264,motion_0152.jpg,70,MODERATE,2596.2,SHARP,66.35,DARK,76.59,GOOD,91.51,SHARP,50.95,HIGH,320x240,"Increase Brightness, Apply Denoising"
Abuse029_x264,motion_0153.jpg,70,MODERATE,2619.83,SHARP,66.29,DARK,76.52,GOOD,91.73,SHARP,51.18,HIGH,320x240,"Increase Brightness, Apply Denoising"
Abuse029_x264,motion_0154.jpg,70,MODERATE,2640.72,SHARP,66.23,DARK,76.43,GOOD,91.93,SHARP,51.39,HIGH,320x240,"Increase Brightness, Apply Denoising"
Abuse029_x264,motion_0155.jpg,70,MODERATE,2661.24,SHARP,66.33,DARK,76.54,GOOD,92.27,SHARP,51.59,HIGH,320x240,"Increase Brightness, Apply Denoising"
Abuse029_x264,motion_0156.jpg,70,MODERATE,2656.11,SHARP,66.35,DARK,76.53,GOOD,92.2,SHARP,51.54,HIGH,320x240,"Increase Brightness, Apply Denoising"
Abuse029_x264,motion_0157.jpg,70,MODERATE,2661.73,SHARP,66.32,DARK,76.47,GOOD,92.13,SHARP,51.59,HIGH,320x240,"Increase Brightness, Apply Denoising"
Abuse029_x264,motion_0158.jpg,70,MODERATE,2674.84,SHARP,66.27,DARK,76.49,GOOD,92.39,SHARP,51.72,HIGH,320x240,"Increase Brightness, Apply Denoising"
Abuse029_x264,motion_0159.jpg,70,MODERATE,2648.27,SHARP,66.39,DARK,76.59,GOOD,92.12,SHARP,51.46,HIGH,320x240,"Increase Brightness, Apply Denoising"
Abuse029_x264,motion_0160.jpg,70,MODERATE,2629.65,SHARP,66.56,DARK,76.75,GOOD,91.9,SHARP,51.28,HIGH,320x240,"Increase Brightness, Apply Denoising"
Abuse029_x264,motion_0161.jpg,70,MODERATE,2615.98,SHARP,66.62,DARK,76.82,GOOD,91.76,SHARP,51.15,HIGH,320x240,"Increase Brightness, Apply Denoising"
Abuse029_x264,motion_0162.jpg,70,MODERATE,2613.41,SHARP,66.7,DARK,76.91,GOOD,91.62,SHARP,51.12,HIGH,320x240,"Increase Brightness, Apply Denoising"
Abuse029_x264,motion_0163.jpg,70,MODERATE,2606.52,SHARP,66.72,DARK,76.94,GOOD,91.55,SHARP,51.05,HIGH,320x240,"Increase Brightness, Apply Denoising"
Abuse029_x264,motion_0164.jpg,70,MODERATE,2614.2,SHARP,66.82,DARK,77.01,GOOD,91.75,SHARP,51.13,HIGH,320x240,"Increase Brightness, Apply Denoising"
Abuse029_x264,motion_0165.jpg,70,MODERATE,2600.92,SHARP,66.86,DARK,77.04,GOOD,91.57,SHARP,51.0,HIGH,320x240,"Increase Brightness, Apply Denoising"
Arson007_x264,motion_0000.jpg,70,MODERATE,2063.81,SHARP,50.53,DARK,56.4,GOOD,50.48,SHARP,45.43,HIGH,320x240,"Increase Brightness, Apply Denoising"
Arson007_x264,motion_0001.jpg,70,MODERATE,2103.48,SHARP,50.58,DARK,56.5,GOOD,51.27,SHARP,45.86,HIGH,320x240,"Increase Brightness, Apply Denoising"
Arson007_x264,motion_0002.jpg,70,MODERATE,2129.5,SHARP,50.74,DARK,56.54,GOOD,51.64,SHARP,46.15,HIGH,320x240,"Increase Brightness, Apply Denoising"
Arson007_x264,motion_0003.jpg,70,MODERATE,2103.18,SHARP,50.62,DARK,56.45,GOOD,51.15,SHARP,45.86,HIGH,320x240,"Increase Brightness, Apply Denoising"
Arson007_x264,motion_0004.jpg,70,MODERATE,2081.99,SHARP,50.67,DARK,56.51,GOOD,51.37,SHARP,45.63,HIGH,320x240,"Increase Brightness, Apply Denoising"
Arson007_x264,motion_0005.jpg,70,MODERATE,2073.02,SHARP,50.64,DARK,56.44,GOOD,51.08,SHARP,45.53,HIGH,320x240,"Increase Brightness, Apply Denoising"
Arson007_x264,motion_0006.jpg,70,MODERATE,2096.4,SHARP,50.93,DARK,56.52,GOOD,51.3,SHARP,45.79,HIGH,320x240,"Increase Brightness, Apply Denoising"
Arson007_x264,motion_0007.jpg,70,MODERATE,2131.48,SHARP,51.18,DARK,56.7,GOOD,52.14,SHARP,46.17,HIGH,320x240,"Increase Brightness, Apply Denoising"
Arson007_x264,motion_0008.jpg,70,MODERATE,2192.21,SHARP,52.4,DARK,57.01,GOOD,53.26,SHARP,46.82,HIGH,320x240,"Increase Brightness, Apply Denoising"
Arson007_x264,motion_0009.jpg,70,MODERATE,2173.44,SHARP,51.78,DARK,56.95,GOOD,53.03,SHARP,46.62,HIGH,320x240,"Increase Brightness, Apply Denoising"
Arson007_x264,motion_0010.jpg,70,MODERATE,2157.97,SHARP,51.73,DARK,56.75,GOOD,52.69,SHARP,46.45,HIGH,320x240,"Increase Brightness, Apply Denoising"
Arson007_x264,motion_0011.jpg,70,MODERATE,2134.91,SHARP,51.55,DARK,56.69,GOOD,52.42,SHARP,46.21,HIGH,320x240,"Increase Brightness, Apply Denoising"
Arson007_x264,motion_0012.jpg,70,MODERATE,2154.7,SHARP,51.97,DARK,56.85,GOOD,53.21,SHARP,46.42,HIGH,320x240,"Increase Brightness, Apply Denoising"
Arson007_x264,motion_0013.jpg,70,MODERATE,2145.27,SHARP,51.44,DARK,56.6,GOOD,52.55,SHARP,46.32,HIGH,320x240,"Increase Brightness, Apply Denoising"
Arson007_x264,motion_0014.jpg,70,MODERATE,2179.19,SHARP,51.82,DARK,56.92,GOOD,53.35,SHARP,46.68,HIGH,320x240,"Increase Brightness, Apply Denoising"
Arson007_x264,motion_0015.jpg,70,MODERATE,2164.11,SHARP,51.69,DARK,56.78,GOOD,52.95,SHARP,46.52,HIGH,320x240,"Increase Brightness, Apply Denoising"
Arson007_x264,motion_0016.jpg,70,MODERATE,2153.56,SHARP,51.52,DARK,56.64,GOOD,52.54,SHARP,46.41,HIGH,320x240,"Increase Brightness, Apply Denoising"
Arson007_x264,motion_0017.jpg,70,MODERATE,2149.05,SHARP,51.29,DARK,56.64,GOOD,52.46,SHARP,46.36,HIGH,320x240,"Increase Brightness, Apply Denoising"
Arson007_x264,motion_0018.jpg,70,MODERATE,2154.43,SHARP,51.34,DARK,56.59,GOOD,52.39,SHARP,46.42,HIGH,320x240,"Increase Brightness, Apply Denoising"
Arson007_x264,motion_0019.jpg,70,MODERATE,2145.42,SHARP,51.11,DARK,56.54,GOOD,52.21,SHARP,46.32,HIGH,320x240,"Increase Brightness, Apply Denoising"
Arson007_x264,motion_0020.jpg,70,MODERATE,2126.69,SHARP,50.92,DARK,56.35,GOOD,51.65,SHARP,46.12,HIGH,320x240,"Increase Brightness, Apply Denoising"
Arson007_x264,motion_0021.jpg,70,MODERATE,2147.52,SHARP,51.44,DARK,56.79,GOOD,52.67,SHARP,46.34,HIGH,320x240,"Increase Brightness, Apply Denoising"
Arson007_x264,motion_0022.jpg,70,MODERATE,2190.54,SHARP,51.91,DARK,57.15,GOOD,53.65,SHARP,46.8,HIGH,320x240,"Increase Brightness, Apply Denoising"
Arson007_x264,motion_0023.jpg,70,MODERATE,2177.87,SHARP,51.78,DARK,56.91,GOOD,53.1,SHARP,46.67,HIGH,320x240,"Increase Brightness, Apply Denoising"
Arson007_x264,motion_0024.jpg,70,MODERATE,2200.12,SHARP,52.47,DARK,57.31,GOOD,53.95,SHARP,46.91,HIGH,320x240,"Increase Brightness, Apply Denoising"
Arson007_x264,motion_0025.jpg,70,MODERATE,2134.13,SHARP,51.43,DARK,56.55,GOOD,51.94,SHARP,46.2,HIGH,320x240,"Increase Brightness, Apply Denoising"
Arson007_x264,motion_0026.jpg,70,MODERATE,2131.94,SHARP,51.5,DARK,56.71,GOOD,52.49,SHARP,46.17,HIGH,320x240,"Increase Brightness, Apply Denoising"
Arson007_x264,motion_0027.jpg,70,MODERATE,2147.06,SHARP,51.59,DARK,56.89,GOOD,52.92,SHARP,46.34,HIGH,320x240,"Increase Brightness, Apply Denoising"
Arson007_x264,motion_0028.jpg,70,MODERATE,2148.99,SHARP,51.66,DARK,56.87,GOOD,52.94,SHARP,46.36,HIGH,320x240,"Increase Brightness, Apply Denoising"
Arson007_x264,motion_0029.jpg,70,MODERATE,2197.94,SHARP,52.3,DARK,57.17,GOOD,53.8,SHARP,46.88,HIGH,320x240,"Increase Brightness, Apply Denoising"
Arson007_x264,motion_0030.jpg,70,MODERATE,2189.85,SHARP,52.16,DARK,57.01,GOOD,53.47,SHARP,46.8,HIGH,320x240,"Increase Brightness, Apply Denoising"
Arson007_x264,motion_0031.jpg,70,MODERATE,2168.22,SHARP,51.92,DARK,56.85,GOOD,52.92,SHARP,46.56,HIGH,320x240,"Increase Brightness, Apply Denoising"
Arson007_x264,motion_0032.jpg,70,MODERATE,2185.57,SHARP,52.06,DARK,57.11,GOOD,53.47,SHARP,46.75,HIGH,320x240,"Increase Brightness, Apply Denoising"
Arson007_x264,motion_0033.jpg,70,MODERATE,2196.0,SHARP,52.7,DARK,57.39,GOOD,54.21,SHARP,46.86,HIGH,320x240,"Increase Brightness, Apply Denoising"
Arson007_x264,motion_0034.jpg,70,MODERATE,2178.05,SHARP,52.41,DARK,57.12,GOOD,53.69,SHARP,46.67,HIGH,320x240,"Increase Brightness, Apply Denoising"
Arson007_x264,motion_0035.jpg,70,MODERATE,2204.24,SHARP,53.17,DARK,57.65,GOOD,54.9,SHARP,46.95,HIGH,320x240,"Increase Brightness, Apply Denoising"
Arson007_x264,motion_0036.jpg,70,MODERATE,2190.53,SHARP,52.96,DARK,57.41,GOOD,54.31,SHARP,46.8,HIGH,320x240,"Increase Brightness, Apply Denoising"
Arson007_x264,motion_0037.jpg,70,MODERATE,2201.57,SHARP,53.32,DARK,57.76,GOOD,54.85,SHARP,46.92,HIGH,320x240,"Increase Brightness, Apply Denoising"
Arson007_x264,motion_0038.jpg,70,MODERATE,2247.97,SHARP,53.74,DARK,58.09,GOOD,56.03,SHARP,47.41,HIGH,320x240,"Increase Brightness, Apply Denoising"
Arson007_x264,motion_0039.jpg,70,MODERATE,2369.27,SHARP,55.89,DARK,59.88,GOOD,59.74,SHARP,48.68,HIGH,320x240,"Increase Brightness, Apply Denoising"
Arson007_x264,motion_0040.jpg,70,MODERATE,2452.81,SHARP,57.4,DARK,61.13,GOOD,61.96,SHARP,49.53,HIGH,320x240,"Increase Brightness, Apply Denoising"
Arson007_x264,motion_0041.jpg,70,MODERATE,2440.36,SHARP,56.69,DARK,60.39,GOOD,60.91,SHARP,49.4,HIGH,320x240,"Increase Brightness, Apply Denoising"
Arson007_x264,motion_0042.jpg,70,MODERATE,2313.39,SHARP,54.31,DARK,58.42,GOOD,57.13,SHARP,48.1,HIGH,320x240,"Increase Brightness, Apply Denoising"
Arson007_x264,motion_0043.jpg,70,MODERATE,2240.54,SHARP,53.03,DARK,57.39,GOOD,55.32,SHARP,47.33,HIGH,320x240,"Increase Brightness, Apply Denoising"
Arson007_x264,motion_0044.jpg,70,MODERATE,2298.08,SHARP,54.18,DARK,58.5,GOOD,57.68,SHARP,47.94,HIGH,320x240,"Increase Brightness, Apply Denoising"
Arson007_x264,motion_0045.jpg,70,MODERATE,2283.8,SHARP,53.88,DARK,58.17,GOOD,57.02,SHARP,47.79,HIGH,320x240,"Increase Brightness, Apply Denoising"
Arson007_x264,motion_0046.jpg,70,MODERATE,2198.59,SHARP,52.87,DARK,57.48,GOOD,54.9,SHARP,46.89,HIGH,320x240,"Increase Brightness, Apply Denoising"
Arson007_x264,motion_0047.jpg,70,MODERATE,2221.22,SHARP,53.28,DARK,57.97,GOOD,55.7,SHARP,47.13,HIGH,320x240,"Increase Brightness, Apply Denoising"
Arson007_x264,motion_0048.jpg,70,MODERATE,2234.16,SHARP,53.43,DARK,58.1,GOOD,56.0,SHARP,47.27,HIGH,320x240,"Increase Brightness, Apply Denoising"
Arson007_x264,motion_0049.jpg,70,MODERATE,2233.35,SHARP,53.25,DARK,57.9,GOOD,55.75,SHARP,47.26,HIGH,320x240,"Increase Brightness, Apply Denoising"
Arson007_x264,motion_0050.jpg,70,MODERATE,2245.51,SHARP,53.24,DARK,57.9,GOOD,55.73,SHARP,47.39,HIGH,320x240,"Increase Brightness, Apply Denoising"
Arson007_x264,motion_0051.jpg,70,MODERATE,2236.74,SHARP,53.05,DARK,57.7,GOOD,55.26,SHARP,47.29,HIGH,320x240,"Increase Brightness, Apply Denoising"
Arson007_x264,motion_0052.jpg,70,MODERATE,2218.89,SHARP,52.76,DARK,57.46,GOOD,54.61,SHARP,47.11,HIGH,320x240,"Increase Brightness, Apply Denoising"
Arson007_x264,motion_0053.jpg,70,MODERATE,2231.07,SHARP,52.9,DARK,57.61,GOOD,54.92,SHARP,47.23,HIGH,320x240,"Increase Brightness, Apply Denoising"
Arson007_x264,motion_0054.jpg,70,MODERATE,2249.44,SHARP,53.36,DARK,58.01,GOOD,55.61,SHARP,47.43,HIGH,320x240,"Increase Brightness, Apply Denoising"
Arson007_x264,motion_0055.jpg,70,MODERATE,2210.03,SHARP,52.78,DARK,57.45,GOOD,54.6,SHARP,47.01,HIGH,320x240,"Increase Brightness, Apply Denoising"
Arson007_x264,motion_0056.jpg,70,MODERATE,2237.46,SHARP,53.03,DARK,57.74,GOOD,55.23,SHARP,47.3,HIGH,320x240,"Increase Brightness, Apply Denoising"
Arson007_x264,motion_0057.jpg,70,MODERATE,2230.74,SHARP,52.65,DARK,57.37,GOOD,54.67,SHARP,47.23,HIGH,320x240,"Increase Brightness, Apply Denoising"
Arson007_x264,motion_0058.jpg,70,MODERATE,2202.21,SHARP,52.27,DARK,57.02,GOOD,54.14,SHARP,46.93,HIGH,320x240,"Increase Brightness, Apply Denoising"
Arson007_x264,motion_0059.jpg,70,MODERATE,2197.91,SHARP,52.55,DARK,57.18,GOOD,54.26,SHARP,46.88,HIGH,320x240,"Increase Brightness, Apply Denoising"
Arson007_x264,motion_0060.jpg,70,MODERATE,2210.8,SHARP,53.01,DARK,57.63,GOOD,54.95,SHARP,47.02,HIGH,320x240,"Increase Brightness, Apply Denoising"
Arson007_x264,motion_0061.jpg,70,MODERATE,2221.75,SHARP,52.85,DARK,57.33,GOOD,54.6,SHARP,47.14,HIGH,320x240,"Increase Brightness, Apply Denoising"
Arson007_x264,motion_0062.jpg,70,MODERATE,2205.14,SHARP,52.56,DARK,57.13,GOOD,54.2,SHARP,46.96,HIGH,320x240,"Increase Brightness, Apply Denoising"
Arson007_x264,motion_0063.jpg,70,MODERATE,2185.75,SHARP,52.59,DARK,57.02,GOOD,53.86,SHARP,46.75,HIGH,320x240,"Increase Brightness, Apply Denoising"
Arson007_x264,motion_0064.jpg,70,MODERATE,2190.08,SHARP,52.47,DARK,56.93,GOOD,53.77,SHARP,46.8,HIGH,320x240,"Increase Brightness, Apply Denoising"
Arson007_x264,motion_0065.jpg,70,MODERATE,2224.17,SHARP,52.71,DARK,57.38,GOOD,54.55,SHARP,47.16,HIGH,320x240,"Increase Brightness, Apply Denoising"
Arson007_x264,motion_0066.jpg,70,MODERATE,2206.53,SHARP,52.37,DARK,57.01,GOOD,53.91,SHARP,46.97,HIGH,320x240,"Increase Brightness, Apply Denoising"
Arson007_x264,motion_0067.jpg,70,MODERATE,2222.69,SHARP,52.47,DARK,57.25,GOOD,54.47,SHARP,47.15,HIGH,320x240,"Increase Brightness, Apply Denoising"
Arson007_x264,motion_0068.jpg,70,MODERATE,2243.87,SHARP,52.82,DARK,57.55,GOOD,55.05,SHARP,47.37,HIGH,320x240,"Increase Brightness, Apply Denoising"
Arson007_x264,motion_0069.jpg,70,MODERATE,2217.62,SHARP,52.56,DARK,57.25,GOOD,54.45,SHARP,47.09,HIGH,320x240,"Increase Brightness, Apply Denoising"
Arson007_x264,motion_0070.jpg,70,MODERATE,2214.11,SHARP,52.56,DARK,57.25,GOOD,54.43,SHARP,47.05,HIGH,320x240,"Increase Brightness, Apply Denoising"
Arson007_x264,motion_0071.jpg,70,MODERATE,2236.67,SHARP,53.02,DARK,57.63,GOOD,55.03,SHARP,47.29,HIGH,320x240,"Increase Brightness, Apply Denoising"
Arson007_x264,motion_0072.jpg,70,MODERATE,2235.33,SHARP,53.0,DARK,57.59,GOOD,54.94,SHARP,47.28,HIGH,320x240,"Increase Brightness, Apply Denoising"
Arson007_x264,motion_0073.jpg,70,MODERATE,2227.5,SHARP,53.07,DARK,57.67,GOOD,55.1,SHARP,47.2,HIGH,320x240,"Increase Brightness, Apply Denoising"
Arson007_x264,motion_0074.jpg,70,MODERATE,2265.33,SHARP,53.92,DARK,58.37,GOOD,56.45,SHARP,47.6,HIGH,320x240,"Increase Brightness, Apply Denoising"
Arson007_x264,motion_0075.jpg,70,MODERATE,2246.82,SHARP,53.69,DARK,58.11,GOOD,56.01,SHARP,47.4,HIGH,320x240,"Increase Brightness, Apply Denoising"
Arson007_x264,motion_0076.jpg,70,MODERATE,2235.93,SHARP,53.4,DARK,57.87,GOOD,55.71,SHARP,47.29,HIGH,320x240,"Increase Brightness, Apply Denoising"
Arson007_x264,motion_0077.jpg,70,MODERATE,2237.95,SHARP,53.47,DARK,57.98,GOOD,55.93,SHARP,47.31,HIGH,320x240,"Increase Brightness, Apply Denoising"
Arson007_x264,motion_0078.jpg,70,MODERATE,2242.29,SHARP,53.54,DARK,58.05,GOOD,56.15,SHARP,47.35,HIGH,320x240,"Increase Brightness, Apply Denoising"
Arson007_x264,motion_0079.jpg,70,MODERATE,2234.98,SHARP,53.37,DARK,57.82,GOOD,55.95,SHARP,47.28,HIGH,320x240,"Increase Brightness, Apply Denoising"
Arson007_x264,motion_0080.jpg,70,MODERATE,2231.42,SHARP,53.02,DARK,57.47,GOOD,55.36,SHARP,47.24,HIGH,320x240,"Increase Brightness, Apply Denoising"
Arson007_x264,motion_0081.jpg,70,MODERATE,2236.07,SHARP,53.05,DARK,57.52,GOOD,55.54,SHARP,47.29,HIGH,320x240,"Increase Brightness, Apply Denoising"
Arson007_x264,motion_0082.jpg,70,MODERATE,2235.67,SHARP,53.09,DARK,57.75,GOOD,55.71,SHARP,47.28,HIGH,320x240,"Increase Brightness, Apply Denoising"
Arson007_x264,motion_0083.jpg,70,MODERATE,2250.88,SHARP,53.74,DARK,58.35,GOOD,56.54,SHARP,47.44,HIGH,320x240,"Increase Brightness, Apply Denoising"
Arson007_x264,motion_0084.jpg,70,MODERATE,2255.15,SHARP,53.88,DARK,58.45,GOOD,56.64,SHARP,47.49,HIGH,320x240,"Increase Brightness, Apply Denoising"
Arson007_x264,motion_0085.jpg,70,MODERATE,2270.65,SHARP,53.97,DARK,58.42,GOOD,56.78,SHARP,47.65,HIGH,320x240,"Increase Brightness, Apply Denoising"
Arson007_x264,motion_0086.jpg,70,MODERATE,2261.86,SHARP,53.95,DARK,58.35,GOOD,56.54,SHARP,47.56,HIGH,320x240,"Increase Brightness, Apply Denoising"
Arson007_x264,motion_0087.jpg,70,MODERATE,2264.4,SHARP,54.07,DARK,58.46,GOOD,56.6,SHARP,47.59,HIGH,320x240,"Increase Brightness, Apply Denoising"
Arson007_x264,motion_0088.jpg,70,MODERATE,2234.31,SHARP,53.08,DARK,57.5,GOOD,54.94,SHARP,47.27,HIGH,320x240,"Increase Brightness, Apply Denoising"
Arson007_x264,motion_0089.jpg,70,MODERATE,2153.85,SHARP,51.26,DARK,56.23,GOOD,52.84,SHARP,46.41,HIGH,320x240,"Increase Brightness, Apply Denoising"
Arson007_x264,motion_0090.jpg,70,MODERATE,2172.55,SHARP,52.09,DARK,57.11,GOOD,53.76,SHARP,46.61,HIGH,320x240,"Increase Brightness, Apply Denoising"
Arson007_x264,motion_0091.jpg,70,MODERATE,2145.43,SHARP,50.69,DARK,55.84,GOOD,52.09,SHARP,46.32,HIGH,320x240,"Increase Brightness, Apply Denoising"
Arson007_x264,motion_0092.jpg,70,MODERATE,2151.02,SHARP,51.0,DARK,56.23,GOOD,52.49,SHARP,46.38,HIGH,320x240,"Increase Brightness, Apply Denoising"
Arson007_x264,motion_0093.jpg,70,MODERATE,2169.32,SHARP,51.56,DARK,56.71,GOOD,53.11,SHARP,46.58,HIGH,320x240,"Increase Brightness, Apply Denoising"
Arson007_x264,motion_0094.jpg,70,MODERATE,2198.57,SHARP,52.33,DARK,57.39,GOOD,54.15,SHARP,46.89,HIGH,320x240,"Increase Brightness, Apply Denoising"
Arson007_x264,motion_0095.jpg,70,MODERATE,2190.81,SHARP,51.97,DARK,56.98,GOOD,53.58,SHARP,46.81,HIGH,320x240,"Increase Brightness, Apply Denoising"
Arson007_x264,motion_0096.jpg,70,MODERATE,2198.89,SHARP,52.24,DARK,57.34,GOOD,54.04,SHARP,46.89,HIGH,320x240,"Increase Brightness, Apply Denoising"
Arson007_x264,motion_0097.jpg,70,MODERATE,2202.62,SHARP,51.77,DARK,56.74,GOOD,53.48,SHARP,46.93,HIGH,320x240,"Increase Brightness, Apply Denoising"
Arson007_x264,motion_0098.jpg,70,MODERATE,2189.31,SHARP,51.71,DARK,56.87,GOOD,53.38,SHARP,46.79,HIGH,320x240,"Increase Brightness, Apply Denoising"
Arson007_x264,motion_0099.jpg,70,MODERATE,2206.58,SHARP,52.28,DARK,57.38,GOOD,54.16,SHARP,46.97,HIGH,320x240,"Increase Brightness, Apply Denoising"
Arson007_x264,motion_0100.jpg,70,MODERATE,2194.72,SHARP,51.81,DARK,56.85,GOOD,53.55,SHARP,46.85,HIGH,320x240,"Increase Brightness, Apply Denoising"
Arson007_x264,motion_0101.jpg,70,MODERATE,2222.78,SHARP,52.33,DARK,57.5,GOOD,54.39,SHARP,47.15,HIGH,320x240,"Increase Brightness, Apply Denoising"
Arson007_x264,motion_0102.jpg,70,MODERATE,2186.2,SHARP,51.52,DARK,56.54,GOOD,53.14,SHARP,46.76,HIGH,320x240,"Increase Brightness, Apply Denoising"
Arson007_x264,motion_0103.jpg,70,MODERATE,2193.58,SHARP,51.91,DARK,57.04,GOOD,53.75,SHARP,46.84,HIGH,320x240,"Increase Brightness, Apply Denoising"
Arson007_x264,motion_0104.jpg,70,MODERATE,2189.75,SHARP,51.59,DARK,56.66,GOOD,53.37,SHARP,46.79,HIGH,320x240,"Increase Brightness, Apply Denoising"
Arson007_x264,motion_0105.jpg,70,MODERATE,2191.14,SHARP,51.91,DARK,56.96,GOOD,54.06,SHARP,46.81,HIGH,320x240,"Increase Brightness, Apply Denoising"
Arson007_x264,motion_0106.jpg,70,MODERATE,2155.74,SHARP,51.0,DARK,56.05,GOOD,52.75,SHARP,46.43,HIGH,320x240,"Increase Brightness, Apply Denoising"
Arson007_x264,motion_0107.jpg,70,MODERATE,2217.34,SHARP,52.2,DARK,57.24,GOOD,54.55,SHARP,47.09,HIGH,320x240,"Increase Brightness, Apply Denoising"
Arson007_x264,motion_0108.jpg,70,MODERATE,2269.75,SHARP,53.5,DARK,58.18,GOOD,55.97,SHARP,47.64,HIGH,320x240,"Increase Brightness, Apply Denoising"
Arson007_x264,motion_0109.jpg,70,MODERATE,2251.1,SHARP,52.99,DARK,57.48,GOOD,55.06,SHARP,47.45,HIGH,320x240,"Increase Brightness, Apply Denoising"
Arson007_x264,motion_0110.jpg,70,MODERATE,2189.07,SHARP,50.64,DARK,55.57,GOOD,52.83,SHARP,46.79,HIGH,320x240,"Increase Brightness, Apply Denoising"
Arson007_x264,motion_0111.jpg,70,MODERATE,2192.19,SHARP,50.92,DARK,55.97,GOOD,53.07,SHARP,46.82,HIGH,320x240,"Increase Brightness, Apply Denoising"
Arson007_x264,motion_0112.jpg,70,MODERATE,2215.23,SHARP,51.91,DARK,56.92,GOOD,54.11,SHARP,47.07,HIGH,320x240,"Increase Brightness, Apply Denoising"
Arson007_x264,motion_0113.jpg,70,MODERATE,2256.27,SHARP,52.6,DARK,57.55,GOOD,54.71,SHARP,47.5,HIGH,320x240,"Increase Brightness, Apply Denoising"
Arson007_x264,motion_0114.jpg,70,MODERATE,2228.4,SHARP,52.05,DARK,56.87,GOOD,53.87,SHARP,47.21,HIGH,320x240,"Increase Brightness, Apply Denoising"
Arson007_x264,motion_0115.jpg,70,MODERATE,2178.63,SHARP,50.89,DARK,55.93,GOOD,52.3,SHARP,46.68,HIGH,320x240,"Increase Brightness, Apply Denoising"
Arson007_x264,motion_0116.jpg,70,MODERATE,2170.43,SHARP,50.54,DARK,55.65,GOOD,52.0,SHARP,46.59,HIGH,320x240,"Increase Brightness, Apply Denoising"
Arson007_x264,motion_0117.jpg,70,MODERATE,2159.56,SHARP,50.14,DARK,55.28,GOOD,51.65,SHARP,46.47,HIGH,320x240,"Increase Brightness, Apply Denoising"
Arson007_x264,motion_0118.jpg,70,MODERATE,2182.46,SHARP,50.76,DARK,55.95,GOOD,52.6,SHARP,46.72,HIGH,320x240,"Increase Brightness, Apply Denoising"
Arson007_x264,motion_0119.jpg,70,MODERATE,2193.37,SHARP,51.04,DARK,56.18,GOOD,52.9,SHARP,46.83,HIGH,320x240,"Increase Brightness, Apply Denoising"
Arson007_x264,motion_0120.jpg,70,MODERATE,2215.46,SHARP,51.5,DARK,56.6,GOOD,53.56,SHARP,47.07,HIGH,320x240,"Increase Brightness, Apply Denoising"
Arson007_x264,motion_0121.jpg,70,MODERATE,2236.07,SHARP,52.49,DARK,57.33,GOOD,54.36,SHARP,47.29,HIGH,320x240,"Increase Brightness, Apply Denoising"
Arson007_x264,motion_0122.jpg,70,MODERATE,2237.68,SHARP,52.06,DARK,56.82,GOOD,54.13,SHARP,47.3,HIGH,320x240,"Increase Brightness, Apply Denoising"
Arson007_x264,motion_0123.jpg,70,MODERATE,2238.39,SHARP,51.97,DARK,56.6,GOOD,53.94,SHARP,47.31,HIGH,320x240,"Increase Brightness, Apply Denoising"
Arson007_x264,motion_0124.jpg,70,MODERATE,2237.49,SHARP,52.15,DARK,56.88,GOOD,54.26,SHARP,47.3,HIGH,320x240,"Increase Brightness, Apply Denoising"
Arson007_x264,motion_0125.jpg,70,MODERATE,2205.81,SHARP,51.53,DARK,56.3,GOOD,53.23,SHARP,46.97,HIGH,320x240,"Increase Brightness, Apply Denoising"
Arson007_x264,motion_0126.jpg,70,MODERATE,2221.05,SHARP,51.91,DARK,56.88,GOOD,53.91,SHARP,47.13,HIGH,320x240,"Increase Brightness, Apply Denoising"
Arson007_x264,motion_0127.jpg,70,MODERATE,2172.54,SHARP,51.87,DARK,56.77,GOOD,53.71,SHARP,46.61,HIGH,320x240,"Increase Brightness, Apply Denoising"
Arson007_x264,motion_0128.jpg,70,MODERATE,2154.2,SHARP,51.06,DARK,56.33,GOOD,53.01,SHARP,46.41,HIGH,320x240,"Increase Brightness, Apply Denoising"
Arson007_x264,motion_0129.jpg,70,MODERATE,2164.21,SHARP,51.25,DARK,56.62,GOOD,53.28,SHARP,46.52,HIGH,320x240,"Increase Brightness, Apply Denoising"
Arson007_x264,motion_0130.jpg,70,MODERATE,2165.38,SHARP,51.49,DARK,56.83,GOOD,53.33,SHARP,46.53,HIGH,320x240,"Increase Brightness, Apply Denoising"
Arson007_x264,motion_0131.jpg,70,MODERATE,2168.48,SHARP,51.6,DARK,56.89,GOOD,53.4,SHARP,46.57,HIGH,320x240,"Increase Brightness, Apply Denoising"
Arson007_x264,motion_0132.jpg,70,MODERATE,2189.99,SHARP,52.14,DARK,57.43,GOOD,54.12,SHARP,46.8,HIGH,320x240,"Increase Brightness, Apply Denoising"
Arson007_x264,motion_0133.jpg,70,MODERATE,2217.41,SHARP,53.69,DARK,58.52,GOOD,55.45,SHARP,47.09,HIGH,320x240,"Increase Brightness, Apply Denoising"
Arson007_x264,motion_0134.jpg,70,MODERATE,2247.74,SHARP,54.74,DARK,59.32,GOOD,56.47,SHARP,47.41,HIGH,320x240,"Increase Brightness, Apply Denoising"
Arson007_x264,motion_0135.jpg,70,MODERATE,2222.87,SHARP,53.59,DARK,58.08,GOOD,55.14,SHARP,47.15,HIGH,320x240,"Increase Brightness, Apply Denoising"
Arson007_x264,motion_0136.jpg,70,MODERATE,2187.25,SHARP,52.25,DARK,57.03,GOOD,53.44,SHARP,46.77,HIGH,320x240,"Increase Brightness, Apply Denoising"
Arson007_x264,motion_0137.jpg,70,MODERATE,2167.47,SHARP,51.31,DARK,56.38,GOOD,52.56,SHARP,46.56,HIGH,320x240,"Increase Brightness, Apply Denoising"
Arson007_x264,motion_0138.jpg,70,MODERATE,2192.26,SHARP,52.14,DARK,57.15,GOOD,53.81,SHARP,46.82,HIGH,320x240,"Increase Brightness, Apply Denoising"
Arson007_x264,motion_0139.jpg,70,MODERATE,2171.76,SHARP,51.47,DARK,56.42,GOOD,52.97,SHARP,46.6,HIGH,320x240,"Increase Brightness, Apply Denoising"
Arson007_x264,motion_0140.jpg,70,MODERATE,2150.76,SHARP,50.71,DARK,55.74,GOOD,52.14,SHARP,46.38,HIGH,320x240,"Increase Brightness, Apply Denoising"
Arson007_x264,motion_0141.jpg,70,MODERATE,2157.04,SHARP,50.71,DARK,55.79,GOOD,52.3,SHARP,46.44,HIGH,320x240,"Increase Brightness, Apply Denoising"
Arson007_x264,motion_0142.jpg,70,MODERATE,2164.73,SHARP,50.95,DARK,56.12,GOOD,52.6,SHARP,46.53,HIGH,320x240,"Increase Brightness, Apply Denoising"
Arson007_x264,motion_0143.jpg,70,MODERATE,2169.84,SHARP,51.51,DARK,56.48,GOOD,53.08,SHARP,46.58,HIGH,320x240,"Increase Brightness, Apply Denoising"
Arson007_x264,motion_0144.jpg,70,MODERATE,2146.26,SHARP,51.09,DARK,56.1,GOOD,52.42,SHARP,46.33,HIGH,320x240,"Increase Brightness, Apply Denoising"
Arson007_x264,motion_0145.jpg,70,MODERATE,2188.01,SHARP,52.24,DARK,57.3,GOOD,53.65,SHARP,46.78,HIGH,320x240,"Increase Brightness, Apply Denoising"
Arson007_x264,motion_0146.jpg,70,MODERATE,2214.24,SHARP,53.19,DARK,58.1,GOOD,54.74,SHARP,47.06,HIGH,320x240,"Increase Brightness, Apply Denoising"
Arson007_x264,motion_0147.jpg,70,MODERATE,2170.13,SHARP,52.12,DARK,56.94,GOOD,53.13,SHARP,46.58,HIGH,320x240,"Increase Brightness, Apply Denoising"
Arson007_x264,motion_0148.jpg,70,MODERATE,2205.21,SHARP,52.1,DARK,57.02,GOOD,53.19,SHARP,46.96,HIGH,320x240,"Increase Brightness, Apply Denoising"
Arson007_x264,motion_0149.jpg,70,MODERATE,2193.08,SHARP,52.26,DARK,56.99,GOOD,52.89,SHARP,46.83,HIGH,320x240,"Increase Brightness, Apply Denoising"
Arson007_x264,motion_0150.jpg,70,MODERATE,2139.38,SHARP,51.41,DARK,56.22,GOOD,51.33,SHARP,46.25,HIGH,320x240,"Increase Brightness, Apply Denoising"
Arson007_x264,motion_0151.jpg,70,MODERATE,2165.4,SHARP,52.74,DARK,57.2,GOOD,52.48,SHARP,46.53,HIGH,320x240,"Increase Brightness, Apply Denoising"
Arson007_x264,motion_0152.jpg,70,MODERATE,2207.59,SHARP,54.01,DARK,58.05,GOOD,53.49,SHARP,46.98,HIGH,320x240,"Increase Brightness, Apply Denoising"
Arson007_x264,motion_0153.jpg,70,MODERATE,2195.05,SHARP,53.75,DARK,57.62,GOOD,53.02,SHARP,46.85,HIGH,320x240,"Increase Brightness, Apply Denoising"
Arson007_x264,motion_0154.jpg,70,MODERATE,2162.92,SHARP,53.32,DARK,57.15,GOOD,52.19,SHARP,46.51,HIGH,320x240,"Increase Brightness, Apply Denoising"
Arson007_x264,motion_0155.jpg,70,MODERATE,2163.1,SHARP,53.75,DARK,57.48,GOOD,52.47,SHARP,46.51,HIGH,320x240,"Increase Brightness, Apply Denoising"
Arson007_x264,motion_0156.jpg,70,MODERATE,2167.4,SHARP,54.56,DARK,58.11,GOOD,53.07,SHARP,46.56,HIGH,320x240,"Increase Brightness, Apply Denoising"
Arson007_x264,motion_0157.jpg,70,MODERATE,2145.27,SHARP,54.15,DARK,57.49,GOOD,52.25,SHARP,46.32,HIGH,320x240,"Increase Brightness, Apply Denoising"
Arson007_x264,motion_0158.jpg,70,MODERATE,2116.73,SHARP,53.98,DARK,57.17,GOOD,51.7,SHARP,46.01,HIGH,320x240,"Increase Brightness, Apply Denoising"
Arson007_x264,motion_0159.jpg,70,MODERATE,2120.94,SHARP,54.81,DARK,57.66,GOOD,52.12,SHARP,46.05,HIGH,320x240,"Increase Brightness, Apply Denoising"
Arson007_x264,motion_0160.jpg,70,MODERATE,2113.04,SHARP,55.03,DARK,57.36,GOOD,51.65,SHARP,45.97,HIGH,320x240,"Increase Brightness, Apply Denoising"
Arson007_x264,motion_0161.jpg,70,MODERATE,2084.79,SHARP,55.1,DARK,56.96,GOOD,50.96,SHARP,45.66,HIGH,320x240,"Increase Brightness, Apply Denoising"
Arson007_x264,motion_0162.jpg,70,MODERATE,2077.84,SHARP,54.96,DARK,56.61,GOOD,50.61,SHARP,45.58,HIGH,320x240,"Increase Brightness, Apply Denoising"
Arson007_x264,motion_0163.jpg,70,MODERATE,2066.16,SHARP,55.38,DARK,56.73,GOOD,50.61,SHARP,45.46,HIGH,320x240,"Increase Brightness, Apply Denoising"
Arson007_x264,motion_0164.jpg,70,MODERATE,2103.42,SHARP,56.17,DARK,57.27,GOOD,51.67,SHARP,45.86,HIGH,320x240,"Increase Brightness, Apply Denoising"
Arson007_x264,motion_0165.jpg,70,MODERATE,2068.88,SHARP,55.48,DARK,56.68,GOOD,50.71,SHARP,45.48,HIGH,320x240,"Increase Brightness, Apply Denoising"
Arson007_x264,motion_0166.jpg,70,MODERATE,2104.6,SHARP,56.33,DARK,57.52,GOOD,52.19,SHARP,45.88,HIGH,320x240,"Increase Brightness, Apply Denoising"
Arson007_x264,motion_0167.jpg,70,MODERATE,2108.54,SHARP,56.32,DARK,57.46,GOOD,51.97,SHARP,45.92,HIGH,320x240,"Increase Brightness, Apply Denoising"
Arson007_x264,motion_0168.jpg,70,MODERATE,2103.3,SHARP,56.52,DARK,57.59,GOOD,52.18,SHARP,45.86,HIGH,320x240,"Increase Brightness, Apply Denoising"
Arson007_x264,motion_0169.jpg,70,MODERATE,2079.99,SHARP,55.79,DARK,56.8,GOOD,51.09,SHARP,45.61,HIGH,320x240,"Increase Brightness, Apply Denoising"
Arson007_x264,motion_0170.jpg,70,MODERATE,2085.24,SHARP,56.17,DARK,57.0,GOOD,51.49,SHARP,45.66,HIGH,320x240,"Increase Brightness, Apply Denoising"
Arson007_x264,motion_0171.jpg,70,MODERATE,2099.47,SHARP,56.52,DARK,57.21,GOOD,51.88,SHARP,45.82,HIGH,320x240,"Increase Brightness, Apply Denoising"
Arson007_x264,motion_0172.jpg,70,MODERATE,2123.42,SHARP,56.82,DARK,57.24,GOOD,52.05,SHARP,46.08,HIGH,320x240,"Increase Brightness, Apply Denoising"
Arson007_x264,motion_0173.jpg,70,MODERATE,2138.91,SHARP,57.19,DARK,57.59,GOOD,52.5,SHARP,46.25,HIGH,320x240,"Increase Brightness, Apply Denoising"
Arson007_x264,motion_0174.jpg,70,MODERATE,2153.44,SHARP,57.63,DARK,57.89,GOOD,53.14,SHARP,46.41,HIGH,320x240,"Increase Brightness, Apply Denoising"
Arson007_x264,motion_0175.jpg,70,MODERATE,2209.02,SHARP,60.69,DARK,60.03,GOOD,56.23,SHARP,47.0,HIGH,320x240,"Increase Brightness, Apply Denoising"
Arson007_x264,motion_0176.jpg,70,MODERATE,2137.96,SHARP,59.9,DARK,58.11,GOOD,52.87,SHARP,46.24,HIGH,320x240,"Increase Brightness, Apply Denoising"
Arson007_x264,motion_0177.jpg,70,MODERATE,2116.67,SHARP,59.39,DARK,57.63,GOOD,52.18,SHARP,46.01,HIGH,320x240,"Increase Brightness, Apply Denoising"
Arson007_x264,motion_0178.jpg,70,MODERATE,2166.77,SHARP,61.16,DARK,59.61,GOOD,54.77,SHARP,46.55,HIGH,320x240,"Increase Brightness, Apply Denoising"
Arson007_x264,motion_0179.jpg,70,MODERATE,2207.56,SHARP,61.14,DARK,59.75,GOOD,55.23,SHARP,46.98,HIGH,320x240,"Increase Brightness, Apply Denoising"
Arson007_x264,motion_0180.jpg,70,MODERATE,2304.14,SHARP,62.41,DARK,60.93,GOOD,57.51,SHARP,48.0,HIGH,320x240,"Increase Brightness, Apply Denoising"
Arson007_x264,motion_0181.jpg,70,MODERATE,2301.67,SHARP,62.29,DARK,60.81,GOOD,57.22,SHARP,47.98,HIGH,320x240,"Increase Brightness, Apply Denoising"
Arson007_x264,motion_0182.jpg,70,MODERATE,2295.86,SHARP,62.92,DARK,61.19,GOOD,57.24,SHARP,47.92,HIGH,320x240,"Increase Brightness, Apply Denoising"
Arson007_x264,motion_0183.jpg,70,MODERATE,2300.22,SHARP,63.33,DARK,61.56,GOOD,57.44,SHARP,47.96,HIGH,320x240,"Increase Brightness, Apply Denoising"
Arson007_x264,motion_0184.jpg,70,MODERATE,2297.6,SHARP,61.87,DARK,60.43,GOOD,56.55,SHARP,47.93,HIGH,320x240,"Increase Brightness, Apply Denoising"
Arson007_x264,motion_0185.jpg,70,MODERATE,2261.68,SHARP,58.86,DARK,58.61,GOOD,55.18,SHARP,47.56,HIGH,320x240,"Increase Brightness, Apply Denoising"
Arson007_x264,motion_0186.jpg,70,MODERATE,2198.89,SHARP,56.41,DARK,56.91,GOOD,53.31,SHARP,46.89,HIGH,320x240,"Increase Brightness, Apply Denoising"
Arson007_x264,motion_0187.jpg,70,MODERATE,2204.75,SHARP,57.84,DARK,58.08,GOOD,55.16,SHARP,46.95,HIGH,320x240,"Increase Brightness, Apply Denoising"
Arson007_x264,motion_0188.jpg,70,MODERATE,2204.47,SHARP,56.92,DARK,56.94,GOOD,54.0,SHARP,46.95,HIGH,320x240,"Increase Brightness, Apply Denoising"
Arson007_x264,motion_0189.jpg,70,MODERATE,2193.83,SHARP,56.97,DARK,57.01,GOOD,53.84,SHARP,46.84,HIGH,320x240,"Increase Brightness, Apply Denoising"
Arson007_x264,motion_0190.jpg,70,MODERATE,2219.98,SHARP,58.03,DARK,58.08,GOOD,55.04,SHARP,47.12,HIGH,320x240,"Increase Brightness, Apply Denoising"
Arson007_x264,motion_0191.jpg,70,MODERATE,2195.84,SHARP,57.2,DARK,57.13,GOOD,54.01,SHARP,46.86,HIGH,320x240,"Increase Brightness, Apply Denoising"
Arson007_x264,motion_0192.jpg,70,MODERATE,2190.28,SHARP,56.77,DARK,57.26,GOOD,54.18,SHARP,46.8,HIGH,320x240,"Increase Brightness, Apply Denoising"
Arson007_x264,motion_0193.jpg,70,MODERATE,2162.8,SHARP,55.94,DARK,56.52,GOOD,53.29,SHARP,46.51,HIGH,320x240,"Increase Brightness, Apply Denoising"
Arson007_x264,motion_0194.jpg,70,MODERATE,2191.77,SHARP,56.44,DARK,57.3,GOOD,54.52,SHARP,46.82,HIGH,320x240,"Increase Brightness, Apply Denoising"
Arson007_x264,motion_0195.jpg,70,MODERATE,2233.15,SHARP,57.11,DARK,57.99,GOOD,55.87,SHARP,47.26,HIGH,320x240,"Increase Brightness, Apply Denoising"
Arson007_x264,motion_0196.jpg,70,MODERATE,2066.78,SHARP,55.63,DARK,57.05,GOOD,54.18,SHARP,45.46,HIGH,320x240,"Increase Brightness, Apply Denoising"
Arson007_x264,motion_0197.jpg,70,MODERATE,2008.15,SHARP,53.84,DARK,55.43,GOOD,52.3,SHARP,44.81,HIGH,320x240,"Increase Brightness, Apply Denoising"
Arson007_x264,motion_0198.jpg,70,MODERATE,1960.01,SHARP,51.49,DARK,54.25,GOOD,52.06,SHARP,44.27,HIGH,320x240,"Increase Brightness, Apply Denoising"
Arson007_x264,motion_0199.jpg,70,MODERATE,1971.39,SHARP,52.03,DARK,54.91,GOOD,52.33,SHARP,44.4,HIGH,320x240,"Increase Brightness, Apply Denoising"
Arson007_x264,motion_0200.jpg,55,MODERATE,1871.25,SHARP,50.11,DARK,52.58,GOOD,49.76,SOFT,43.26,HIGH,320x240,"Increase Brightness, Sharpen Image, Apply Denoising"
Arson007_x264,motion_0201.jpg,70,MODERATE,1890.08,SHARP,51.85,DARK,54.94,GOOD,51.95,SHARP,43.48,HIGH,320x240,"Increase Brightness, Apply Denoising"
Arson007_x264,motion_0202.jpg,70,MODERATE,1881.19,SHARP,51.25,DARK,53.94,GOOD,51.15,SHARP,43.37,HIGH,320x240,"Increase Brightness, Apply Denoising"
Arson007_x264,motion_0203.jpg,70,MODERATE,1866.76,SHARP,52.0,DARK,54.55,GOOD,51.05,SHARP,43.21,HIGH,320x240,"Increase Brightness, Apply Denoising"
Arson007_x264,motion_0204.jpg,70,MODERATE,1859.93,SHARP,50.54,DARK,53.98,GOOD,51.11,SHARP,43.13,HIGH,320x240,"Increase Brightness, Apply Denoising"
Arson007_x264,motion_0205.jpg,55,MODERATE,1670.62,SHARP,40.83,DARK,46.74,GOOD,43.4,SOFT,40.87,HIGH,320x240,"Increase Brightness, Sharpen Image, Apply Denoising"
Arson007_x264,motion_0206.jpg,45,POOR,1484.65,SHARP,28.97,DARK,39.94,LOW,37.59,SOFT,38.53,HIGH,320x240,"Increase Brightness, Enhance Contrast, Sharpen Image, Apply Denoising"
Arson007_x264,motion_0207.jpg,55,MODERATE,1779.31,SHARP,31.08,DARK,44.25,GOOD,48.29,SOFT,42.18,HIGH,320x240,"Increase Brightness, Sharpen Image, Apply Denoising"
Arson007_x264,motion_0208.jpg,70,MODERATE,1848.33,SHARP,33.76,DARK,46.0,GOOD,50.83,SHARP,42.99,HIGH,320x240,"Increase Brightness, Apply Denoising"
Arson007_x264,motion_0209.jpg,70,MODERATE,2072.29,SHARP,42.52,DARK,51.87,GOOD,57.01,SHARP,45.52,HIGH,320x240,"Increase Brightness, Apply Denoising"
Arson007_x264,motion_0210.jpg,70,MODERATE,2178.08,SHARP,48.35,DARK,56.28,GOOD,60.45,SHARP,46.67,HIGH,320x240,"Increase Brightness, Apply Denoising"
Arson007_x264,motion_0211.jpg,70,MODERATE,2033.9,SHARP,45.67,DARK,52.55,GOOD,57.05,SHARP,45.1,HIGH,320x240,"Increase Brightness, Apply Denoising"
Arson007_x264,motion_0212.jpg,70,MODERATE,1947.44,SHARP,46.15,DARK,51.16,GOOD,55.72,SHARP,44.13,HIGH,320x240,"Increase Brightness, Apply Denoising"
Arson007_x264,motion_0213.jpg,70,MODERATE,1964.55,SHARP,46.73,DARK,51.79,GOOD,56.43,SHARP,44.32,HIGH,320x240,"Increase Brightness, Apply Denoising"
Arson007_x264,motion_0214.jpg,70,MODERATE,2027.79,SHARP,53.08,DARK,56.18,GOOD,59.36,SHARP,45.03,HIGH,320x240,"Increase Brightness, Apply Denoising"
Arson007_x264,motion_0215.jpg,70,MODERATE,2090.4,SHARP,60.81,DARK,62.25,GOOD,61.77,SHARP,45.72,HIGH,320x240,"Increase Brightness, Apply Denoising"
Arson007_x264,motion_0216.jpg,70,MODERATE,2032.54,SHARP,56.76,DARK,57.93,GOOD,59.19,SHARP,45.08,HIGH,320x240,"Increase Brightness, Apply Denoising"
Arson007_x264,motion_0217.jpg,70,MODERATE,2050.25,SHARP,55.21,DARK,57.03,GOOD,59.16,SHARP,45.28,HIGH,320x240,"Increase Brightness, Apply Denoising"
Arson007_x264,motion_0218.jpg,70,MODERATE,2073.18,SHARP,54.94,DARK,56.65,GOOD,59.45,SHARP,45.53,HIGH,320x240,"Increase Brightness, Apply Denoising"
Arson007_x264,motion_0219.jpg,70,MODERATE,2111.64,SHARP,56.54,DARK,58.19,GOOD,61.0,SHARP,45.95,HIGH,320x240,"Increase Brightness, Apply Denoising"
Arson007_x264,motion_0220.jpg,70,MODERATE,2114.19,SHARP,58.15,DARK,59.02,GOOD,61.27,SHARP,45.98,HIGH,320x240,"Increase Brightness, Apply Denoising"
Arson007_x264,motion_0221.jpg,70,MODERATE,2130.23,SHARP,57.73,DARK,58.56,GOOD,61.39,SHARP,46.15,HIGH,320x240,"Increase Brightness, Apply Denoising"
Arson007_x264,motion_0222.jpg,70,MODERATE,2160.41,SHARP,59.19,DARK,60.39,GOOD,62.24,SHARP,46.48,HIGH,320x240,"Increase Brightness, Apply Denoising"
Arson007_x264,motion_0223.jpg,70,MODERATE,2158.57,SHARP,58.63,DARK,59.5,GOOD,62.01,SHARP,46.46,HIGH,320x240,"Increase Brightness, Apply Denoising"
Arson007_x264,motion_0224.jpg,70,MODERATE,2181.82,SHARP,58.57,DARK,59.59,GOOD,62.29,SHARP,46.71,HIGH,320x240,"Increase Brightness, Apply Denoising"
Arson007_x264,motion_0225.jpg,70,MODERATE,2220.32,SHARP,56.18,DARK,57.81,GOOD,62.61,SHARP,47.12,HIGH,320x240,"Increase Brightness, Apply Denoising"
Arson007_x264,motion_0226.jpg,70,MODERATE,2210.19,SHARP,54.16,DARK,55.78,GOOD,61.76,SHARP,47.01,HIGH,320x240,"Increase Brightness, Apply Denoising"
Arson007_x264,motion_0227.jpg,70,MODERATE,2246.6,SHARP,55.72,DARK,56.82,GOOD,62.79,SHARP,47.4,HIGH,320x240,"Increase Brightness, Apply Denoising"
Arson007_x264,motion_0228.jpg,70,MODERATE,2301.63,SHARP,57.79,DARK,58.24,GOOD,64.73,SHARP,47.98,HIGH,320x240,"Increase Brightness, Apply Denoising"
Arson007_x264,motion_0229.jpg,70,MODERATE,2311.05,SHARP,58.7,DARK,59.27,GOOD,65.25,SHARP,48.07,HIGH,320x240,"Increase Brightness, Apply Denoising"
Arson007_x264,motion_0230.jpg,70,MODERATE,2340.0,SHARP,60.44,DARK,61.1,GOOD,66.27,SHARP,48.37,HIGH,320x240,"Increase Brightness, Apply Denoising"
Arson007_x264,motion_0231.jpg,70,MODERATE,2320.94,SHARP,59.83,DARK,60.15,GOOD,65.5,SHARP,48.18,HIGH,320x240,"Increase Brightness, Apply Denoising"
Arson007_x264,motion_0232.jpg,70,MODERATE,2313.77,SHARP,58.41,DARK,58.93,GOOD,64.46,SHARP,48.1,HIGH,320x240,"Increase Brightness, Apply Denoising"
Arson007_x264,motion_0233.jpg,70,MODERATE,2321.45,SHARP,58.48,DARK,58.8,GOOD,64.34,SHARP,48.18,HIGH,320x240,"Increase Brightness, Apply Denoising"
Arson007_x264,motion_0234.jpg,70,MODERATE,2293.47,SHARP,58.55,DARK,58.11,GOOD,63.61,SHARP,47.89,HIGH,320x240,"Increase Brightness, Apply Denoising"
Arson007_x264,motion_0235.jpg,70,MODERATE,2307.19,SHARP,60.09,DARK,59.93,GOOD,64.33,SHARP,48.03,HIGH,320x240,"Increase Brightness, Apply Denoising"
Arson007_x264,motion_0236.jpg,70,MODERATE,2258.61,SHARP,57.73,DARK,57.96,GOOD,62.55,SHARP,47.52,HIGH,320x240,"Increase Brightness, Apply Denoising"
Arson007_x264,motion_0237.jpg,70,MODERATE,2213.47,SHARP,58.39,DARK,57.93,GOOD,61.6,SHARP,47.05,HIGH,320x240,"Increase Brightness, Apply Denoising"
Arson007_x264,motion_0238.jpg,70,MODERATE,2208.74,SHARP,58.87,DARK,58.52,GOOD,61.59,SHARP,47.0,HIGH,320x240,"Increase Brightness, Apply Denoising"
Arson007_x264,motion_0239.jpg,70,MODERATE,2180.52,SHARP,59.42,DARK,57.96,GOOD,60.73,SHARP,46.7,HIGH,320x240,"Increase Brightness, Apply Denoising"
Arson007_x264,motion_0240.jpg,70,MODERATE,2115.25,SHARP,58.81,DARK,57.44,GOOD,59.36,SHARP,45.99,HIGH,320x240,"Increase Brightness, Apply Denoising"
Arson007_x264,motion_0241.jpg,70,MODERATE,2083.59,SHARP,58.66,DARK,56.59,GOOD,58.38,SHARP,45.65,HIGH,320x240,"Increase Brightness, Apply Denoising"
Arson007_x264,motion_0242.jpg,70,MODERATE,2088.57,SHARP,60.28,DARK,57.97,GOOD,58.61,SHARP,45.7,HIGH,320x240,"Increase Brightness, Apply Denoising"
Arson007_x264,motion_0243.jpg,70,MODERATE,2027.67,SHARP,59.96,DARK,56.64,GOOD,56.07,SHARP,45.03,HIGH,320x240,"Increase Brightness, Apply Denoising"
Arson007_x264,motion_0244.jpg,70,MODERATE,2025.14,SHARP,60.2,DARK,57.03,GOOD,56.1,SHARP,45.0,HIGH,320x240,"Increase Brightness, Apply Denoising"
Arson007_x264,motion_0245.jpg,70,MODERATE,2033.77,SHARP,61.48,DARK,58.23,GOOD,56.66,SHARP,45.1,HIGH,320x240,"Increase Brightness, Apply Denoising"
Arson007_x264,motion_0246.jpg,70,MODERATE,2024.33,SHARP,59.25,DARK,56.79,GOOD,55.79,SHARP,44.99,HIGH,320x240,"Increase Brightness, Apply Denoising"
Arson007_x264,motion_0247.jpg,70,MODERATE,2028.29,SHARP,61.28,DARK,59.13,GOOD,57.2,SHARP,45.04,HIGH,320x240,"Increase Brightness, Apply Denoising"
Arson007_x264,motion_0248.jpg,70,MODERATE,2012.59,SHARP,60.92,DARK,58.27,GOOD,56.55,SHARP,44.86,HIGH,320x240,"Increase Brightness, Apply Denoising"
Arson007_x264,motion_0249.jpg,70,MODERATE,2031.8,SHARP,58.39,DARK,56.61,GOOD,55.95,SHARP,45.08,HIGH,320x240,"Increase Brightness, Apply Denoising"
Arson007_x264,motion_0250.jpg,70,MODERATE,2040.09,SHARP,61.02,DARK,59.12,GOOD,57.17,SHARP,45.17,HIGH,320x240,"Increase Brightness, Apply Denoising"
Arson007_x264,motion_0251.jpg,70,MODERATE,2030.02,SHARP,59.88,DARK,57.56,GOOD,56.4,SHARP,45.06,HIGH,320x240,"Increase Brightness, Apply Denoising"
Arson007_x264,motion_0252.jpg,70,MODERATE,1975.43,SHARP,59.66,DARK,57.53,GOOD,55.38,SHARP,44.45,HIGH,320x240,"Increase Brightness, Apply Denoising"
Arson007_x264,motion_0253.jpg,70,MODERATE,1993.83,SHARP,61.26,DARK,58.37,GOOD,55.67,SHARP,44.65,HIGH,320x240,"Increase Brightness, Apply Denoising"
Arson007_x264,motion_0254.jpg,70,MODERATE,1994.92,SHARP,60.35,DARK,57.22,GOOD,55.27,SHARP,44.66,HIGH,320x240,"Increase Brightness, Apply Denoising"
Arson007_x264,motion_0255.jpg,70,MODERATE,1924.35,SHARP,58.82,DARK,55.52,GOOD,53.4,SHARP,43.87,HIGH,320x240,"Increase Brightness, Apply Denoising"
Arson007_x264,motion_0256.jpg,70,MODERATE,1933.65,SHARP,62.22,DARK,58.6,GOOD,54.74,SHARP,43.97,HIGH,320x240,"Increase Brightness, Apply Denoising"
Arson007_x264,motion_0257.jpg,70,MODERATE,1906.58,SHARP,60.54,DARK,56.5,GOOD,53.0,SHARP,43.66,HIGH,320x240,"Increase Brightness, Apply Denoising"
Arson007_x264,motion_0258.jpg,70,MODERATE,1889.18,SHARP,60.19,DARK,56.02,GOOD,52.56,SHARP,43.46,HIGH,320x240,"Increase Brightness, Apply Denoising"
Arson007_x264,motion_0259.jpg,70,MODERATE,1901.37,SHARP,62.83,DARK,58.6,GOOD,53.76,SHARP,43.6,HIGH,320x240,"Increase Brightness, Apply Denoising"
Arson007_x264,motion_0260.jpg,55,MODERATE,1727.57,SHARP,65.29,DARK,55.7,GOOD,47.73,SOFT,41.56,HIGH,320x240,"Increase Brightness, Sharpen Image, Apply Denoising"
Arson007_x264,motion_0261.jpg,55,MODERATE,1752.37,SHARP,63.37,DARK,54.66,GOOD,48.3,SOFT,41.86,HIGH,320x240,"Increase Brightness, Sharpen Image, Apply Denoising"
Arson007_x264,motion_0262.jpg,55,MODERATE,1742.27,SHARP,61.38,DARK,53.21,GOOD,47.79,SOFT,41.74,HIGH,320x240,"Increase Brightness, Sharpen Image, Apply Denoising"
Arson007_x264,motion_0263.jpg,55,MODERATE,1762.06,SHARP,63.39,DARK,55.34,GOOD,49.35,SOFT,41.98,HIGH,320x240,"Increase Brightness, Sharpen Image, Apply Denoising"
Arson007_x264,motion_0264.jpg,55,MODERATE,1776.43,SHARP,62.26,DARK,54.18,GOOD,49.47,SOFT,42.15,HIGH,320x240,"Increase Brightness, Sharpen Image, Apply Denoising"
Arson007_x264,motion_0265.jpg,70,MODERATE,1843.74,SHARP,67.69,DARK,58.87,GOOD,51.84,SHARP,42.94,HIGH,320x240,"Increase Brightness, Apply Denoising"
Arson007_x264,motion_0266.jpg,70,MODERATE,1835.64,SHARP,66.19,DARK,57.28,GOOD,51.25,SHARP,42.84,HIGH,320x240,"Increase Brightness, Apply Denoising"
Arson007_x264,motion_0267.jpg,70,MODERATE,1871.28,SHARP,64.94,DARK,57.56,GOOD,52.33,SHARP,43.26,HIGH,320x240,"Increase Brightness, Apply Denoising"
Arson007_x264,motion_0268.jpg,70,MODERATE,1847.23,SHARP,62.7,DARK,55.95,GOOD,51.31,SHARP,42.98,HIGH,320x240,"Increase Brightness, Apply Denoising"
Arson007_x264,motion_0269.jpg,55,MODERATE,1776.1,SHARP,61.46,DARK,54.57,GOOD,49.38,SOFT,42.14,HIGH,320x240,"Increase Brightness, Sharpen Image, Apply Denoising"
Arson007_x264,motion_0270.jpg,55,MODERATE,1786.0,SHARP,62.34,DARK,55.32,GOOD,49.68,SOFT,42.26,HIGH,320x240,"Increase Brightness, Sharpen Image, Apply Denoising"
Arson007_x264,motion_0271.jpg,55,MODERATE,1719.52,SHARP,65.66,DARK,56.95,GOOD,46.64,SOFT,41.47,HIGH,320x240,"Increase Brightness, Sharpen Image, Apply Denoising"
Arson007_x264,motion_0272.jpg,55,MODERATE,1699.81,SHARP,63.41,DARK,54.93,GOOD,45.59,SOFT,41.23,HIGH,320x240,"Increase Brightness, Sharpen Image, Apply Denoising"
Arson007_x264,motion_0273.jpg,55,MODERATE,1669.23,SHARP,65.47,DARK,57.15,GOOD,45.32,SOFT,40.86,HIGH,320x240,"Increase Brightness, Sharpen Image, Apply Denoising"
Arson007_x264,motion_0274.jpg,55,MODERATE,1648.22,SHARP,62.8,DARK,55.79,GOOD,44.93,SOFT,40.6,HIGH,320x240,"Increase Brightness, Sharpen Image, Apply Denoising"
Arson007_x264,motion_0275.jpg,55,MODERATE,1627.58,SHARP,64.6,DARK,57.12,GOOD,44.87,SOFT,40.34,HIGH,320x240,"Increase Brightness, Sharpen Image, Apply Denoising"
Arson007_x264,motion_0276.jpg,55,MODERATE,1621.96,SHARP,64.52,DARK,56.45,GOOD,44.71,SOFT,40.27,HIGH,320x240,"Increase Brightness, Sharpen Image, Apply Denoising"
Arson007_x264,motion_0277.jpg,55,MODERATE,1651.11,SHARP,65.08,DARK,56.82,GOOD,45.99,SOFT,40.63,HIGH,320x240,"Increase Brightness, Sharpen Image, Apply Denoising"
Arson007_x264,motion_0278.jpg,55,MODERATE,1656.03,SHARP,64.77,DARK,56.25,GOOD,45.78,SOFT,40.69,HIGH,320x240,"Increase Brightness, Sharpen Image, Apply Denoising"
Arson007_x264,motion_0279.jpg,55,MODERATE,1619.66,SHARP,64.1,DARK,55.77,GOOD,44.65,SOFT,40.25,HIGH,320x240,"Increase Brightness, Sharpen Image, Apply Denoising"
Arson007_x264,motion_0280.jpg,55,MODERATE,1643.36,SHARP,65.04,DARK,57.0,GOOD,45.26,SOFT,40.54,HIGH,320x240,"Increase Brightness, Sharpen Image, Apply Denoising"
Arson007_x264,motion_0281.jpg,55,MODERATE,1646.93,SHARP,63.51,DARK,55.48,GOOD,45.33,SOFT,40.58,HIGH,320x240,"Increase Brightness, Sharpen Image, Apply Denoising"
Arson007_x264,motion_0282.jpg,55,MODERATE,1654.48,SHARP,66.93,DARK,58.38,GOOD,46.29,SOFT,40.68,HIGH,320x240,"Increase Brightness, Sharpen Image, Apply Denoising"
Arson007_x264,motion_0283.jpg,55,MODERATE,1687.8,SHARP,63.47,DARK,55.23,GOOD,46.11,SOFT,41.08,HIGH,320x240,"Increase Brightness, Sharpen Image, Apply Denoising"
Arson007_x264,motion_0284.jpg,55,MODERATE,1680.47,SHARP,66.21,DARK,57.54,GOOD,46.42,SOFT,40.99,HIGH,320x240,"Increase Brightness, Sharpen Image, Apply Denoising"
Arson007_x264,motion_0285.jpg,55,MODERATE,1691.84,SHARP,62.79,DARK,55.04,GOOD,46.24,SOFT,41.13,HIGH,320x240,"Increase Brightness, Sharpen Image, Apply Denoising"
Arson007_x264,motion_0286.jpg,55,MODERATE,1697.25,SHARP,63.6,DARK,55.97,GOOD,46.8,SOFT,41.2,HIGH,320x240,"Increase Brightness, Sharpen Image, Apply Denoising"
Arson007_x264,motion_0287.jpg,55,MODERATE,1701.68,SHARP,63.35,DARK,55.43,GOOD,46.79,SOFT,41.25,HIGH,320x240,"Increase Brightness, Sharpen Image, Apply Denoising"
Arson007_x264,motion_0288.jpg,55,MODERATE,1710.34,SHARP,65.36,DARK,57.35,GOOD,47.44,SOFT,41.36,HIGH,320x240,"Increase Brightness, Sharpen Image, Apply Denoising"
Arson007_x264,motion_0289.jpg,55,MODERATE,1728.55,SHARP,64.37,DARK,56.74,GOOD,47.6,SOFT,41.58,HIGH,320x240,"Increase Brightness, Sharpen Image, Apply Denoising"
Arson007_x264,motion_0290.jpg,55,MODERATE,1738.53,SHARP,65.18,DARK,57.88,GOOD,49.3,SOFT,41.7,HIGH,320x240,"Increase Brightness, Sharpen Image, Apply Denoising"
Arson007_x264,motion_0291.jpg,55,MODERATE,1727.72,SHARP,63.98,DARK,56.32,GOOD,48.76,SOFT,41.57,HIGH,320x240,"Increase Brightness, Sharpen Image, Apply Denoising"
Arson007_x264,motion_0292.jpg,55,MODERATE,1734.6,SHARP,62.97,DARK,55.86,GOOD,48.65,SOFT,41.65,HIGH,320x240,"Increase Brightness, Sharpen Image, Apply Denoising"
Arson007_x264,motion_0293.jpg,70,MODERATE,1770.1,SHARP,63.92,DARK,56.54,GOOD,50.29,SHARP,42.07,HIGH,320x240,"Increase Brightness, Apply Denoising"
Arson007_x264,motion_0294.jpg,70,MODERATE,1786.91,SHARP,64.17,DARK,56.49,GOOD,50.73,SHARP,42.27,HIGH,320x240,"Increase Brightness, Apply Denoising"
Arson007_x264,motion_0295.jpg,70,MODERATE,1850.71,SHARP,62.53,DARK,55.55,GOOD,52.24,SHARP,43.02,HIGH,320x240,"Increase Brightness, Apply Denoising"
Arson007_x264,motion_0296.jpg,70,MODERATE,1855.33,SHARP,62.91,DARK,55.36,GOOD,52.27,SHARP,43.07,HIGH,320x240,"Increase Brightness, Apply Denoising"
Arson007_x264,motion_0297.jpg,70,MODERATE,1855.94,SHARP,66.54,DARK,58.35,GOOD,52.72,SHARP,43.08,HIGH,320x240,"Increase Brightness, Apply Denoising"
Arson007_x264,motion_0298.jpg,70,MODERATE,1888.36,SHARP,62.75,DARK,55.64,GOOD,52.56,SHARP,43.46,HIGH,320x240,"Increase Brightness, Apply Denoising"
Arson007_x264,motion_0299.jpg,70,MODERATE,1894.11,SHARP,65.88,DARK,58.0,GOOD,53.03,SHARP,43.52,HIGH,320x240,"Increase Brightness, Apply Denoising"
Arson007_x264,motion_0300.jpg,70,MODERATE,1891.84,SHARP,65.32,DARK,57.2,GOOD,52.4,SHARP,43.5,HIGH,320x240,"Increase Brightness, Apply Denoising"
Arson007_x264,motion_0301.jpg,70,MODERATE,1877.89,SHARP,64.79,DARK,56.52,GOOD,52.02,SHARP,43.33,HIGH,320x240,"Increase Brightness, Apply Denoising"
Arson007_x264,motion_0302.jpg,70,MODERATE,1864.42,SHARP,64.85,DARK,57.04,GOOD,51.66,SHARP,43.18,HIGH,320x240,"Increase Brightness, Apply Denoising"
Arson007_x264,motion_0303.jpg,70,MODERATE,1836.64,SHARP,63.15,DARK,55.6,GOOD,51.3,SHARP,42.86,HIGH,320x240,"Increase Brightness, Apply Denoising"
Arson007_x264,motion_0304.jpg,70,MODERATE,1817.08,SHARP,65.07,DARK,57.14,GOOD,50.88,SHARP,42.63,HIGH,320x240,"Increase Brightness, Apply Denoising"
Arson007_x264,motion_0305.jpg,70,MODERATE,1837.32,SHARP,64.77,DARK,57.01,GOOD,51.06,SHARP,42.86,HIGH,320x240,"Increase Brightness, Apply Denoising"
Arson007_x264,motion_0306.jpg,70,MODERATE,1810.47,SHARP,64.83,DARK,56.72,GOOD,50.41,SHARP,42.55,HIGH,320x240,"Increase Brightness, Apply Denoising"
Arson007_x264,motion_0307.jpg,55,MODERATE,1793.17,SHARP,62.32,DARK,54.84,GOOD,49.66,SOFT,42.35,HIGH,320x240,"Increase Brightness, Sharpen Image, Apply Denoising"
Arson007_x264,motion_0308.jpg,55,MODERATE,1772.93,SHARP,62.53,DARK,54.8,GOOD,49.72,SOFT,42.11,HIGH,320x240,"Increase Brightness, Sharpen Image, Apply Denoising"
Arson007_x264,motion_0309.jpg,70,MODERATE,1782.45,SHARP,63.88,DARK,56.12,GOOD,50.39,SHARP,42.22,HIGH,320x240,"Increase Brightness, Apply Denoising"
Arson007_x264,motion_0310.jpg,70,MODERATE,1791.91,SHARP,65.19,DARK,56.77,GOOD,50.35,SHARP,42.33,HIGH,320x240,"Increase Brightness, Apply Denoising"
Arson007_x264,motion_0311.jpg,55,MODERATE,1781.55,SHARP,62.76,DARK,54.67,GOOD,49.71,SOFT,42.21,HIGH,320x240,"Increase Brightness, Sharpen Image, Apply Denoising"
Arson007_x264,motion_0312.jpg,55,MODERATE,1778.17,SHARP,63.06,DARK,55.1,GOOD,49.86,SOFT,42.17,HIGH,320x240,"Increase Brightness, Sharpen Image, Apply Denoising"
Arson007_x264,motion_0313.jpg,55,MODERATE,1744.62,SHARP,64.66,DARK,55.46,GOOD,48.64,SOFT,41.77,HIGH,320x240,"Increase Brightness, Sharpen Image, Apply Denoising"
Arson007_x264,motion_0314.jpg,55,MODERATE,1715.87,SHARP,68.04,DARK,58.35,GOOD,48.56,SOFT,41.42,HIGH,320x240,"Increase Brightness, Sharpen Image, Apply Denoising"
Arson007_x264,motion_0315.jpg,55,MODERATE,1752.59,SHARP,63.21,DARK,54.93,GOOD,48.94,SOFT,41.86,HIGH,320x240,"Increase Brightness, Sharpen Image, Apply Denoising"
Arson007_x264,motion_0316.jpg,55,MODERATE,1751.22,SHARP,65.83,DARK,56.83,GOOD,49.29,SOFT,41.85,HIGH,320x240,"Increase Brightness, Sharpen Image, Apply Denoising"
Arson007_x264,motion_0317.jpg,55,MODERATE,1758.59,SHARP,67.07,DARK,57.9,GOOD,49.4,SOFT,41.94,HIGH,320x240,"Increase Brightness, Sharpen Image, Apply Denoising"
Arson007_x264,motion_0318.jpg,55,MODERATE,1749.74,SHARP,63.52,DARK,55.31,GOOD,48.52,SOFT,41.83,HIGH,320x240,"Increase Brightness, Sharpen Image, Apply Denoising"
Arson007_x264,motion_0319.jpg,55,MODERATE,1763.03,SHARP,64.35,DARK,55.9,GOOD,49.03,SOFT,41.99,HIGH,320x240,"Increase Brightness, Sharpen Image, Apply Denoising"
Arson007_x264,motion_0320.jpg,55,MODERATE,1763.68,SHARP,66.46,DARK,57.98,GOOD,49.44,SOFT,42.0,HIGH,320x240,"Increase Brightness, Sharpen Image, Apply Denoising"
Arson007_x264,motion_0321.jpg,55,MODERATE,1729.2,SHARP,64.07,DARK,55.99,GOOD,48.31,SOFT,41.58,HIGH,320x240,"Increase Brightness, Sharpen Image, Apply Denoising"
Arson007_x264,motion_0322.jpg,55,MODERATE,1730.78,SHARP,65.64,DARK,57.56,GOOD,48.96,SOFT,41.6,HIGH,320x240,"Increase Brightness, Sharpen Image, Apply Denoising"
Arson007_x264,motion_0323.jpg,55,MODERATE,1734.3,SHARP,64.61,DARK,56.47,GOOD,48.63,SOFT,41.64,HIGH,320x240,"Increase Brightness, Sharpen Image, Apply Denoising"
Arson007_x264,motion_0324.jpg,55,MODERATE,1748.43,SHARP,67.88,DARK,59.75,GOOD,49.91,SOFT,41.81,HIGH,320x240,"Increase Brightness, Sharpen Image, Apply Denoising"
Arson007_x264,motion_0325.jpg,55,MODERATE,1745.49,SHARP,65.4,DARK,57.51,GOOD,49.05,SOFT,41.78,HIGH,320x240,"Increase Brightness, Sharpen Image, Apply Denoising"
Arson007_x264,motion_0326.jpg,55,MODERATE,1716.31,SHARP,62.01,DARK,54.97,GOOD,48.31,SOFT,41.43,HIGH,320x240,"Increase Brightness, Sharpen Image, Apply Denoising"
Arson007_x264,motion_0327.jpg,55,MODERATE,1723.5,SHARP,63.75,DARK,56.74,GOOD,49.04,SOFT,41.52,HIGH,320x240,"Increase Brightness, Sharpen Image, Apply Denoising"
Arson007_x264,motion_0328.jpg,55,MODERATE,1758.21,SHARP,64.33,DARK,57.42,GOOD,49.9,SOFT,41.93,HIGH,320x240,"Increase Brightness, Sharpen Image, Apply Denoising"
Arson007_x264,motion_0329.jpg,70,MODERATE,1776.94,SHARP,64.48,DARK,57.84,GOOD,50.93,SHARP,42.15,HIGH,320x240,"Increase Brightness, Apply Denoising"
Arson007_x264,motion_0330.jpg,70,MODERATE,1768.57,SHARP,62.0,DARK,56.02,GOOD,50.77,SHARP,42.05,HIGH,320x240,"Increase Brightness, Apply Denoising"
Arson007_x264,motion_0331.jpg,70,MODERATE,1756.39,SHARP,62.06,DARK,55.69,GOOD,50.92,SHARP,41.91,HIGH,320x240,"Increase Brightness, Apply Denoising"
Arson007_x264,motion_0332.jpg,70,MODERATE,1772.19,SHARP,61.98,DARK,55.89,GOOD,51.31,SHARP,42.1,HIGH,320x240,"Increase Brightness, Apply Denoising"
Arson007_x264,motion_0333.jpg,70,MODERATE,1765.33,SHARP,65.79,DARK,58.58,GOOD,51.58,SHARP,42.02,HIGH,320x240,"Increase Brightness, Apply Denoising"
Arson007_x264,motion_0334.jpg,70,MODERATE,1796.35,SHARP,65.97,DARK,58.54,GOOD,52.26,SHARP,42.38,HIGH,320x240,"Increase Brightness, Apply Denoising"
Arson007_x264,motion_0335.jpg,70,MODERATE,1802.31,SHARP,63.64,DARK,56.5,GOOD,51.67,SHARP,42.45,HIGH,320x240,"Increase Brightness, Apply Denoising"
Arson007_x264,motion_0336.jpg,70,MODERATE,1788.76,SHARP,61.06,DARK,54.47,GOOD,51.09,SHARP,42.29,HIGH,320x240,"Increase Brightness, Apply Denoising"
Arson007_x264,motion_0337.jpg,70,MODERATE,1790.94,SHARP,62.06,DARK,55.31,GOOD,51.42,SHARP,42.32,HIGH,320x240,"Increase Brightness, Apply Denoising"
Arson007_x264,motion_0338.jpg,70,MODERATE,1802.42,SHARP,65.77,DARK,58.56,GOOD,52.19,SHARP,42.45,HIGH,320x240,"Increase Brightness, Apply Denoising"
Arson007_x264,motion_0339.jpg,70,MODERATE,1806.38,SHARP,64.67,DARK,57.46,GOOD,51.97,SHARP,42.5,HIGH,320x240,"Increase Brightness, Apply Denoising"
Arson007_x264,motion_0340.jpg,70,MODERATE,1801.3,SHARP,61.97,DARK,55.12,GOOD,51.32,SHARP,42.44,HIGH,320x240,"Increase Brightness, Apply Denoising"
Arson007_x264,motion_0341.jpg,70,MODERATE,1821.78,SHARP,63.43,DARK,56.09,GOOD,51.42,SHARP,42.68,HIGH,320x240,"Increase Brightness, Apply Denoising"
Arson007_x264,motion_0342.jpg,70,MODERATE,1822.06,SHARP,65.53,DARK,58.26,GOOD,52.1,SHARP,42.69,HIGH,320x240,"Increase Brightness, Apply Denoising"
Arson007_x264,motion_0343.jpg,70,MODERATE,1821.82,SHARP,63.56,DARK,56.34,GOOD,51.48,SHARP,42.68,HIGH,320x240,"Increase Brightness, Apply Denoising"
Arson007_x264,motion_0344.jpg,70,MODERATE,1850.68,SHARP,65.47,DARK,58.12,GOOD,52.37,SHARP,43.02,HIGH,320x240,"Increase Brightness, Apply Denoising"
Arson007_x264,motion_0345.jpg,70,MODERATE,1828.39,SHARP,62.88,DARK,55.49,GOOD,51.64,SHARP,42.76,HIGH,320x240,"Increase Brightness, Apply Denoising"
Arson007_x264,motion_0346.jpg,70,MODERATE,1838.45,SHARP,63.76,DARK,56.42,GOOD,52.25,SHARP,42.88,HIGH,320x240,"Increase Brightness, Apply Denoising"
Arson007_x264,motion_0347.jpg,70,MODERATE,1850.89,SHARP,64.11,DARK,57.38,GOOD,52.61,SHARP,43.02,HIGH,320x240,"Increase Brightness, Apply Denoising"
Arson007_x264,motion_0348.jpg,70,MODERATE,1846.83,SHARP,61.71,DARK,55.08,GOOD,52.08,SHARP,42.97,HIGH,320x240,"Increase Brightness, Apply Denoising"
Arson007_x264,motion_0349.jpg,70,MODERATE,1873.02,SHARP,64.09,DARK,56.76,GOOD,52.86,SHARP,43.28,HIGH,320x240,"Increase Brightness, Apply Denoising"
Arson007_x264,motion_0350.jpg,70,MODERATE,1890.39,SHARP,64.21,DARK,57.35,GOOD,53.69,SHARP,43.48,HIGH,320x240,"Increase Brightness, Apply Denoising"
Arson007_x264,motion_0351.jpg,70,MODERATE,1910.37,SHARP,63.01,DARK,56.31,GOOD,53.99,SHARP,43.71,HIGH,320x240,"Increase Brightness, Apply Denoising"
Arson007_x264,motion_0352.jpg,70,MODERATE,1904.15,SHARP,62.96,DARK,56.11,GOOD,53.9,SHARP,43.64,HIGH,320x240,"Increase Brightness, Apply Denoising"
Arson007_x264,motion_0353.jpg,70,MODERATE,1897.51,SHARP,65.24,DARK,58.2,GOOD,54.47,SHARP,43.56,HIGH,320x240,"Increase Brightness, Apply Denoising"
Arson007_x264,motion_0354.jpg,70,MODERATE,1889.41,SHARP,62.43,DARK,55.74,GOOD,53.73,SHARP,43.47,HIGH,320x240,"Increase Brightness, Apply Denoising"
Arson007_x264,motion_0355.jpg,70,MODERATE,1930.91,SHARP,61.06,DARK,55.4,GOOD,54.54,SHARP,43.94,HIGH,320x240,"Increase Brightness, Apply Denoising"
Arson007_x264,motion_0356.jpg,70,MODERATE,1955.18,SHARP,62.77,DARK,57.29,GOOD,55.62,SHARP,44.22,HIGH,320x240,"Increase Brightness, Apply Denoising"
Arson007_x264,motion_0357.jpg,70,MODERATE,2002.26,SHARP,63.55,DARK,57.31,GOOD,56.5,SHARP,44.75,HIGH,320x240,"Increase Brightness, Apply Denoising"
Arson007_x264,motion_0358.jpg,70,MODERATE,2013.73,SHARP,61.09,DARK,55.57,GOOD,56.52,SHARP,44.87,HIGH,320x240,"Increase Brightness, Apply Denoising"
Arson007_x264,motion_0359.jpg,70,MODERATE,1995.19,SHARP,61.97,DARK,56.56,GOOD,56.99,SHARP,44.67,HIGH,320x240,"Increase Brightness, Apply Denoising"
Arson007_x264,motion_0360.jpg,70,MODERATE,2013.8,SHARP,63.68,DARK,58.18,GOOD,57.68,SHARP,44.88,HIGH,320x240,"Increase Brightness, Apply Denoising"
Arson007_x264,motion_0361.jpg,70,MODERATE,2021.93,SHARP,63.59,DARK,57.72,GOOD,57.61,SHARP,44.97,HIGH,320x240,"Increase Brightness, Apply Denoising"
Arson007_x264,motion_0362.jpg,70,MODERATE,2030.33,SHARP,63.89,DARK,58.31,GOOD,57.86,SHARP,45.06,HIGH,320x240,"Increase Brightness, Apply Denoising"
Arson007_x264,motion_0363.jpg,70,MODERATE,2036.12,SHARP,65.23,DARK,59.56,GOOD,58.32,SHARP,45.12,HIGH,320x240,"Increase Brightness, Apply Denoising"
Arson007_x264,motion_0364.jpg,70,MODERATE,2018.5,SHARP,62.11,DARK,56.78,GOOD,57.15,SHARP,44.93,HIGH,320x240,"Increase Brightness, Apply Denoising"
Arson007_x264,motion_0365.jpg,70,MODERATE,2019.52,SHARP,62.12,DARK,56.68,GOOD,57.49,SHARP,44.94,HIGH,320x240,"Increase Brightness, Apply Denoising"
Arson007_x264,motion_0366.jpg,70,MODERATE,2037.93,SHARP,62.16,DARK,57.21,GOOD,57.83,SHARP,45.14,HIGH,320x240,"Increase Brightness, Apply Denoising"
Arson007_x264,motion_0367.jpg,70,MODERATE,2044.24,SHARP,61.38,DARK,56.28,GOOD,57.66,SHARP,45.21,HIGH,320x240,"Increase Brightness, Apply Denoising"
Arson007_x264,motion_0368.jpg,70,MODERATE,2031.62,SHARP,60.3,DARK,55.4,GOOD,57.31,SHARP,45.07,HIGH,320x240,"Increase Brightness, Apply Denoising"
Arson007_x264,motion_0369.jpg,70,MODERATE,2075.49,SHARP,61.98,DARK,56.93,GOOD,58.43,SHARP,45.56,HIGH,320x240,"Increase Brightness, Apply Denoising"
Arson007_x264,motion_0370.jpg,70,MODERATE,2062.75,SHARP,62.89,DARK,57.15,GOOD,58.0,SHARP,45.42,HIGH,320x240,"Increase Brightness, Apply Denoising"
Arson007_x264,motion_0371.jpg,70,MODERATE,2084.76,SHARP,63.63,DARK,58.34,GOOD,58.56,SHARP,45.66,HIGH,320x240,"Increase Brightness, Apply Denoising"
Arson007_x264,motion_0372.jpg,70,MODERATE,2078.7,SHARP,62.24,DARK,56.9,GOOD,58.14,SHARP,45.59,HIGH,320x240,"Increase Brightness, Apply Denoising"
Arson007_x264,motion_0373.jpg,70,MODERATE,2061.25,SHARP,59.26,DARK,54.32,GOOD,57.61,SHARP,45.4,HIGH,320x240,"Increase Brightness, Apply Denoising"
Arson007_x264,motion_0374.jpg,70,MODERATE,2072.71,SHARP,60.1,DARK,55.29,GOOD,58.15,SHARP,45.53,HIGH,320x240,"Increase Brightness, Apply Denoising"
Arson007_x264,motion_0375.jpg,70,MODERATE,2032.73,SHARP,62.21,DARK,56.95,GOOD,57.92,SHARP,45.09,HIGH,320x240,"Increase Brightness, Apply Denoising"
Arson007_x264,motion_0376.jpg,70,MODERATE,2063.34,SHARP,63.77,DARK,58.32,GOOD,58.83,SHARP,45.42,HIGH,320x240,"Increase Brightness, Apply Denoising"
Arson007_x264,motion_0377.jpg,70,MODERATE,2102.49,SHARP,62.71,DARK,57.78,GOOD,59.57,SHARP,45.85,HIGH,320x240,"Increase Brightness, Apply Denoising"
Arson007_x264,motion_0378.jpg,70,MODERATE,2100.31,SHARP,61.34,DARK,56.6,GOOD,59.14,SHARP,45.83,HIGH,320x240,"Increase Brightness, Apply Denoising"
Arson007_x264,motion_0379.jpg,70,MODERATE,2109.95,SHARP,63.36,DARK,58.85,GOOD,59.91,SHARP,45.93,HIGH,320x240,"Increase Brightness, Apply Denoising"
Arson007_x264,motion_0380.jpg,70,MODERATE,2094.06,SHARP,63.19,DARK,59.15,GOOD,59.4,SHARP,45.76,HIGH,320x240,"Increase Brightness, Apply Denoising"
Arson007_x264,motion_0381.jpg,70,MODERATE,2087.56,SHARP,61.11,DARK,57.08,GOOD,58.91,SHARP,45.69,HIGH,320x240,"Increase Brightness, Apply Denoising"
Arson007_x264,motion_0382.jpg,70,MODERATE,2077.42,SHARP,59.41,DARK,55.64,GOOD,58.42,SHARP,45.58,HIGH,320x240,"Increase Brightness, Apply Denoising"
Arson007_x264,motion_0383.jpg,70,MODERATE,2071.44,SHARP,59.74,DARK,56.21,GOOD,58.62,SHARP,45.51,HIGH,320x240,"Increase Brightness, Apply Denoising"
Arson007_x264,motion_0384.jpg,70,MODERATE,2077.87,SHARP,59.8,DARK,56.02,GOOD,58.62,SHARP,45.58,HIGH,320x240,"Increase Brightness, Apply Denoising"
Arson007_x264,motion_0385.jpg,70,MODERATE,2096.02,SHARP,61.27,DARK,57.33,GOOD,59.29,SHARP,45.78,HIGH,320x240,"Increase Brightness, Apply Denoising"
Arson007_x264,motion_0386.jpg,70,MODERATE,2118.77,SHARP,61.98,DARK,58.09,GOOD,59.77,SHARP,46.03,HIGH,320x240,"Increase Brightness, Apply Denoising"
Arson007_x264,motion_0387.jpg,70,MODERATE,2104.28,SHARP,61.18,DARK,57.07,GOOD,59.34,SHARP,45.87,HIGH,320x240,"Increase Brightness, Apply Denoising"
Arson007_x264,motion_0388.jpg,70,MODERATE,2042.37,SHARP,60.56,DARK,56.3,GOOD,58.67,SHARP,45.19,HIGH,320x240,"Increase Brightness, Apply Denoising"
Arson007_x264,motion_0389.jpg,70,MODERATE,2041.03,SHARP,62.47,DARK,57.68,GOOD,58.9,SHARP,45.18,HIGH,320x240,"Increase Brightness, Apply Denoising"
Arson007_x264,motion_0390.jpg,70,MODERATE,2080.38,SHARP,61.59,DARK,57.26,GOOD,59.7,SHARP,45.61,HIGH,320x240,"Increase Brightness, Apply Denoising"
Arson007_x264,motion_0391.jpg,70,MODERATE,2011.68,SHARP,63.21,DARK,57.9,GOOD,58.32,SHARP,44.85,HIGH,320x240,"Increase Brightness, Apply Denoising"
Arson007_x264,motion_0392.jpg,70,MODERATE,2037.54,SHARP,62.15,DARK,57.53,GOOD,59.08,SHARP,45.14,HIGH,320x240,"Increase Brightness, Apply Denoising"
Arson007_x264,motion_0393.jpg,70,MODERATE,2051.57,SHARP,61.92,DARK,57.81,GOOD,59.17,SHARP,45.29,HIGH,320x240,"Increase Brightness, Apply Denoising"
Arson007_x264,motion_0394.jpg,70,MODERATE,2025.52,SHARP,61.3,DARK,56.75,GOOD,58.71,SHARP,45.01,HIGH,320x240,"Increase Brightness, Apply Denoising"
Arson007_x264,motion_0395.jpg,70,MODERATE,2039.98,SHARP,63.27,DARK,58.78,GOOD,59.44,SHARP,45.17,HIGH,320x240,"Increase Brightness, Apply Denoising"
Arson007_x264,motion_0396.jpg,70,MODERATE,2074.05,SHARP,61.25,DARK,56.93,GOOD,59.56,SHARP,45.54,HIGH,320x240,"Increase Brightness, Apply Denoising"
Arson007_x264,motion_0397.jpg,70,MODERATE,2049.46,SHARP,61.29,DARK,57.55,GOOD,59.6,SHARP,45.27,HIGH,320x240,"Increase Brightness, Apply Denoising"
Arson007_x264,motion_0398.jpg,70,MODERATE,2042.13,SHARP,61.14,DARK,57.22,GOOD,59.5,SHARP,45.19,HIGH,320x240,"Increase Brightness, Apply Denoising"
Arson007_x264,motion_0399.jpg,70,MODERATE,2045.83,SHARP,61.5,DARK,57.52,GOOD,59.78,SHARP,45.23,HIGH,320x240,"Increase Brightness, Apply Denoising"
Arson007_x264,motion_0400.jpg,70,MODERATE,2056.97,SHARP,62.24,DARK,58.32,GOOD,60.02,SHARP,45.35,HIGH,320x240,"Increase Brightness, Apply Denoising"
Arson007_x264,motion_0401.jpg,70,MODERATE,2029.32,SHARP,60.57,DARK,56.6,GOOD,58.9,SHARP,45.05,HIGH,320x240,"Increase Brightness, Apply Denoising"
Arson007_x264,motion_0402.jpg,70,MODERATE,2034.25,SHARP,60.97,DARK,57.15,GOOD,59.24,SHARP,45.1,HIGH,320x240,"Increase Brightness, Apply Denoising"
Arson007_x264,motion_0403.jpg,70,MODERATE,2032.03,SHARP,59.73,DARK,55.62,GOOD,59.2,SHARP,45.08,HIGH,320x240,"Increase Brightness, Apply Denoising"
Arson007_x264,motion_0404.jpg,70,MODERATE,2079.59,SHARP,62.22,DARK,57.38,GOOD,60.85,SHARP,45.6,HIGH,320x240,"Increase Brightness, Apply Denoising"
Arson007_x264,motion_0405.jpg,70,MODERATE,2088.49,SHARP,62.58,DARK,57.89,GOOD,61.14,SHARP,45.7,HIGH,320x240,"Increase Brightness, Apply Denoising"
Arson007_x264,motion_0406.jpg,70,MODERATE,2082.76,SHARP,61.26,DARK,56.74,GOOD,60.72,SHARP,45.64,HIGH,320x240,"Increase Brightness, Apply Denoising"
Arson007_x264,motion_0407.jpg,70,MODERATE,2094.32,SHARP,62.84,DARK,58.25,GOOD,61.15,SHARP,45.76,HIGH,320x240,"Increase Brightness, Apply Denoising"
Arson007_x264,motion_0408.jpg,70,MODERATE,2059.57,SHARP,61.82,DARK,57.07,GOOD,60.52,SHARP,45.38,HIGH,320x240,"Increase Brightness, Apply Denoising"
Arson007_x264,motion_0409.jpg,70,MODERATE,2069.19,SHARP,62.51,DARK,58.08,GOOD,60.95,SHARP,45.49,HIGH,320x240,"Increase Brightness, Apply Denoising"
Arson007_x264,motion_0410.jpg,70,MODERATE,2071.23,SHARP,62.64,DARK,58.07,GOOD,61.09,SHARP,45.51,HIGH,320x240,"Increase Brightness, Apply Denoising"
Arson007_x264,motion_0411.jpg,70,MODERATE,2079.45,SHARP,62.39,DARK,57.71,GOOD,61.03,SHARP,45.6,HIGH,320x240,"Increase Brightness, Apply Denoising"
Arson007_x264,motion_0412.jpg,70,MODERATE,2088.59,SHARP,63.7,DARK,59.32,GOOD,61.54,SHARP,45.7,HIGH,320x240,"Increase Brightness, Apply Denoising"
Arson007_x264,motion_0413.jpg,70,MODERATE,2059.59,SHARP,60.72,DARK,56.89,GOOD,60.15,SHARP,45.38,HIGH,320x240,"Increase Brightness, Apply Denoising"
Arson007_x264,motion_0414.jpg,70,MODERATE,2069.46,SHARP,61.86,DARK,58.03,GOOD,60.83,SHARP,45.49,HIGH,320x240,"Increase Brightness, Apply Denoising"
Arson007_x264,motion_0415.jpg,70,MODERATE,2072.6,SHARP,63.27,DARK,59.18,GOOD,61.34,SHARP,45.53,HIGH,320x240,"Increase Brightness, Apply Denoising"
Arson007_x264,motion_0416.jpg,70,MODERATE,2093.75,SHARP,62.4,DARK,58.18,GOOD,60.89,SHARP,45.76,HIGH,320x240,"Increase Brightness, Apply Denoising"
Arson007_x264,motion_0417.jpg,70,MODERATE,2090.97,SHARP,63.51,DARK,59.62,GOOD,61.37,SHARP,45.73,HIGH,320x240,"Increase Brightness, Apply Denoising"
Arson007_x264,motion_0418.jpg,70,MODERATE,2098.86,SHARP,63.16,DARK,59.08,GOOD,61.15,SHARP,45.81,HIGH,320x240,"Increase Brightness, Apply Denoising"
Arson007_x264,motion_0419.jpg,70,MODERATE,2104.0,SHARP,63.37,DARK,59.49,GOOD,61.46,SHARP,45.87,HIGH,320x240,"Increase Brightness, Apply Denoising"
Arson007_x264,motion_0420.jpg,70,MODERATE,2088.74,SHARP,61.72,DARK,57.85,GOOD,60.74,SHARP,45.7,HIGH,320x240,"Increase Brightness, Apply Denoising"
Arson007_x264,motion_0421.jpg,70,MODERATE,2100.52,SHARP,61.84,DARK,58.32,GOOD,61.19,SHARP,45.83,HIGH,320x240,"Increase Brightness, Apply Denoising"
Arson007_x264,motion_0422.jpg,70,MODERATE,2095.35,SHARP,60.77,DARK,57.34,GOOD,60.91,SHARP,45.77,HIGH,320x240,"Increase Brightness, Apply Denoising"
Arson007_x264,motion_0423.jpg,70,MODERATE,2089.24,SHARP,61.09,DARK,57.83,GOOD,61.16,SHARP,45.71,HIGH,320x240,"Increase Brightness, Apply Denoising"
Arson007_x264,motion_0424.jpg,70,MODERATE,2088.09,SHARP,61.76,DARK,58.37,GOOD,60.66,SHARP,45.7,HIGH,320x240,"Increase Brightness, Apply Denoising"
Arson007_x264,motion_0425.jpg,70,MODERATE,2089.47,SHARP,61.34,DARK,57.7,GOOD,60.53,SHARP,45.71,HIGH,320x240,"Increase Brightness, Apply Denoising"
Arson007_x264,motion_0426.jpg,70,MODERATE,2082.66,SHARP,59.74,DARK,56.16,GOOD,60.59,SHARP,45.64,HIGH,320x240,"Increase Brightness, Apply Denoising"
Arson007_x264,motion_0427.jpg,70,MODERATE,2085.37,SHARP,62.31,DARK,58.47,GOOD,61.43,SHARP,45.67,HIGH,320x240,"Increase Brightness, Apply Denoising"
Arson007_x264,motion_0428.jpg,70,MODERATE,2092.09,SHARP,62.15,DARK,58.08,GOOD,61.38,SHARP,45.74,HIGH,320x240,"Increase Brightness, Apply Denoising"
Arson007_x264,motion_0429.jpg,70,MODERATE,2104.56,SHARP,62.87,DARK,58.98,GOOD,61.65,SHARP,45.88,HIGH,320x240,"Increase Brightness, Apply Denoising"
Arson007_x264,motion_0430.jpg,70,MODERATE,2087.05,SHARP,61.7,DARK,57.94,GOOD,61.57,SHARP,45.68,HIGH,320x240,"Increase Brightness, Apply Denoising"
Arson007_x264,motion_0431.jpg,70,MODERATE,2079.38,SHARP,62.1,DARK,58.31,GOOD,61.6,SHARP,45.6,HIGH,320x240,"Increase Brightness, Apply Denoising"
Arson007_x264,motion_0432.jpg,70,MODERATE,2076.97,SHARP,61.42,DARK,57.34,GOOD,61.31,SHARP,45.57,HIGH,320x240,"Increase Brightness, Apply Denoising"
Arson007_x264,motion_0433.jpg,70,MODERATE,2054.74,SHARP,62.01,DARK,58.23,GOOD,60.88,SHARP,45.33,HIGH,320x240,"Increase Brightness, Apply Denoising"
Arson007_x264,motion_0434.jpg,70,MODERATE,2081.62,SHARP,61.77,DARK,58.06,GOOD,61.23,SHARP,45.62,HIGH,320x240,"Increase Brightness, Apply Denoising"
Arson007_x264,motion_0435.jpg,70,MODERATE,2084.0,SHARP,61.92,DARK,57.81,GOOD,61.31,SHARP,45.65,HIGH,320x240,"Increase Brightness, Apply Denoising"
Arson007_x264,motion_0436.jpg,70,MODERATE,2099.08,SHARP,61.26,DARK,57.24,GOOD,61.75,SHARP,45.82,HIGH,320x240,"Increase Brightness, Apply Denoising"
Arson007_x264,motion_0437.jpg,70,MODERATE,2136.31,SHARP,62.52,DARK,58.18,GOOD,62.16,SHARP,46.22,HIGH,320x240,"Increase Brightness, Apply Denoising"
Arson007_x264,motion_0438.jpg,70,MODERATE,2103.38,SHARP,61.14,DARK,56.09,GOOD,61.36,SHARP,45.86,HIGH,320x240,"Increase Brightness, Apply Denoising"
Arson007_x264,motion_0439.jpg,70,MODERATE,2081.34,SHARP,61.08,DARK,56.32,GOOD,61.23,SHARP,45.62,HIGH,320x240,"Increase Brightness, Apply Denoising"
Arson007_x264,motion_0440.jpg,70,MODERATE,2100.13,SHARP,62.44,DARK,57.65,GOOD,61.91,SHARP,45.83,HIGH,320x240,"Increase Brightness, Apply Denoising"
Arson007_x264,motion_0441.jpg,70,MODERATE,2125.98,SHARP,61.53,DARK,56.75,GOOD,61.96,SHARP,46.11,HIGH,320x240,"Increase Brightness, Apply Denoising"
Arson007_x264,motion_0442.jpg,70,MODERATE,2125.78,SHARP,62.47,DARK,57.73,GOOD,61.91,SHARP,46.11,HIGH,320x240,"Increase Brightness, Apply Denoising"
Arson007_x264,motion_0443.jpg,70,MODERATE,2148.32,SHARP,63.42,DARK,58.7,GOOD,63.06,SHARP,46.35,HIGH,320x240,"Increase Brightness, Apply Denoising"
Arson007_x264,motion_0444.jpg,70,MODERATE,2162.59,SHARP,63.35,DARK,58.35,GOOD,63.0,SHARP,46.5,HIGH,320x240,"Increase Brightness, Apply Denoising"
Arson007_x264,motion_0445.jpg,70,MODERATE,2147.92,SHARP,63.5,DARK,58.44,GOOD,62.97,SHARP,46.35,HIGH,320x240,"Increase Brightness, Apply Denoising"
Arson007_x264,motion_0446.jpg,70,MODERATE,2128.6,SHARP,63.53,DARK,58.63,GOOD,62.54,SHARP,46.14,HIGH,320x240,"Increase Brightness, Apply Denoising"
Arson007_x264,motion_0447.jpg,70,MODERATE,2111.59,SHARP,63.54,DARK,58.41,GOOD,61.85,SHARP,45.95,HIGH,320x240,"Increase Brightness, Apply Denoising"
Arson007_x264,motion_0448.jpg,70,MODERATE,2117.61,SHARP,62.56,DARK,57.61,GOOD,61.92,SHARP,46.02,HIGH,320x240,"Increase Brightness, Apply Denoising"
Arson007_x264,motion_0449.jpg,70,MODERATE,2123.62,SHARP,63.1,DARK,58.45,GOOD,62.24,SHARP,46.08,HIGH,320x240,"Increase Brightness, Apply Denoising"
Arson007_x264,motion_0450.jpg,70,MODERATE,2120.25,SHARP,63.7,DARK,59.15,GOOD,62.23,SHARP,46.05,HIGH,320x240,"Increase Brightness, Apply Denoising"
Arson007_x264,motion_0451.jpg,70,MODERATE,2113.71,SHARP,63.22,DARK,58.68,GOOD,62.01,SHARP,45.98,HIGH,320x240,"Increase Brightness, Apply Denoising"
Arson007_x264,motion_0452.jpg,70,MODERATE,2083.71,SHARP,62.16,DARK,58.25,GOOD,61.23,SHARP,45.65,HIGH,320x240,"Increase Brightness, Apply Denoising"
Arson007_x264,motion_0453.jpg,70,MODERATE,2120.12,SHARP,61.81,DARK,57.97,GOOD,61.94,SHARP,46.04,HIGH,320x240,"Increase Brightness, Apply Denoising"
Arson007_x264,motion_0454.jpg,70,MODERATE,2120.7,SHARP,61.66,DARK,57.64,GOOD,61.91,SHARP,46.05,HIGH,320x240,"Increase Brightness, Apply Denoising"
Arson007_x264,motion_0455.jpg,70,MODERATE,2130.25,SHARP,61.03,DARK,57.02,GOOD,62.07,SHARP,46.15,HIGH,320x240,"Increase Brightness, Apply Denoising"
Arson007_x264,motion_0456.jpg,70,MODERATE,2131.24,SHARP,61.38,DARK,57.5,GOOD,62.34,SHARP,46.17,HIGH,320x240,"Increase Brightness, Apply Denoising"
Arson007_x264,motion_0457.jpg,70,MODERATE,2130.29,SHARP,61.86,DARK,57.7,GOOD,62.42,SHARP,46.16,HIGH,320x240,"Increase Brightness, Apply Denoising"
Arson007_x264,motion_0458.jpg,70,MODERATE,2124.89,SHARP,63.55,DARK,58.72,GOOD,62.99,SHARP,46.1,HIGH,320x240,"Increase Brightness, Apply Denoising"
Arson007_x264,motion_0459.jpg,70,MODERATE,2105.55,SHARP,61.87,DARK,57.3,GOOD,61.92,SHARP,45.89,HIGH,320x240,"Increase Brightness, Apply Denoising"
Arson007_x264,motion_0460.jpg,70,MODERATE,2123.82,SHARP,62.46,DARK,57.95,GOOD,62.19,SHARP,46.08,HIGH,320x240,"Increase Brightness, Apply Denoising"
Arson007_x264,motion_0461.jpg,70,MODERATE,2101.99,SHARP,62.96,DARK,58.3,GOOD,61.61,SHARP,45.85,HIGH,320x240,"Increase Brightness, Apply Denoising"
Arson007_x264,motion_0462.jpg,70,MODERATE,2105.03,SHARP,62.2,DARK,57.46,GOOD,61.62,SHARP,45.88,HIGH,320x240,"Increase Brightness, Apply Denoising"
Arson007_x264,motion_0463.jpg,70,MODERATE,2096.84,SHARP,61.9,DARK,57.03,GOOD,61.41,SHARP,45.79,HIGH,320x240,"Increase Brightness, Apply Denoising"
Arson007_x264,motion_0464.jpg,70,MODERATE,2069.71,SHARP,62.52,DARK,57.91,GOOD,61.39,SHARP,45.49,HIGH,320x240,"Increase Brightness, Apply Denoising"
Arson007_x264,motion_0465.jpg,70,MODERATE,2050.04,SHARP,63.37,DARK,58.37,GOOD,60.79,SHARP,45.28,HIGH,320x240,"Increase Brightness, Apply Denoising"
Arson007_x264,motion_0466.jpg,70,MODERATE,2067.56,SHARP,63.03,DARK,58.2,GOOD,61.26,SHARP,45.47,HIGH,320x240,"Increase Brightness, Apply Denoising"
Arson007_x264,motion_0467.jpg,70,MODERATE,2108.46,SHARP,62.06,DARK,57.33,GOOD,62.06,SHARP,45.92,HIGH,320x240,"Increase Brightness, Apply Denoising"
Arson007_x264,motion_0468.jpg,70,MODERATE,2115.02,SHARP,62.2,DARK,57.5,GOOD,62.23,SHARP,45.99,HIGH,320x240,"Increase Brightness, Apply Denoising"
Arson007_x264,motion_0469.jpg,70,MODERATE,2113.49,SHARP,62.21,DARK,57.47,GOOD,62.25,SHARP,45.97,HIGH,320x240,"Increase Brightness, Apply Denoising"
Arson007_x264,motion_0470.jpg,70,MODERATE,2115.85,SHARP,62.31,DARK,57.58,GOOD,62.27,SHARP,46.0,HIGH,320x240,"Increase Brightness, Apply Denoising"
Arson007_x264,motion_0471.jpg,70,MODERATE,2122.33,SHARP,62.37,DARK,57.69,GOOD,62.29,SHARP,46.07,HIGH,320x240,"Increase Brightness, Apply Denoising"
Arson007_x264,motion_0472.jpg,70,MODERATE,2130.2,SHARP,62.84,DARK,58.24,GOOD,62.5,SHARP,46.15,HIGH,320x240,"Increase Brightness, Apply Denoising"
Arson007_x264,motion_0473.jpg,70,MODERATE,2126.76,SHARP,62.8,DARK,58.17,GOOD,62.44,SHARP,46.12,HIGH,320x240,"Increase Brightness, Apply Denoising"
Arson007_x264,motion_0474.jpg,70,MODERATE,2131.54,SHARP,62.8,DARK,58.17,GOOD,62.42,SHARP,46.17,HIGH,320x240,"Increase Brightness, Apply Denoising"
Arson007_x264,motion_0475.jpg,70,MODERATE,2131.74,SHARP,61.93,DARK,57.71,GOOD,62.36,SHARP,46.17,HIGH,320x240,"Increase Brightness, Apply Denoising"
Arson007_x264,motion_0476.jpg,70,MODERATE,2137.1,SHARP,61.97,DARK,57.47,GOOD,63.11,SHARP,46.23,HIGH,320x240,"Increase Brightness, Apply Denoising"
Arson007_x264,motion_0477.jpg,70,MODERATE,2138.5,SHARP,62.01,DARK,57.58,GOOD,63.23,SHARP,46.24,HIGH,320x240,"Increase Brightness, Apply Denoising"
Arson007_x264,motion_0478.jpg,70,MODERATE,2140.92,SHARP,62.19,DARK,57.85,GOOD,63.4,SHARP,46.27,HIGH,320x240,"Increase Brightness, Apply Denoising"
Arson007_x264,motion_0479.jpg,70,MODERATE,2140.97,SHARP,62.55,DARK,58.15,GOOD,63.57,SHARP,46.27,HIGH,320x240,"Increase Brightness, Apply Denoising"
Arson007_x264,motion_0480.jpg,70,MODERATE,2138.77,SHARP,62.44,DARK,57.93,GOOD,63.53,SHARP,46.25,HIGH,320x240,"Increase Brightness, Apply Denoising"
Arson007_x264,motion_0481.jpg,70,MODERATE,2140.84,SHARP,62.46,DARK,57.92,GOOD,63.5,SHARP,46.27,HIGH,320x240,"Increase Brightness, Apply Denoising"
Arson007_x264,motion_0482.jpg,70,MODERATE,2138.18,SHARP,62.84,DARK,58.26,GOOD,63.51,SHARP,46.24,HIGH,320x240,"Increase Brightness, Apply Denoising"
Arson007_x264,motion_0483.jpg,70,MODERATE,2138.9,SHARP,62.85,DARK,58.22,GOOD,63.52,SHARP,46.25,HIGH,320x240,"Increase Brightness, Apply Denoising"
Arson007_x264,motion_0484.jpg,70,MODERATE,2142.41,SHARP,62.29,DARK,57.6,GOOD,63.35,SHARP,46.29,HIGH,320x240,"Increase Brightness, Apply Denoising"
Arson007_x264,motion_0485.jpg,70,MODERATE,2150.54,SHARP,62.62,DARK,58.07,GOOD,63.64,SHARP,46.37,HIGH,320x240,"Increase Brightness, Apply Denoising"
Arson007_x264,motion_0486.jpg,70,MODERATE,2143.91,SHARP,62.88,DARK,58.26,GOOD,63.69,SHARP,46.3,HIGH,320x240,"Increase Brightness, Apply Denoising"
Arson007_x264,motion_0487.jpg,70,MODERATE,2146.22,SHARP,62.98,DARK,58.31,GOOD,63.71,SHARP,46.33,HIGH,320x240,"Increase Brightness, Apply Denoising"
Arson007_x264,motion_0488.jpg,70,MODERATE,2123.57,SHARP,63.89,DARK,58.94,GOOD,63.21,SHARP,46.08,HIGH,320x240,"Increase Brightness, Apply Denoising"
Arson007_x264,motion_0489.jpg,70,MODERATE,2125.85,SHARP,63.9,DARK,58.93,GOOD,63.21,SHARP,46.11,HIGH,320x240,"Increase Brightness, Apply Denoising"
Arson007_x264,motion_0490.jpg,70,MODERATE,2125.74,SHARP,63.62,DARK,58.64,GOOD,63.22,SHARP,46.11,HIGH,320x240,"Increase Brightness, Apply Denoising"
Arson007_x264,motion_0491.jpg,70,MODERATE,2126.88,SHARP,62.83,DARK,57.95,GOOD,63.13,SHARP,46.12,HIGH,320x240,"Increase Brightness, Apply Denoising"
Arson007_x264,motion_0492.jpg,70,MODERATE,2135.11,SHARP,63.11,DARK,58.38,GOOD,63.25,SHARP,46.21,HIGH,320x240,"Increase Brightness, Apply Denoising"
Arson007_x264,motion_0493.jpg,70,MODERATE,2132.43,SHARP,62.96,DARK,58.29,GOOD,63.25,SHARP,46.18,HIGH,320x240,"Increase Brightness, Apply Denoising"
Arson007_x264,motion_0494.jpg,70,MODERATE,2134.42,SHARP,62.74,DARK,58.13,GOOD,63.17,SHARP,46.2,HIGH,320x240,"Increase Brightness, Apply Denoising"
Arson007_x264,motion_0495.jpg,70,MODERATE,2127.9,SHARP,62.34,DARK,57.71,GOOD,63.12,SHARP,46.13,HIGH,320x240,"Increase Brightness, Apply Denoising"
Arson007_x264,motion_0496.jpg,70,MODERATE,2133.03,SHARP,62.2,DARK,57.64,GOOD,63.18,SHARP,46.18,HIGH,320x240,"Increase Brightness, Apply Denoising"
Arson007_x264,motion_0497.jpg,70,MODERATE,2127.77,SHARP,61.67,DARK,57.17,GOOD,63.03,SHARP,46.13,HIGH,320x240,"Increase Brightness, Apply Denoising"
Arson007_x264,motion_0498.jpg,70,MODERATE,2130.75,SHARP,61.59,DARK,57.16,GOOD,63.05,SHARP,46.16,HIGH,320x240,"Increase Brightness, Apply Denoising"
Arson007_x264,motion_0499.jpg,70,MODERATE,2132.43,SHARP,61.45,DARK,57.1,GOOD,62.99,SHARP,46.18,HIGH,320x240,"Increase Brightness, Apply Denoising"
Arson007_x264,motion_0500.jpg,70,MODERATE,2128.98,SHARP,61.38,DARK,57.02,GOOD,62.91,SHARP,46.14,HIGH,320x240,"Increase Brightness, Apply Denoising"
Arson007_x264,motion_0501.jpg,70,MODERATE,2119.28,SHARP,61.63,DARK,57.29,GOOD,62.86,SHARP,46.04,HIGH,320x240,"Increase Brightness, Apply Denoising"
Arson007_x264,motion_0502.jpg,70,MODERATE,2123.8,SHARP,61.94,DARK,57.61,GOOD,62.86,SHARP,46.08,HIGH,320x240,"Increase Brightness, Apply Denoising"
Arson007_x264,motion_0503.jpg,70,MODERATE,2125.87,SHARP,61.78,DARK,57.39,GOOD,62.76,SHARP,46.11,HIGH,320x240,"Increase Brightness, Apply Denoising"
Arson007_x264,motion_0504.jpg,70,MODERATE,2141.85,SHARP,61.89,DARK,57.58,GOOD,62.83,SHARP,46.28,HIGH,320x240,"Increase Brightness, Apply Denoising"
Arson007_x264,motion_0505.jpg,70,MODERATE,2135.78,SHARP,62.15,DARK,57.92,GOOD,62.84,SHARP,46.21,HIGH,320x240,"Increase Brightness, Apply Denoising"
Arson007_x264,motion_0506.jpg,70,MODERATE,2137.95,SHARP,62.37,DARK,58.17,GOOD,62.94,SHARP,46.24,HIGH,320x240,"Increase Brightness, Apply Denoising"
Arson007_x264,motion_0507.jpg,70,MODERATE,2141.99,SHARP,61.64,DARK,57.44,GOOD,62.74,SHARP,46.28,HIGH,320x240,"Increase Brightness, Apply Denoising"
Arson007_x264,motion_0508.jpg,70,MODERATE,2141.33,SHARP,61.69,DARK,57.54,GOOD,62.79,SHARP,46.27,HIGH,320x240,"Increase Brightness, Apply Denoising"
Arson007_x264,motion_0509.jpg,70,MODERATE,2128.18,SHARP,61.2,DARK,56.84,GOOD,62.48,SHARP,46.13,HIGH,320x240,"Increase Brightness, Apply Denoising"
Arson007_x264,motion_0510.jpg,70,MODERATE,2139.95,SHARP,61.28,DARK,57.02,GOOD,62.55,SHARP,46.26,HIGH,320x240,"Increase Brightness, Apply Denoising"
Arson007_x264,motion_0511.jpg,70,MODERATE,2142.97,SHARP,62.33,DARK,58.13,GOOD,62.87,SHARP,46.29,HIGH,320x240,"Increase Brightness, Apply Denoising"
Arson007_x264,motion_0512.jpg,70,MODERATE,2117.33,SHARP,63.56,DARK,58.9,GOOD,62.47,SHARP,46.01,HIGH,320x240,"Increase Brightness, Apply Denoising"
Arson007_x264,motion_0513.jpg,70,MODERATE,2110.92,SHARP,62.55,DARK,57.8,GOOD,62.09,SHARP,45.94,HIGH,320x240,"Increase Brightness, Apply Denoising"
Arson007_x264,motion_0514.jpg,70,MODERATE,2142.41,SHARP,62.47,DARK,58.48,GOOD,62.7,SHARP,46.29,HIGH,320x240,"Increase Brightness, Apply Denoising"
Arson007_x264,motion_0515.jpg,70,MODERATE,2164.11,SHARP,62.3,DARK,58.53,GOOD,63.27,SHARP,46.52,HIGH,320x240,"Increase Brightness, Apply Denoising"
Arson007_x264,motion_0516.jpg,70,MODERATE,2146.31,SHARP,61.9,DARK,57.59,GOOD,62.27,SHARP,46.33,HIGH,320x240,"Increase Brightness, Apply Denoising"
Arson007_x264,motion_0517.jpg,70,MODERATE,2130.88,SHARP,61.82,DARK,57.58,GOOD,61.99,SHARP,46.16,HIGH,320x240,"Increase Brightness, Apply Denoising"
Arson007_x264,motion_0518.jpg,70,MODERATE,2143.09,SHARP,62.58,DARK,58.62,GOOD,62.4,SHARP,46.29,HIGH,320x240,"Increase Brightness, Apply Denoising"
Arson007_x264,motion_0519.jpg,70,MODERATE,2131.07,SHARP,61.83,DARK,57.66,GOOD,62.11,SHARP,46.16,HIGH,320x240,"Increase Brightness, Apply Denoising"
Arson007_x264,motion_0520.jpg,70,MODERATE,2144.26,SHARP,62.62,DARK,58.75,GOOD,62.52,SHARP,46.31,HIGH,320x240,"Increase Brightness, Apply Denoising"
Arson007_x264,motion_0521.jpg,70,MODERATE,2119.53,SHARP,61.95,DARK,57.55,GOOD,61.84,SHARP,46.04,HIGH,320x240,"Increase Brightness, Apply Denoising"
Arson007_x264,motion_0522.jpg,70,MODERATE,2139.97,SHARP,61.97,DARK,57.96,GOOD,62.14,SHARP,46.26,HIGH,320x240,"Increase Brightness, Apply Denoising"
Arson007_x264,motion_0523.jpg,70,MODERATE,2098.11,SHARP,60.67,DARK,56.33,GOOD,60.89,SHARP,45.81,HIGH,320x240,"Increase Brightness, Apply Denoising"
Arson007_x264,motion_0524.jpg,70,MODERATE,2117.61,SHARP,61.65,DARK,57.69,GOOD,61.41,SHARP,46.02,HIGH,320x240,"Increase Brightness, Apply Denoising"
Arson007_x264,motion_0525.jpg,70,MODERATE,955.79,SHARP,85.88,NORMAL,62.56,GOOD,25.57,SOFT,30.92,HIGH,320x240,"Sharpen Image, Apply Denoising"
Arson007_x264,motion_0526.jpg,70,MODERATE,968.94,SHARP,84.55,NORMAL,61.59,GOOD,26.33,SOFT,31.13,HIGH,320x240,"Sharpen Image, Apply Denoising"
Arson007_x264,motion_0527.jpg,70,MODERATE,980.01,SHARP,82.91,NORMAL,60.31,GOOD,27.1,SOFT,31.31,HIGH,320x240,"Sharpen Image, Apply Denoising"
Arson007_x264,motion_0528.jpg,70,MODERATE,978.19,SHARP,82.8,NORMAL,60.31,GOOD,26.83,SOFT,31.28,HIGH,320x240,"Sharpen Image, Apply Denoising"
Arson007_x264,motion_0529.jpg,70,MODERATE,986.9,SHARP,84.12,NORMAL,61.07,GOOD,26.8,SOFT,31.41,HIGH,320x240,"Sharpen Image, Apply Denoising"
Arson007_x264,motion_0530.jpg,70,MODERATE,984.23,SHARP,85.38,NORMAL,62.11,GOOD,26.62,SOFT,31.37,HIGH,320x240,"Sharpen Image, Apply Denoising"
Arson007_x264,motion_0531.jpg,70,MODERATE,986.5,SHARP,85.09,NORMAL,62.15,GOOD,26.83,SOFT,31.41,HIGH,320x240,"Sharpen Image, Apply Denoising"
Arson007_x264,motion_0532.jpg,70,MODERATE,987.18,SHARP,84.03,NORMAL,61.57,GOOD,26.87,SOFT,31.42,HIGH,320x240,"Sharpen Image, Apply Denoising"
Arson007_x264,motion_0533.jpg,70,MODERATE,991.11,SHARP,83.26,NORMAL,61.03,GOOD,27.32,SOFT,31.48,HIGH,320x240,"Sharpen Image, Apply Denoising"
Arson007_x264,motion_0534.jpg,70,MODERATE,996.22,SHARP,82.29,NORMAL,60.26,GOOD,27.48,SOFT,31.56,HIGH,320x240,"Sharpen Image, Apply Denoising"
Arson007_x264,motion_0535.jpg,70,MODERATE,1000.92,SHARP,82.3,NORMAL,60.04,GOOD,27.86,SOFT,31.64,HIGH,320x240,"Sharpen Image, Apply Denoising"
Arson007_x264,motion_0536.jpg,70,MODERATE,1005.33,SHARP,81.89,NORMAL,59.72,GOOD,28.02,SOFT,31.71,HIGH,320x240,"Sharpen Image, Apply Denoising"
Arson007_x264,motion_0537.jpg,70,MODERATE,1008.82,SHARP,81.53,NORMAL,59.59,GOOD,28.48,SOFT,31.76,HIGH,320x240,"Sharpen Image, Apply Denoising"
Arson007_x264,motion_0538.jpg,70,MODERATE,1021.48,SHARP,81.28,NORMAL,59.46,GOOD,29.08,SOFT,31.96,HIGH,320x240,"Sharpen Image, Apply Denoising"
Arson007_x264,motion_0539.jpg,70,MODERATE,1030.72,SHARP,81.51,NORMAL,59.71,GOOD,29.05,SOFT,32.1,HIGH,320x240,"Sharpen Image, Apply Denoising"
Arson007_x264,motion_0540.jpg,70,MODERATE,1035.59,SHARP,82.49,NORMAL,60.29,GOOD,28.82,SOFT,32.18,HIGH,320x240,"Sharpen Image, Apply Denoising"
Arson007_x264,motion_0541.jpg,70,MODERATE,1038.75,SHARP,84.27,NORMAL,61.42,GOOD,28.24,SOFT,32.23,HIGH,320x240,"Sharpen Image, Apply Denoising"
Arson007_x264,motion_0542.jpg,70,MODERATE,1041.8,SHARP,85.07,NORMAL,61.92,GOOD,28.01,SOFT,32.28,HIGH,320x240,"Sharpen Image, Apply Denoising"
Arson007_x264,motion_0543.jpg,70,MODERATE,1036.68,SHARP,85.1,NORMAL,61.86,GOOD,27.75,SOFT,32.2,HIGH,320x240,"Sharpen Image, Apply Denoising"
Arson007_x264,motion_0544.jpg,70,MODERATE,1031.63,SHARP,84.29,NORMAL,61.26,GOOD,28.04,SOFT,32.12,HIGH,320x240,"Sharpen Image, Apply Denoising"
Arson007_x264,motion_0545.jpg,70,MODERATE,1025.73,SHARP,84.16,NORMAL,61.23,GOOD,27.56,SOFT,32.03,HIGH,320x240,"Sharpen Image, Apply Denoising"
Arson007_x264,motion_0546.jpg,70,MODERATE,1025.64,SHARP,82.78,NORMAL,60.42,GOOD,27.87,SOFT,32.03,HIGH,320x240,"Sharpen Image, Apply Denoising"
Arson007_x264,motion_0547.jpg,70,MODERATE,1040.83,SHARP,81.62,NORMAL,59.59,GOOD,28.95,SOFT,32.26,HIGH,320x240,"Sharpen Image, Apply Denoising"
Arson007_x264,motion_0548.jpg,70,MODERATE,1040.41,SHARP,82.0,NORMAL,59.92,GOOD,28.84,SOFT,32.26,HIGH,320x240,"Sharpen Image, Apply Denoising"
Arson007_x264,motion_0549.jpg,70,MODERATE,1035.96,SHARP,83.1,NORMAL,60.66,GOOD,28.55,SOFT,32.19,HIGH,320x240,"Sharpen Image, Apply Denoising"
Arson007_x264,motion_0550.jpg,70,MODERATE,993.25,SHARP,85.19,NORMAL,61.98,GOOD,27.21,SOFT,31.52,HIGH,320x240,"Sharpen Image, Apply Denoising"
Arson007_x264,motion_0551.jpg,70,MODERATE,988.44,SHARP,85.87,NORMAL,62.42,GOOD,27.1,SOFT,31.44,HIGH,320x240,"Sharpen Image, Apply Denoising"
Arson007_x264,motion_0552.jpg,70,MODERATE,1018.32,SHARP,85.35,NORMAL,62.04,GOOD,27.44,SOFT,31.91,HIGH,320x240,"Sharpen Image, Apply Denoising"
Arson007_x264,motion_0553.jpg,70,MODERATE,1015.0,SHARP,84.8,NORMAL,61.71,GOOD,27.51,SOFT,31.86,HIGH,320x240,"Sharpen Image, Apply Denoising"
Arson007_x264,motion_0554.jpg,70,MODERATE,1017.46,SHARP,80.73,NORMAL,59.41,GOOD,28.37,SOFT,31.9,HIGH,320x240,"Sharpen Image, Apply Denoising"
Arson007_x264,motion_0555.jpg,70,MODERATE,1029.18,SHARP,79.96,NORMAL,58.74,GOOD,28.9,SOFT,32.08,HIGH,320x240,"Sharpen Image, Apply Denoising"
Arson007_x264,motion_0556.jpg,70,MODERATE,1040.67,SHARP,80.16,NORMAL,58.74,GOOD,29.36,SOFT,32.26,HIGH,320x240,"Sharpen Image, Apply Denoising"
Arson007_x264,motion_0557.jpg,70,MODERATE,1055.5,SHARP,80.72,NORMAL,59.26,GOOD,29.91,SOFT,32.49,HIGH,320x240,"Sharpen Image, Apply Denoising"
Arson007_x264,motion_0558.jpg,70,MODERATE,1063.55,SHARP,82.19,NORMAL,60.19,GOOD,29.84,SOFT,32.61,HIGH,320x240,"Sharpen Image, Apply Denoising"
Arson007_x264,motion_0559.jpg,70,MODERATE,1066.89,SHARP,85.65,NORMAL,62.33,GOOD,28.67,SOFT,32.66,HIGH,320x240,"Sharpen Image, Apply Denoising"
Arson007_x264,motion_0560.jpg,70,MODERATE,1073.8,SHARP,87.73,NORMAL,63.73,GOOD,28.2,SOFT,32.77,HIGH,320x240,"Sharpen Image, Apply Denoising"
Arson007_x264,motion_0561.jpg,70,MODERATE,1069.13,SHARP,88.64,NORMAL,64.26,GOOD,27.71,SOFT,32.7,HIGH,320x240,"Sharpen Image, Apply Denoising"
Arson007_x264,motion_0562.jpg,70,MODERATE,1020.03,SHARP,83.24,NORMAL,60.46,GOOD,27.68,SOFT,31.94,HIGH,320x240,"Sharpen Image, Apply Denoising"
Arson007_x264,motion_0563.jpg,70,MODERATE,1024.12,SHARP,82.85,NORMAL,60.25,GOOD,27.73,SOFT,32.0,HIGH,320x240,"Sharpen Image, Apply Denoising"
Arson007_x264,motion_0564.jpg,70,MODERATE,1026.98,SHARP,82.81,NORMAL,60.19,GOOD,27.83,SOFT,32.05,HIGH,320x240,"Sharpen Image, Apply Denoising"
Arson007_x264,motion_0565.jpg,70,MODERATE,1034.94,SHARP,82.59,NORMAL,60.11,GOOD,28.83,SOFT,32.17,HIGH,320x240,"Sharpen Image, Apply Denoising"
Arson007_x264,motion_0566.jpg,70,MODERATE,1035.42,SHARP,84.11,NORMAL,61.41,GOOD,28.24,SOFT,32.18,HIGH,320x240,"Sharpen Image, Apply Denoising"
Arson007_x264,motion_0567.jpg,70,MODERATE,1041.24,SHARP,85.26,NORMAL,62.43,GOOD,27.81,SOFT,32.27,HIGH,320x240,"Sharpen Image, Apply Denoising"
Arson007_x264,motion_0568.jpg,70,MODERATE,1043.25,SHARP,87.23,NORMAL,63.44,GOOD,27.22,SOFT,32.3,HIGH,320x240,"Sharpen Image, Apply Denoising"
Arson007_x264,motion_0569.jpg,70,MODERATE,1040.28,SHARP,87.65,NORMAL,63.56,GOOD,26.89,SOFT,32.25,HIGH,320x240,"Sharpen Image, Apply Denoising"
Arson007_x264,motion_0570.jpg,70,MODERATE,1035.5,SHARP,87.18,NORMAL,63.09,GOOD,26.92,SOFT,32.18,HIGH,320x240,"Sharpen Image, Apply Denoising"
Arson007_x264,motion_0571.jpg,70,MODERATE,1037.46,SHARP,87.36,NORMAL,63.21,GOOD,26.72,SOFT,32.21,HIGH,320x240,"Sharpen Image, Apply Denoising"
Arson007_x264,motion_0572.jpg,70,MODERATE,1018.3,SHARP,85.91,NORMAL,62.28,GOOD,26.53,SOFT,31.91,HIGH,320x240,"Sharpen Image, Apply Denoising"
Arson007_x264,motion_0573.jpg,70,MODERATE,1018.62,SHARP,85.63,NORMAL,61.97,GOOD,26.73,SOFT,31.92,HIGH,320x240,"Sharpen Image, Apply Denoising"
Arson007_x264,motion_0574.jpg,70,MODERATE,1014.43,SHARP,86.45,NORMAL,62.56,GOOD,26.33,SOFT,31.85,HIGH,320x240,"Sharpen Image, Apply Denoising"
Arson007_x264,motion_0575.jpg,70,MODERATE,1012.86,SHARP,86.41,NORMAL,62.61,GOOD,26.22,SOFT,31.83,HIGH,320x240,"Sharpen Image, Apply Denoising"
Arson007_x264,motion_0576.jpg,70,MODERATE,1011.98,SHARP,85.67,NORMAL,62.21,GOOD,26.41,SOFT,31.81,HIGH,320x240,"Sharpen Image, Apply Denoising"
Arson007_x264,motion_0577.jpg,70,MODERATE,1013.64,SHARP,84.52,NORMAL,61.51,GOOD,26.86,SOFT,31.84,HIGH,320x240,"Sharpen Image, Apply Denoising"
Arson007_x264,motion_0578.jpg,70,MODERATE,1012.2,SHARP,83.66,NORMAL,60.82,GOOD,27.45,SOFT,31.82,HIGH,320x240,"Sharpen Image, Apply Denoising"
Arson007_x264,motion_0579.jpg,70,MODERATE,1013.76,SHARP,81.37,NORMAL,59.55,GOOD,27.96,SOFT,31.84,HIGH,320x240,"Sharpen Image, Apply Denoising"
Arson007_x264,motion_0580.jpg,70,MODERATE,1019.34,SHARP,80.64,NORMAL,59.05,GOOD,28.61,SOFT,31.93,HIGH,320x240,"Sharpen Image, Apply Denoising"
Arson007_x264,motion_0581.jpg,70,MODERATE,1025.85,SHARP,81.28,NORMAL,59.42,GOOD,28.48,SOFT,32.03,HIGH,320x240,"Sharpen Image, Apply Denoising"
Arson007_x264,motion_0582.jpg,70,MODERATE,1025.59,SHARP,84.08,NORMAL,61.07,GOOD,27.58,SOFT,32.02,HIGH,320x240,"Sharpen Image, Apply Denoising"
Arson007_x264,motion_0583.jpg,70,MODERATE,1023.95,SHARP,86.91,NORMAL,62.93,GOOD,26.2,SOFT,32.0,HIGH,320x240,"Sharpen Image, Apply Denoising"
Arson007_x264,motion_0584.jpg,70,MODERATE,1025.56,SHARP,85.82,NORMAL,62.2,GOOD,26.59,SOFT,32.02,HIGH,320x240,"Sharpen Image, Apply Denoising"
Arson007_x264,motion_0585.jpg,70,MODERATE,1029.4,SHARP,85.76,NORMAL,62.09,GOOD,26.8,SOFT,32.08,HIGH,320x240,"Sharpen Image, Apply Denoising"
Arson007_x264,motion_0586.jpg,70,MODERATE,1022.94,SHARP,87.79,NORMAL,63.44,GOOD,26.32,SOFT,31.98,HIGH,320x240,"Sharpen Image, Apply Denoising"
Arson007_x264,motion_0587.jpg,70,MODERATE,1035.27,SHARP,88.4,NORMAL,63.86,GOOD,25.94,SOFT,32.18,HIGH,320x240,"Sharpen Image, Apply Denoising"
Arson007_x264,motion_0588.jpg,70,MODERATE,1019.21,SHARP,86.97,NORMAL,63.09,GOOD,25.61,SOFT,31.93,HIGH,320x240,"Sharpen Image, Apply Denoising"
Arson007_x264,motion_0589.jpg,70,MODERATE,982.1,SHARP,87.3,NORMAL,63.2,GOOD,25.09,SOFT,31.34,HIGH,320x240,"Sharpen Image, Apply Denoising"
Arson007_x264,motion_0590.jpg,70,MODERATE,981.63,SHARP,87.15,NORMAL,63.13,GOOD,24.8,SOFT,31.33,HIGH,320x240,"Sharpen Image, Apply Denoising"
Arson007_x264,motion_0591.jpg,70,MODERATE,983.54,SHARP,87.4,NORMAL,63.33,GOOD,24.89,SOFT,31.36,HIGH,320x240,"Sharpen Image, Apply Denoising"
Arson007_x264,motion_0592.jpg,70,MODERATE,976.98,SHARP,87.57,NORMAL,63.39,GOOD,24.74,SOFT,31.26,HIGH,320x240,"Sharpen Image, Apply Denoising"
Arson007_x264,motion_0593.jpg,70,MODERATE,977.88,SHARP,86.1,NORMAL,62.38,GOOD,25.08,SOFT,31.27,HIGH,320x240,"Sharpen Image, Apply Denoising"
Arson007_x264,motion_0594.jpg,70,MODERATE,982.65,SHARP,85.91,NORMAL,62.14,GOOD,24.9,SOFT,31.35,HIGH,320x240,"Sharpen Image, Apply Denoising"
Arson007_x264,motion_0595.jpg,70,MODERATE,988.22,SHARP,87.38,NORMAL,63.33,GOOD,25.15,SOFT,31.44,HIGH,320x240,"Sharpen Image, Apply Denoising"
Arson007_x264,motion_0596.jpg,70,MODERATE,988.45,SHARP,87.46,NORMAL,63.32,GOOD,24.9,SOFT,31.44,HIGH,320x240,"Sharpen Image, Apply Denoising"
Arson007_x264,motion_0597.jpg,70,MODERATE,986.43,SHARP,87.03,NORMAL,63.07,GOOD,24.7,SOFT,31.41,HIGH,320x240,"Sharpen Image, Apply Denoising"
Arson007_x264,motion_0598.jpg,70,MODERATE,973.82,SHARP,86.18,NORMAL,62.46,GOOD,25.13,SOFT,31.21,HIGH,320x240,"Sharpen Image, Apply Denoising"
Arson007_x264,motion_0599.jpg,70,MODERATE,974.43,SHARP,85.94,NORMAL,62.28,GOOD,25.09,SOFT,31.22,HIGH,320x240,"Sharpen Image, Apply Denoising"
Arson007_x264,motion_0600.jpg,70,MODERATE,1023.16,SHARP,84.5,NORMAL,61.39,GOOD,26.63,SOFT,31.99,HIGH,320x240,"Sharpen Image, Apply Denoising"
Arson007_x264,motion_0601.jpg,70,MODERATE,1023.93,SHARP,85.44,NORMAL,62.04,GOOD,26.33,SOFT,32.0,HIGH,320x240,"Sharpen Image, Apply Denoising"
Arson013_x264,motion_0000.jpg,35,POOR,4.22,BLURRY,6.49,DARK,7.15,LOW,3.11,SOFT,2.05,LOW,320x240,"Apply Deblurring, Increase Brightness, Enhance Contrast, Sharpen Image"
Arson013_x264,motion_0001.jpg,35,POOR,20.83,BLURRY,14.05,DARK,15.32,LOW,6.86,SOFT,4.56,LOW,320x240,"Apply Deblurring, Increase Brightness, Enhance Contrast, Sharpen Image"
Arson013_x264,motion_0002.jpg,35,POOR,49.81,BLURRY,20.93,DARK,22.94,LOW,10.43,SOFT,7.06,LOW,320x240,"Apply Deblurring, Increase Brightness, Enhance Contrast, Sharpen Image"
Arson013_x264,motion_0003.jpg,45,POOR,101.21,SHARP,34.62,DARK,27.59,LOW,16.01,SOFT,10.06,HIGH,320x240,"Increase Brightness, Enhance Contrast, Sharpen Image, Apply Denoising"
Arson013_x264,motion_0004.jpg,45,POOR,157.99,SHARP,43.68,DARK,34.61,LOW,20.16,SOFT,12.57,HIGH,320x240,"Increase Brightness, Enhance Contrast, Sharpen Image, Apply Denoising"
Arson013_x264,motion_0005.jpg,55,MODERATE,229.58,SHARP,52.35,DARK,41.53,GOOD,24.48,SOFT,15.15,HIGH,320x240,"Increase Brightness, Sharpen Image, Apply Denoising"
Arson013_x264,motion_0006.jpg,55,MODERATE,312.17,SHARP,61.35,DARK,48.61,GOOD,28.53,SOFT,17.67,HIGH,320x240,"Increase Brightness, Sharpen Image, Apply Denoising"
Arson013_x264,motion_0007.jpg,55,MODERATE,413.53,SHARP,69.9,DARK,55.52,GOOD,32.86,SOFT,20.34,HIGH,320x240,"Increase Brightness, Sharpen Image, Apply Denoising"
Arson013_x264,motion_0008.jpg,70,MODERATE,564.81,SHARP,78.7,NORMAL,62.62,GOOD,38.19,SOFT,23.77,HIGH,320x240,"Sharpen Image, Apply Denoising"
Arson013_x264,motion_0009.jpg,70,MODERATE,788.25,SHARP,78.9,NORMAL,62.88,GOOD,44.02,SOFT,28.08,HIGH,320x240,"Sharpen Image, Apply Denoising"
Arson013_x264,motion_0010.jpg,70,MODERATE,787.12,SHARP,79.04,NORMAL,62.91,GOOD,44.26,SOFT,28.06,HIGH,320x240,"Sharpen Image, Apply Denoising"
Arson013_x264,motion_0011.jpg,70,MODERATE,836.74,SHARP,79.23,NORMAL,62.99,GOOD,44.81,SOFT,28.93,HIGH,320x240,"Sharpen Image, Apply Denoising"
Arson013_x264,motion_0012.jpg,70,MODERATE,868.61,SHARP,79.16,NORMAL,62.85,GOOD,44.96,SOFT,29.47,HIGH,320x240,"Sharpen Image, Apply Denoising"
Arson013_x264,motion_0013.jpg,70,MODERATE,907.53,SHARP,78.98,NORMAL,62.65,GOOD,45.45,SOFT,30.13,HIGH,320x240,"Sharpen Image, Apply Denoising"
Arson013_x264,motion_0014.jpg,70,MODERATE,940.21,SHARP,78.78,NORMAL,62.39,GOOD,45.91,SOFT,30.66,HIGH,320x240,"Sharpen Image, Apply Denoising"
Arson013_x264,motion_0015.jpg,70,MODERATE,977.88,SHARP,78.55,NORMAL,62.14,GOOD,46.47,SOFT,31.27,HIGH,320x240,"Sharpen Image, Apply Denoising"
Arson013_x264,motion_0016.jpg,70,MODERATE,1018.44,SHARP,78.38,NORMAL,61.91,GOOD,46.96,SOFT,31.91,HIGH,320x240,"Sharpen Image, Apply Denoising"
Arson013_x264,motion_0017.jpg,70,MODERATE,1056.04,SHARP,78.13,NORMAL,61.55,GOOD,47.47,SOFT,32.5,HIGH,320x240,"Sharpen Image, Apply Denoising"
Arson013_x264,motion_0018.jpg,70,MODERATE,1099.42,SHARP,77.87,NORMAL,61.2,GOOD,47.91,SOFT,33.16,HIGH,320x240,"Sharpen Image, Apply Denoising"
Arson013_x264,motion_0019.jpg,70,MODERATE,1145.97,SHARP,77.63,NORMAL,60.87,GOOD,48.35,SOFT,33.85,HIGH,320x240,"Sharpen Image, Apply Denoising"
Arson013_x264,motion_0020.jpg,70,MODERATE,1194.73,SHARP,77.44,NORMAL,60.66,GOOD,48.81,SOFT,34.56,HIGH,320x240,"Sharpen Image, Apply Denoising"
Arson013_x264,motion_0021.jpg,70,MODERATE,1223.07,SHARP,77.29,NORMAL,60.54,GOOD,48.97,SOFT,34.97,HIGH,320x240,"Sharpen Image, Apply Denoising"
Arson013_x264,motion_0022.jpg,70,MODERATE,1251.04,SHARP,77.25,NORMAL,60.52,GOOD,49.2,SOFT,35.37,HIGH,320x240,"Sharpen Image, Apply Denoising"
Arson013_x264,motion_0023.jpg,70,MODERATE,1265.62,SHARP,77.17,NORMAL,60.48,GOOD,49.45,SOFT,35.58,HIGH,320x240,"Sharpen Image, Apply Denoising"
Arson013_x264,motion_0024.jpg,85,GOOD,1331.2,SHARP,76.89,NORMAL,60.17,GOOD,50.11,SHARP,36.49,HIGH,320x240,Apply Denoising
Arson013_x264,motion_0025.jpg,85,GOOD,1332.47,SHARP,76.88,NORMAL,60.16,GOOD,50.3,SHARP,36.5,HIGH,320x240,Apply Denoising
Arson013_x264,motion_0026.jpg,85,GOOD,1336.36,SHARP,76.91,NORMAL,60.2,GOOD,50.34,SHARP,36.56,HIGH,320x240,Apply Denoising
Arson013_x264,motion_0027.jpg,85,GOOD,1336.99,SHARP,76.94,NORMAL,60.23,GOOD,50.3,SHARP,36.56,HIGH,320x240,Apply Denoising
Arson013_x264,motion_0028.jpg,85,GOOD,1333.12,SHARP,76.98,NORMAL,60.26,GOOD,50.21,SHARP,36.51,HIGH,320x240,Apply Denoising
Arson013_x264,motion_0029.jpg,85,GOOD,1332.1,SHARP,77.07,NORMAL,60.33,GOOD,50.22,SHARP,36.5,HIGH,320x240,Apply Denoising
Arson013_x264,motion_0030.jpg,85,GOOD,1323.43,SHARP,77.01,NORMAL,60.27,GOOD,50.19,SHARP,36.38,HIGH,320x240,Apply Denoising
Arson013_x264,motion_0031.jpg,85,GOOD,1326.21,SHARP,76.84,NORMAL,60.25,GOOD,50.53,SHARP,36.42,HIGH,320x240,Apply Denoising
Arson013_x264,motion_0032.jpg,70,MODERATE,1298.95,SHARP,77.47,NORMAL,60.64,GOOD,49.56,SOFT,36.04,HIGH,320x240,"Sharpen Image, Apply Denoising"
Arson013_x264,motion_0033.jpg,70,MODERATE,1273.32,SHARP,77.51,NORMAL,60.65,GOOD,49.31,SOFT,35.68,HIGH,320x240,"Sharpen Image, Apply Denoising"
Arson013_x264,motion_0034.jpg,70,MODERATE,1245.58,SHARP,77.65,NORMAL,60.76,GOOD,49.1,SOFT,35.29,HIGH,320x240,"Sharpen Image, Apply Denoising"
Arson013_x264,motion_0035.jpg,70,MODERATE,1194.05,SHARP,77.85,NORMAL,60.96,GOOD,48.56,SOFT,34.55,HIGH,320x240,"Sharpen Image, Apply Denoising"
Arson013_x264,motion_0036.jpg,70,MODERATE,1143.85,SHARP,78.08,NORMAL,61.23,GOOD,47.94,SOFT,33.82,HIGH,320x240,"Sharpen Image, Apply Denoising"
Arson013_x264,motion_0037.jpg,70,MODERATE,1095.84,SHARP,78.34,NORMAL,61.57,GOOD,47.42,SOFT,33.1,HIGH,320x240,"Sharpen Image, Apply Denoising"
Arson013_x264,motion_0038.jpg,70,MODERATE,1050.61,SHARP,78.61,NORMAL,61.91,GOOD,46.8,SOFT,32.41,HIGH,320x240,"Sharpen Image, Apply Denoising"
Arson013_x264,motion_0039.jpg,70,MODERATE,1007.55,SHARP,78.79,NORMAL,62.14,GOOD,46.36,SOFT,31.74,HIGH,320x240,"Sharpen Image, Apply Denoising"
Arson013_x264,motion_0040.jpg,70,MODERATE,969.25,SHARP,78.99,NORMAL,62.35,GOOD,45.79,SOFT,31.13,HIGH,320x240,"Sharpen Image, Apply Denoising"
Arson013_x264,motion_0041.jpg,70,MODERATE,921.45,SHARP,79.15,NORMAL,62.56,GOOD,45.2,SOFT,30.36,HIGH,320x240,"Sharpen Image, Apply Denoising"
Arson013_x264,motion_0042.jpg,70,MODERATE,872.04,SHARP,79.26,NORMAL,62.69,GOOD,44.5,SOFT,29.53,HIGH,320x240,"Sharpen Image, Apply Denoising"
Arson013_x264,motion_0043.jpg,70,MODERATE,831.39,SHARP,79.22,NORMAL,62.76,GOOD,44.25,SOFT,28.83,HIGH,320x240,"Sharpen Image, Apply Denoising"
Arson013_x264,motion_0044.jpg,70,MODERATE,777.12,SHARP,79.03,NORMAL,62.66,GOOD,43.68,SOFT,27.88,HIGH,320x240,"Sharpen Image, Apply Denoising"
Arson013_x264,motion_0045.jpg,70,MODERATE,774.63,SHARP,78.89,NORMAL,62.62,GOOD,43.44,SOFT,27.83,HIGH,320x240,"Sharpen Image, Apply Denoising"
Arson013_x264,motion_0046.jpg,70,MODERATE,775.51,SHARP,78.71,NORMAL,62.62,GOOD,43.39,SOFT,27.85,HIGH,320x240,"Sharpen Image, Apply Denoising"
Arson013_x264,motion_0047.jpg,70,MODERATE,782.47,SHARP,78.58,NORMAL,62.49,GOOD,44.31,SOFT,27.97,HIGH,320x240,"Sharpen Image, Apply Denoising"
Arson013_x264,motion_0048.jpg,70,MODERATE,782.9,SHARP,78.63,NORMAL,62.49,GOOD,44.28,SOFT,27.98,HIGH,320x240,"Sharpen Image, Apply Denoising"
Arson013_x264,motion_0049.jpg,70,MODERATE,785.96,SHARP,78.66,NORMAL,62.47,GOOD,44.3,SOFT,28.04,HIGH,320x240,"Sharpen Image, Apply Denoising"
Arson013_x264,motion_0050.jpg,70,MODERATE,786.86,SHARP,78.69,NORMAL,62.48,GOOD,44.23,SOFT,28.05,HIGH,320x240,"Sharpen Image, Apply Denoising"
Arson013_x264,motion_0051.jpg,70,MODERATE,787.07,SHARP,78.71,NORMAL,62.5,GOOD,44.18,SOFT,28.05,HIGH,320x240,"Sharpen Image, Apply Denoising"
Arson013_x264,motion_0052.jpg,70,MODERATE,785.75,SHARP,78.75,NORMAL,62.54,GOOD,43.98,SOFT,28.03,HIGH,320x240,"Sharpen Image, Apply Denoising"
Arson013_x264,motion_0053.jpg,70,MODERATE,786.7,SHARP,78.77,NORMAL,62.56,GOOD,44.06,SOFT,28.05,HIGH,320x240,"Sharpen Image, Apply Denoising"
Arson013_x264,motion_0054.jpg,70,MODERATE,786.89,SHARP,78.79,NORMAL,62.56,GOOD,44.02,SOFT,28.05,HIGH,320x240,"Sharpen Image, Apply Denoising"
Arson013_x264,motion_0055.jpg,70,MODERATE,785.14,SHARP,78.79,NORMAL,62.57,GOOD,43.99,SOFT,28.02,HIGH,320x240,"Sharpen Image, Apply Denoising"
Arson013_x264,motion_0056.jpg,70,MODERATE,780.91,SHARP,78.75,NORMAL,62.53,GOOD,43.81,SOFT,27.94,HIGH,320x240,"Sharpen Image, Apply Denoising"
Arson013_x264,motion_0057.jpg,70,MODERATE,779.62,SHARP,78.74,NORMAL,62.52,GOOD,43.84,SOFT,27.92,HIGH,320x240,"Sharpen Image, Apply Denoising"
Arson013_x264,motion_0058.jpg,70,MODERATE,778.36,SHARP,78.72,NORMAL,62.52,GOOD,43.8,SOFT,27.9,HIGH,320x240,"Sharpen Image, Apply Denoising"
Arson013_x264,motion_0059.jpg,70,MODERATE,780.41,SHARP,78.71,NORMAL,62.52,GOOD,43.8,SOFT,27.94,HIGH,320x240,"Sharpen Image, Apply Denoising"
Arson013_x264,motion_0060.jpg,70,MODERATE,782.54,SHARP,78.69,NORMAL,62.5,GOOD,43.86,SOFT,27.97,HIGH,320x240,"Sharpen Image, Apply Denoising"
Arson013_x264,motion_0061.jpg,70,MODERATE,782.23,SHARP,78.68,NORMAL,62.49,GOOD,43.89,SOFT,27.97,HIGH,320x240,"Sharpen Image, Apply Denoising"
Arson013_x264,motion_0062.jpg,70,MODERATE,780.22,SHARP,78.71,NORMAL,62.52,GOOD,43.82,SOFT,27.93,HIGH,320x240,"Sharpen Image, Apply Denoising"
Arson013_x264,motion_0063.jpg,70,MODERATE,786.78,SHARP,78.47,NORMAL,62.6,GOOD,44.3,SOFT,28.05,HIGH,320x240,"Sharpen Image, Apply Denoising"
Arson013_x264,motion_0064.jpg,85,GOOD,900.55,SHARP,75.36,NORMAL,67.38,GOOD,63.26,SHARP,30.01,HIGH,320x240,Apply Denoising
Arson013_x264,motion_0065.jpg,85,GOOD,1066.34,SHARP,75.69,NORMAL,67.57,GOOD,65.81,SHARP,32.65,HIGH,320x240,Apply Denoising
Arson013_x264,motion_0066.jpg,85,GOOD,1068.05,SHARP,75.66,NORMAL,67.56,GOOD,65.99,SHARP,32.68,HIGH,320x240,Apply Denoising
Arson013_x264,motion_0067.jpg,85,GOOD,1069.32,SHARP,75.64,NORMAL,67.55,GOOD,66.09,SHARP,32.7,HIGH,320x240,Apply Denoising
Arson013_x264,motion_0068.jpg,85,GOOD,1067.23,SHARP,75.55,NORMAL,67.49,GOOD,66.03,SHARP,32.67,HIGH,320x240,Apply Denoising
Arson013_x264,motion_0069.jpg,85,GOOD,1065.3,SHARP,75.48,NORMAL,67.44,GOOD,65.96,SHARP,32.64,HIGH,320x240,Apply Denoising
Arson013_x264,motion_0070.jpg,85,GOOD,1067.36,SHARP,75.41,NORMAL,67.35,GOOD,66.01,SHARP,32.67,HIGH,320x240,Apply Denoising
Arson013_x264,motion_0071.jpg,85,GOOD,1064.34,SHARP,75.35,NORMAL,67.29,GOOD,65.97,SHARP,32.62,HIGH,320x240,Apply Denoising
Arson013_x264,motion_0072.jpg,85,GOOD,1062.51,SHARP,75.31,NORMAL,67.26,GOOD,66.01,SHARP,32.6,HIGH,320x240,Apply Denoising
Arson013_x264,motion_0073.jpg,85,GOOD,1062.39,SHARP,75.26,NORMAL,67.22,GOOD,66.03,SHARP,32.59,HIGH,320x240,Apply Denoising
Arson013_x264,motion_0074.jpg,85,GOOD,1060.4,SHARP,75.16,NORMAL,67.13,GOOD,65.93,SHARP,32.56,HIGH,320x240,Apply Denoising
Arson013_x264,motion_0075.jpg,85,GOOD,1057.93,SHARP,75.04,NORMAL,67.01,GOOD,65.98,SHARP,32.53,HIGH,320x240,Apply Denoising
Arson013_x264,motion_0076.jpg,85,GOOD,1060.64,SHARP,74.96,NORMAL,66.91,GOOD,66.15,SHARP,32.57,HIGH,320x240,Apply Denoising
Arson013_x264,motion_0077.jpg,85,GOOD,1060.61,SHARP,74.87,NORMAL,66.81,GOOD,66.21,SHARP,32.57,HIGH,320x240,Apply Denoising
Arson013_x264,motion_0078.jpg,85,GOOD,1062.56,SHARP,74.85,NORMAL,66.77,GOOD,66.15,SHARP,32.6,HIGH,320x240,Apply Denoising
Arson013_x264,motion_0079.jpg,85,GOOD,1063.7,SHARP,74.8,NORMAL,66.7,GOOD,66.21,SHARP,32.61,HIGH,320x240,Apply Denoising
Arson013_x264,motion_0080.jpg,85,GOOD,1065.33,SHARP,74.74,NORMAL,66.64,GOOD,66.37,SHARP,32.64,HIGH,320x240,Apply Denoising
Arson013_x264,motion_0081.jpg,85,GOOD,1065.28,SHARP,74.69,NORMAL,66.59,GOOD,66.4,SHARP,32.64,HIGH,320x240,Apply Denoising
Arson013_x264,motion_0082.jpg,85,GOOD,1066.96,SHARP,74.69,NORMAL,66.53,GOOD,66.54,SHARP,32.66,HIGH,320x240,Apply Denoising
Arson013_x264,motion_0083.jpg,85,GOOD,1069.32,SHARP,74.68,NORMAL,66.49,GOOD,66.54,SHARP,32.7,HIGH,320x240,Apply Denoising
Arson013_x264,motion_0084.jpg,85,GOOD,1069.58,SHARP,74.58,NORMAL,66.36,GOOD,66.85,SHARP,32.7,HIGH,320x240,Apply Denoising
Arson013_x264,motion_0085.jpg,85,GOOD,1071.85,SHARP,74.55,NORMAL,66.25,GOOD,66.96,SHARP,32.74,HIGH,320x240,Apply Denoising
Arson013_x264,motion_0086.jpg,85,GOOD,1077.76,SHARP,74.57,NORMAL,66.2,GOOD,67.2,SHARP,32.83,HIGH,320x240,Apply Denoising
Arson013_x264,motion_0087.jpg,85,GOOD,1083.08,SHARP,74.51,NORMAL,66.07,GOOD,67.28,SHARP,32.91,HIGH,320x240,Apply Denoising
Arson013_x264,motion_0088.jpg,85,GOOD,1083.77,SHARP,74.46,NORMAL,65.91,GOOD,67.53,SHARP,32.92,HIGH,320x240,Apply Denoising
Arson013_x264,motion_0089.jpg,85,GOOD,1084.89,SHARP,74.39,NORMAL,65.8,GOOD,67.68,SHARP,32.94,HIGH,320x240,Apply Denoising
Arson013_x264,motion_0090.jpg,85,GOOD,1085.65,SHARP,74.34,NORMAL,65.71,GOOD,67.92,SHARP,32.95,HIGH,320x240,Apply Denoising
Arson013_x264,motion_0091.jpg,85,GOOD,1088.44,SHARP,74.28,NORMAL,65.6,GOOD,67.9,SHARP,32.99,HIGH,320x240,Apply Denoising
Arson013_x264,motion_0092.jpg,85,GOOD,1091.52,SHARP,74.27,NORMAL,65.48,GOOD,68.02,SHARP,33.04,HIGH,320x240,Apply Denoising
Arson013_x264,motion_0093.jpg,85,GOOD,1082.43,SHARP,74.14,NORMAL,65.32,GOOD,68.38,SHARP,32.9,HIGH,320x240,Apply Denoising
Arson013_x264,motion_0094.jpg,85,GOOD,1084.85,SHARP,74.13,NORMAL,65.23,GOOD,68.47,SHARP,32.94,HIGH,320x240,Apply Denoising
Arson013_x264,motion_0095.jpg,85,GOOD,1084.74,SHARP,74.07,NORMAL,65.12,GOOD,68.64,SHARP,32.94,HIGH,320x240,Apply Denoising
Arson013_x264,motion_0096.jpg,85,GOOD,1099.41,SHARP,74.12,NORMAL,65.03,GOOD,68.59,SHARP,33.16,HIGH,320x240,Apply Denoising
Arson013_x264,motion_0097.jpg,85,GOOD,1096.68,SHARP,74.02,NORMAL,64.9,GOOD,68.4,SHARP,33.12,HIGH,320x240,Apply Denoising
Arson013_x264,motion_0098.jpg,85,GOOD,1085.48,SHARP,73.94,NORMAL,64.88,GOOD,68.41,SHARP,32.95,HIGH,320x240,Apply Denoising
Arson013_x264,motion_0099.jpg,85,GOOD,1089.8,SHARP,74.03,NORMAL,65.02,GOOD,68.72,SHARP,33.01,HIGH,320x240,Apply Denoising
Arson013_x264,motion_0100.jpg,85,GOOD,1093.74,SHARP,74.29,NORMAL,65.22,GOOD,68.91,SHARP,33.07,HIGH,320x240,Apply Denoising
Arson013_x264,motion_0101.jpg,85,GOOD,1113.64,SHARP,74.33,NORMAL,65.18,GOOD,68.44,SHARP,33.37,HIGH,320x240,Apply Denoising
Arson013_x264,motion_0102.jpg,85,GOOD,1110.8,SHARP,74.35,NORMAL,65.24,GOOD,68.39,SHARP,33.33,HIGH,320x240,Apply Denoising
Arson013_x264,motion_0103.jpg,85,GOOD,1083.85,SHARP,74.13,NORMAL,65.24,GOOD,68.52,SHARP,32.92,HIGH,320x240,Apply Denoising
Arson013_x264,motion_0104.jpg,85,GOOD,1083.65,SHARP,74.13,NORMAL,65.22,GOOD,68.4,SHARP,32.92,HIGH,320x240,Apply Denoising
Arson013_x264,motion_0105.jpg,85,GOOD,1080.68,SHARP,74.11,NORMAL,65.25,GOOD,68.57,SHARP,32.87,HIGH,320x240,Apply Denoising
Arson013_x264,motion_0106.jpg,85,GOOD,1098.43,SHARP,74.17,NORMAL,65.19,GOOD,68.22,SHARP,33.14,HIGH,320x240,Apply Denoising
Arson013_x264,motion_0107.jpg,85,GOOD,1099.67,SHARP,74.14,NORMAL,65.2,GOOD,68.3,SHARP,33.16,HIGH,320x240,Apply Denoising
Arson013_x264,motion_0108.jpg,85,GOOD,1075.77,SHARP,74.07,NORMAL,65.42,GOOD,68.67,SHARP,32.8,HIGH,320x240,Apply Denoising
Arson013_x264,motion_0109.jpg,85,GOOD,1079.62,SHARP,74.15,NORMAL,65.54,GOOD,68.54,SHARP,32.86,HIGH,320x240,Apply Denoising
Arson013_x264,motion_0110.jpg,85,GOOD,1072.37,SHARP,74.1,NORMAL,65.61,GOOD,68.38,SHARP,32.75,HIGH,320x240,Apply Denoising
Arson013_x264,motion_0111.jpg,85,GOOD,1110.99,SHARP,74.04,NORMAL,65.4,GOOD,67.98,SHARP,33.33,HIGH,320x240,Apply Denoising
Arson013_x264,motion_0112.jpg,85,GOOD,1111.83,SHARP,73.99,NORMAL,65.42,GOOD,68.1,SHARP,33.34,HIGH,320x240,Apply Denoising
Arson013_x264,motion_0113.jpg,85,GOOD,1077.99,SHARP,74.18,NORMAL,65.97,GOOD,68.65,SHARP,32.83,HIGH,320x240,Apply Denoising
Arson013_x264,motion_0114.jpg,85,GOOD,1077.54,SHARP,74.38,NORMAL,66.2,GOOD,68.64,SHARP,32.83,HIGH,320x240,Apply Denoising
Arson013_x264,motion_0115.jpg,85,GOOD,1079.2,SHARP,74.32,NORMAL,66.32,GOOD,68.57,SHARP,32.85,HIGH,320x240,Apply Denoising
Arson013_x264,motion_0116.jpg,85,GOOD,1110.51,SHARP,74.26,NORMAL,66.17,GOOD,67.98,SHARP,33.32,HIGH,320x240,Apply Denoising
Arson013_x264,motion_0117.jpg,85,GOOD,1113.98,SHARP,74.29,NORMAL,66.43,GOOD,67.75,SHARP,33.38,HIGH,320x240,Apply Denoising
Arson013_x264,motion_0118.jpg,85,GOOD,1074.2,SHARP,74.78,NORMAL,67.19,GOOD,67.51,SHARP,32.78,HIGH,320x240,Apply Denoising
Arson013_x264,motion_0119.jpg,85,GOOD,1074.74,SHARP,75.3,NORMAL,67.56,GOOD,67.26,SHARP,32.78,HIGH,320x240,Apply Denoising
Arson013_x264,motion_0120.jpg,85,GOOD,1074.92,SHARP,76.01,NORMAL,68.0,GOOD,66.99,SHARP,32.79,HIGH,320x240,Apply Denoising
Arson013_x264,motion_0121.jpg,85,GOOD,1103.02,SHARP,76.38,NORMAL,68.05,GOOD,66.73,SHARP,33.21,HIGH,320x240,Apply Denoising
Arson013_x264,motion_0122.jpg,85,GOOD,1101.05,SHARP,76.98,NORMAL,68.41,GOOD,66.54,SHARP,33.18,HIGH,320x240,Apply Denoising
Arson013_x264,motion_0123.jpg,85,GOOD,1082.19,SHARP,77.65,NORMAL,68.81,GOOD,66.63,SHARP,32.9,HIGH,320x240,Apply Denoising
Arson013_x264,motion_0124.jpg,85,GOOD,1085.71,SHARP,77.9,NORMAL,68.94,GOOD,66.39,SHARP,32.95,HIGH,320x240,Apply Denoising
Arson013_x264,motion_0125.jpg,85,GOOD,1086.72,SHARP,78.09,NORMAL,69.01,GOOD,66.46,SHARP,32.97,HIGH,320x240,Apply Denoising
Arson013_x264,motion_0126.jpg,85,GOOD,1094.6,SHARP,78.16,NORMAL,69.02,GOOD,66.45,SHARP,33.08,HIGH,320x240,Apply Denoising
Arson013_x264,motion_0127.jpg,85,GOOD,1092.32,SHARP,78.2,NORMAL,69.05,GOOD,66.39,SHARP,33.05,HIGH,320x240,Apply Denoising
Arson013_x264,motion_0128.jpg,85,GOOD,1095.08,SHARP,77.33,NORMAL,68.41,GOOD,66.76,SHARP,33.09,HIGH,320x240,Apply Denoising
Arson013_x264,motion_0129.jpg,85,GOOD,1098.87,SHARP,77.55,NORMAL,68.43,GOOD,66.96,SHARP,33.15,HIGH,320x240,Apply Denoising
Arson013_x264,motion_0130.jpg,85,GOOD,1155.35,SHARP,77.81,NORMAL,68.43,GOOD,67.59,SHARP,33.99,HIGH,320x240,Apply Denoising
Arson013_x264,motion_0131.jpg,85,GOOD,1200.94,SHARP,77.9,NORMAL,68.52,GOOD,68.06,SHARP,34.65,HIGH,320x240,Apply Denoising
Arson013_x264,motion_0132.jpg,85,GOOD,1251.92,SHARP,78.11,NORMAL,68.64,GOOD,68.76,SHARP,35.38,HIGH,320x240,Apply Denoising
Arson013_x264,motion_0133.jpg,85,GOOD,1297.86,SHARP,78.36,NORMAL,68.71,GOOD,69.16,SHARP,36.03,HIGH,320x240,Apply Denoising
Arson013_x264,motion_0134.jpg,85,GOOD,1347.51,SHARP,78.59,NORMAL,68.78,GOOD,69.75,SHARP,36.71,HIGH,320x240,Apply Denoising
Arson013_x264,motion_0135.jpg,85,GOOD,1396.46,SHARP,78.7,NORMAL,68.8,GOOD,70.13,SHARP,37.37,HIGH,320x240,Apply Denoising
Arson013_x264,motion_0136.jpg,85,GOOD,1456.62,SHARP,78.72,NORMAL,68.82,GOOD,70.79,SHARP,38.17,HIGH,320x240,Apply Denoising
Arson013_x264,motion_0137.jpg,85,GOOD,1512.29,SHARP,78.65,NORMAL,68.69,GOOD,71.39,SHARP,38.89,HIGH,320x240,Apply Denoising
Arson013_x264,motion_0138.jpg,85,GOOD,1563.77,SHARP,78.38,NORMAL,68.35,GOOD,71.89,SHARP,39.54,HIGH,320x240,Apply Denoising
Arson013_x264,motion_0139.jpg,85,GOOD,1609.59,SHARP,78.12,NORMAL,68.06,GOOD,72.43,SHARP,40.12,HIGH,320x240,Apply Denoising
Arson013_x264,motion_0140.jpg,85,GOOD,1639.46,SHARP,77.85,NORMAL,67.7,GOOD,72.73,SHARP,40.49,HIGH,320x240,Apply Denoising
Arson013_x264,motion_0141.jpg,85,GOOD,1660.04,SHARP,77.62,NORMAL,67.47,GOOD,72.8,SHARP,40.74,HIGH,320x240,Apply Denoising
Arson013_x264,motion_0142.jpg,85,GOOD,1678.01,SHARP,77.52,NORMAL,67.45,GOOD,73.12,SHARP,40.96,HIGH,320x240,Apply Denoising
Arson013_x264,motion_0143.jpg,85,GOOD,1634.25,SHARP,85.39,NORMAL,71.77,GOOD,71.59,SHARP,40.43,HIGH,320x240,Apply Denoising
Arson013_x264,motion_0144.jpg,85,GOOD,1663.37,SHARP,88.63,NORMAL,73.93,GOOD,71.27,SHARP,40.78,HIGH,320x240,Apply Denoising
Arson013_x264,motion_0145.jpg,85,GOOD,1569.66,SHARP,96.98,NORMAL,76.18,GOOD,64.63,SHARP,39.62,HIGH,320x240,Apply Denoising
Arson013_x264,motion_0146.jpg,85,GOOD,1376.0,SHARP,91.68,NORMAL,74.12,GOOD,56.96,SHARP,37.09,HIGH,320x240,Apply Denoising
Arson013_x264,motion_0147.jpg,85,GOOD,1395.37,SHARP,93.02,NORMAL,74.85,GOOD,57.15,SHARP,37.35,HIGH,320x240,Apply Denoising
Arson013_x264,motion_0148.jpg,85,GOOD,1310.68,SHARP,85.2,NORMAL,71.37,GOOD,55.55,SHARP,36.2,HIGH,320x240,Apply Denoising
Arson013_x264,motion_0149.jpg,85,GOOD,1309.86,SHARP,81.83,NORMAL,70.35,GOOD,56.33,SHARP,36.19,HIGH,320x240,Apply Denoising
Arson013_x264,motion_0150.jpg,85,GOOD,1319.96,SHARP,81.47,NORMAL,70.45,GOOD,56.78,SHARP,36.33,HIGH,320x240,Apply Denoising
Arson013_x264,motion_0151.jpg,85,GOOD,1328.8,SHARP,81.76,NORMAL,70.82,GOOD,57.01,SHARP,36.45,HIGH,320x240,Apply Denoising
Arson013_x264,motion_0152.jpg,85,GOOD,1357.65,SHARP,84.16,NORMAL,72.57,GOOD,57.84,SHARP,36.85,HIGH,320x240,Apply Denoising
Arson013_x264,motion_0153.jpg,85,GOOD,1392.9,SHARP,91.1,NORMAL,74.61,GOOD,56.38,SHARP,37.32,HIGH,320x240,Apply Denoising
Arson013_x264,motion_0154.jpg,85,GOOD,1300.67,SHARP,86.41,NORMAL,71.78,GOOD,53.92,SHARP,36.06,HIGH,320x240,Apply Denoising
Arson013_x264,motion_0155.jpg,85,GOOD,1292.1,SHARP,83.88,NORMAL,70.92,GOOD,54.09,SHARP,35.95,HIGH,320x240,Apply Denoising
Arson013_x264,motion_0156.jpg,85,GOOD,1272.34,SHARP,81.49,NORMAL,70.66,GOOD,54.27,SHARP,35.67,HIGH,320x240,Apply Denoising
Arson013_x264,motion_0157.jpg,85,GOOD,1302.02,SHARP,84.87,NORMAL,72.99,GOOD,54.03,SHARP,36.08,HIGH,320x240,Apply Denoising
Arson013_x264,motion_0158.jpg,85,GOOD,1314.94,SHARP,88.01,NORMAL,74.01,GOOD,53.9,SHARP,36.26,HIGH,320x240,Apply Denoising
Arson013_x264,motion_0159.jpg,85,GOOD,1265.23,SHARP,85.98,NORMAL,72.92,GOOD,53.46,SHARP,35.57,HIGH,320x240,Apply Denoising
Arson013_x264,motion_0160.jpg,85,GOOD,1220.23,SHARP,81.56,NORMAL,70.65,GOOD,52.19,SHARP,34.93,HIGH,320x240,Apply Denoising
Arson013_x264,motion_0161.jpg,85,GOOD,1184.49,SHARP,75.19,NORMAL,67.35,GOOD,51.58,SHARP,34.42,HIGH,320x240,Apply Denoising
Arson013_x264,motion_0162.jpg,85,GOOD,1165.96,SHARP,73.01,NORMAL,66.42,GOOD,51.6,SHARP,34.15,HIGH,320x240,Apply Denoising
Arson013_x264,motion_0163.jpg,85,GOOD,1202.49,SHARP,78.8,NORMAL,69.76,GOOD,51.63,SHARP,34.68,HIGH,320x240,Apply Denoising
Arson013_x264,motion_0164.jpg,70,MODERATE,1250.36,SHARP,94.96,NORMAL,77.09,GOOD,48.72,SOFT,35.36,HIGH,320x240,"Sharpen Image, Apply Denoising"
Arson013_x264,motion_0165.jpg,70,MODERATE,1251.28,SHARP,94.77,NORMAL,76.89,GOOD,48.58,SOFT,35.37,HIGH,320x240,"Sharpen Image, Apply Denoising"
Arson013_x264,motion_0166.jpg,70,MODERATE,1220.35,SHARP,91.97,NORMAL,75.25,GOOD,48.62,SOFT,34.93,HIGH,320x240,"Sharpen Image, Apply Denoising"
Arson013_x264,motion_0167.jpg,55,MODERATE,1045.27,SHARP,69.76,DARK,64.24,GOOD,45.85,SOFT,32.33,HIGH,320x240,"Increase Brightness, Sharpen Image, Apply Denoising"
Arson013_x264,motion_0168.jpg,70,MODERATE,1053.92,SHARP,70.5,NORMAL,64.54,GOOD,46.34,SOFT,32.46,HIGH,320x240,"Sharpen Image, Apply Denoising"
Arson013_x264,motion_0169.jpg,85,GOOD,1101.53,SHARP,77.83,NORMAL,68.25,GOOD,50.63,SHARP,33.19,HIGH,320x240,Apply Denoising
Arson013_x264,motion_0170.jpg,85,GOOD,1120.86,SHARP,80.42,NORMAL,69.34,GOOD,51.83,SHARP,33.48,HIGH,320x240,Apply Denoising
Arson013_x264,motion_0171.jpg,85,GOOD,1152.5,SHARP,83.16,NORMAL,70.9,GOOD,52.99,SHARP,33.95,HIGH,320x240,Apply Denoising
Arson013_x264,motion_0172.jpg,85,GOOD,1112.27,SHARP,78.58,NORMAL,68.39,GOOD,52.44,SHARP,33.35,HIGH,320x240,Apply Denoising
Arson013_x264,motion_0173.jpg,85,GOOD,1109.98,SHARP,76.28,NORMAL,67.08,GOOD,52.94,SHARP,33.32,HIGH,320x240,Apply Denoising
Arson013_x264,motion_0174.jpg,85,GOOD,1123.82,SHARP,76.35,NORMAL,67.18,GOOD,53.53,SHARP,33.52,HIGH,320x240,Apply Denoising
Arson013_x264,motion_0175.jpg,85,GOOD,1131.68,SHARP,76.43,NORMAL,67.26,GOOD,53.47,SHARP,33.64,HIGH,320x240,Apply Denoising
Arson013_x264,motion_0176.jpg,85,GOOD,1133.55,SHARP,77.78,NORMAL,68.29,GOOD,53.89,SHARP,33.67,HIGH,320x240,Apply Denoising
Arson013_x264,motion_0177.jpg,85,GOOD,1135.79,SHARP,78.35,NORMAL,68.73,GOOD,54.5,SHARP,33.7,HIGH,320x240,Apply Denoising
Arson013_x264,motion_0178.jpg,85,GOOD,1122.18,SHARP,78.22,NORMAL,68.41,GOOD,54.53,SHARP,33.5,HIGH,320x240,Apply Denoising
Arson013_x264,motion_0179.jpg,85,GOOD,1047.92,SHARP,73.59,NORMAL,63.66,GOOD,53.28,SHARP,32.37,HIGH,320x240,Apply Denoising
Arson013_x264,motion_0180.jpg,85,GOOD,1061.5,SHARP,72.9,NORMAL,63.14,GOOD,53.41,SHARP,32.58,HIGH,320x240,Apply Denoising
Arson013_x264,motion_0181.jpg,85,GOOD,1064.24,SHARP,72.72,NORMAL,63.02,GOOD,53.0,SHARP,32.62,HIGH,320x240,Apply Denoising
Arson013_x264,motion_0182.jpg,85,GOOD,1103.8,SHARP,78.89,NORMAL,66.86,GOOD,54.83,SHARP,33.22,HIGH,320x240,Apply Denoising
Arson013_x264,motion_0183.jpg,85,GOOD,1133.09,SHARP,82.92,NORMAL,69.03,GOOD,55.32,SHARP,33.66,HIGH,320x240,Apply Denoising
Arson013_x264,motion_0184.jpg,85,GOOD,1139.67,SHARP,78.89,NORMAL,66.64,GOOD,56.05,SHARP,33.76,HIGH,320x240,Apply Denoising
Arson013_x264,motion_0185.jpg,85,GOOD,1172.26,SHARP,81.51,NORMAL,68.86,GOOD,57.64,SHARP,34.24,HIGH,320x240,Apply Denoising
Arson013_x264,motion_0186.jpg,85,GOOD,1227.44,SHARP,85.81,NORMAL,71.05,GOOD,58.82,SHARP,35.03,HIGH,320x240,Apply Denoising
Arson013_x264,motion_0187.jpg,85,GOOD,1218.19,SHARP,84.76,NORMAL,70.04,GOOD,58.83,SHARP,34.9,HIGH,320x240,Apply Denoising
Arson013_x264,motion_0188.jpg,85,GOOD,1218.51,SHARP,84.35,NORMAL,69.65,GOOD,58.92,SHARP,34.91,HIGH,320x240,Apply Denoising
Arson013_x264,motion_0189.jpg,85,GOOD,1212.49,SHARP,82.72,NORMAL,68.59,GOOD,58.95,SHARP,34.82,HIGH,320x240,Apply Denoising
Arson013_x264,motion_0190.jpg,85,GOOD,1230.2,SHARP,80.25,NORMAL,67.72,GOOD,60.2,SHARP,35.07,HIGH,320x240,Apply Denoising
Arson013_x264,motion_0191.jpg,85,GOOD,1284.42,SHARP,80.91,NORMAL,68.71,GOOD,61.91,SHARP,35.84,HIGH,320x240,Apply Denoising
Arson013_x264,motion_0192.jpg,85,GOOD,1316.56,SHARP,81.83,NORMAL,69.39,GOOD,62.79,SHARP,36.28,HIGH,320x240,Apply Denoising
Arson013_x264,motion_0193.jpg,85,GOOD,1364.25,SHARP,82.89,NORMAL,70.12,GOOD,64.08,SHARP,36.94,HIGH,320x240,Apply Denoising
Arson013_x264,motion_0194.jpg,85,GOOD,1463.85,SHARP,86.5,NORMAL,71.94,GOOD,66.38,SHARP,38.26,HIGH,320x240,Apply Denoising
Arson013_x264,motion_0195.jpg,85,GOOD,1446.99,SHARP,85.19,NORMAL,70.91,GOOD,65.85,SHARP,38.04,HIGH,320x240,Apply Denoising
Arson013_x264,motion_0196.jpg,85,GOOD,1466.41,SHARP,87.75,NORMAL,71.78,GOOD,66.08,SHARP,38.29,HIGH,320x240,Apply Denoising
Arson013_x264,motion_0197.jpg,85,GOOD,1471.24,SHARP,86.87,NORMAL,71.2,GOOD,65.76,SHARP,38.36,HIGH,320x240,Apply Denoising
Arson013_x264,motion_0198.jpg,85,GOOD,1466.1,SHARP,86.04,NORMAL,70.9,GOOD,65.7,SHARP,38.29,HIGH,320x240,Apply Denoising
Arson013_x264,motion_0199.jpg,85,GOOD,1461.66,SHARP,85.38,NORMAL,70.45,GOOD,65.64,SHARP,38.23,HIGH,320x240,Apply Denoising
Arson013_x264,motion_0200.jpg,85,GOOD,1450.9,SHARP,84.55,NORMAL,69.88,GOOD,65.29,SHARP,38.09,HIGH,320x240,Apply Denoising
Arson013_x264,motion_0201.jpg,85,GOOD,1452.31,SHARP,84.31,NORMAL,70.15,GOOD,65.23,SHARP,38.11,HIGH,320x240,Apply Denoising
Arson013_x264,motion_0202.jpg,85,GOOD,1456.63,SHARP,85.09,NORMAL,70.55,GOOD,65.38,SHARP,38.17,HIGH,320x240,Apply Denoising
Arson013_x264,motion_0203.jpg,85,GOOD,1470.76,SHARP,87.68,NORMAL,71.87,GOOD,65.54,SHARP,38.35,HIGH,320x240,Apply Denoising
Arson013_x264,motion_0204.jpg,85,GOOD,1470.9,SHARP,87.47,NORMAL,71.63,GOOD,65.62,SHARP,38.35,HIGH,320x240,Apply Denoising
Arson013_x264,motion_0205.jpg,85,GOOD,1446.05,SHARP,87.01,NORMAL,71.01,GOOD,64.75,SHARP,38.03,HIGH,320x240,Apply Denoising
Arson013_x264,motion_0206.jpg,85,GOOD,1448.84,SHARP,89.01,NORMAL,71.75,GOOD,64.48,SHARP,38.06,HIGH,320x240,Apply Denoising
Arson013_x264,motion_0207.jpg,85,GOOD,1454.98,SHARP,91.79,NORMAL,73.1,GOOD,63.5,SHARP,38.14,HIGH,320x240,Apply Denoising
Arson013_x264,motion_0208.jpg,85,GOOD,1451.34,SHARP,92.34,NORMAL,73.14,GOOD,63.23,SHARP,38.1,HIGH,320x240,Apply Denoising
Arson013_x264,motion_0209.jpg,85,GOOD,1428.35,SHARP,90.49,NORMAL,71.93,GOOD,63.02,SHARP,37.79,HIGH,320x240,Apply Denoising
Arson013_x264,motion_0210.jpg,85,GOOD,1413.47,SHARP,88.93,NORMAL,70.85,GOOD,63.08,SHARP,37.6,HIGH,320x240,Apply Denoising
Arson013_x264,motion_0211.jpg,85,GOOD,1389.19,SHARP,86.86,NORMAL,69.66,GOOD,62.94,SHARP,37.27,HIGH,320x240,Apply Denoising
Arson013_x264,motion_0212.jpg,85,GOOD,1384.21,SHARP,87.19,NORMAL,69.68,GOOD,62.78,SHARP,37.21,HIGH,320x240,Apply Denoising
Arson013_x264,motion_0213.jpg,85,GOOD,1386.28,SHARP,87.63,NORMAL,69.81,GOOD,62.66,SHARP,37.23,HIGH,320x240,Apply Denoising
Arson013_x264,motion_0214.jpg,85,GOOD,1363.06,SHARP,90.01,NORMAL,70.55,GOOD,60.59,SHARP,36.92,HIGH,320x240,Apply Denoising
Arson013_x264,motion_0215.jpg,85,GOOD,1321.04,SHARP,92.76,NORMAL,71.56,GOOD,57.74,SHARP,36.35,HIGH,320x240,Apply Denoising
Arson013_x264,motion_0216.jpg,85,GOOD,1205.44,SHARP,86.94,NORMAL,67.56,GOOD,53.9,SHARP,34.72,HIGH,320x240,Apply Denoising
Arson013_x264,motion_0217.jpg,85,GOOD,1198.43,SHARP,87.37,NORMAL,67.57,GOOD,53.32,SHARP,34.62,HIGH,320x240,Apply Denoising
Arson013_x264,motion_0218.jpg,85,GOOD,1100.01,SHARP,80.73,NORMAL,63.4,GOOD,50.35,SHARP,33.17,HIGH,320x240,Apply Denoising
Arson013_x264,motion_0219.jpg,70,MODERATE,1039.17,SHARP,73.6,NORMAL,59.99,GOOD,49.34,SOFT,32.24,HIGH,320x240,"Sharpen Image, Apply Denoising"
Arson013_x264,motion_0220.jpg,70,MODERATE,1040.24,SHARP,70.9,NORMAL,58.74,GOOD,49.94,SOFT,32.25,HIGH,320x240,"Sharpen Image, Apply Denoising"
Arson013_x264,motion_0221.jpg,85,GOOD,1050.14,SHARP,72.1,NORMAL,59.51,GOOD,50.19,SHARP,32.41,HIGH,320x240,Apply Denoising
Arson013_x264,motion_0222.jpg,85,GOOD,1062.42,SHARP,72.54,NORMAL,59.81,GOOD,50.53,SHARP,32.59,HIGH,320x240,Apply Denoising
Arson013_x264,motion_0223.jpg,85,GOOD,1072.89,SHARP,74.31,NORMAL,60.19,GOOD,50.69,SHARP,32.75,HIGH,320x240,Apply Denoising
Arson013_x264,motion_0224.jpg,85,GOOD,1096.65,SHARP,77.64,NORMAL,61.78,GOOD,50.95,SHARP,33.12,HIGH,320x240,Apply Denoising
Arson013_x264,motion_0225.jpg,85,GOOD,1100.16,SHARP,78.68,NORMAL,62.36,GOOD,51.26,SHARP,33.17,HIGH,320x240,Apply Denoising
Arson013_x264,motion_0226.jpg,85,GOOD,1112.0,SHARP,81.28,NORMAL,64.0,GOOD,51.48,SHARP,33.35,HIGH,320x240,Apply Denoising
Arson013_x264,motion_0227.jpg,85,GOOD,1119.61,SHARP,82.77,NORMAL,64.54,GOOD,51.22,SHARP,33.46,HIGH,320x240,Apply Denoising
Arson013_x264,motion_0228.jpg,85,GOOD,1126.71,SHARP,84.75,NORMAL,65.59,GOOD,50.94,SHARP,33.57,HIGH,320x240,Apply Denoising
Arson013_x264,motion_0229.jpg,85,GOOD,1129.87,SHARP,86.28,NORMAL,66.52,GOOD,50.52,SHARP,33.61,HIGH,320x240,Apply Denoising
Arson013_x264,motion_0230.jpg,85,GOOD,1125.28,SHARP,87.69,NORMAL,67.59,GOOD,50.04,SHARP,33.55,HIGH,320x240,Apply Denoising
Arson013_x264,motion_0231.jpg,70,MODERATE,1120.09,SHARP,88.61,NORMAL,68.65,GOOD,49.12,SOFT,33.47,HIGH,320x240,"Sharpen Image, Apply Denoising"
Arson013_x264,motion_0232.jpg,70,MODERATE,1114.43,SHARP,90.9,NORMAL,70.7,GOOD,47.46,SOFT,33.38,HIGH,320x240,"Sharpen Image, Apply Denoising"
Arson013_x264,motion_0233.jpg,70,MODERATE,1014.25,SHARP,81.15,NORMAL,65.22,GOOD,45.73,SOFT,31.85,HIGH,320x240,"Sharpen Image, Apply Denoising"
Arson013_x264,motion_0234.jpg,70,MODERATE,1013.27,SHARP,77.95,NORMAL,62.99,GOOD,46.64,SOFT,31.83,HIGH,320x240,"Sharpen Image, Apply Denoising"
Arson013_x264,motion_0235.jpg,70,MODERATE,1005.55,SHARP,76.37,NORMAL,62.13,GOOD,47.02,SOFT,31.71,HIGH,320x240,"Sharpen Image, Apply Denoising"
Arson013_x264,motion_0236.jpg,55,MODERATE,998.37,SHARP,68.15,DARK,57.72,GOOD,48.18,SOFT,31.6,HIGH,320x240,"Increase Brightness, Sharpen Image, Apply Denoising"
Arson013_x264,motion_0237.jpg,55,MODERATE,995.52,SHARP,65.08,DARK,56.11,GOOD,48.84,SOFT,31.55,HIGH,320x240,"Increase Brightness, Sharpen Image, Apply Denoising"
Arson013_x264,motion_0238.jpg,55,MODERATE,995.74,SHARP,63.79,DARK,55.17,GOOD,48.58,SOFT,31.56,HIGH,320x240,"Increase Brightness, Sharpen Image, Apply Denoising"
Arson013_x264,motion_0239.jpg,55,MODERATE,1008.35,SHARP,65.09,DARK,55.95,GOOD,49.14,SOFT,31.75,HIGH,320x240,"Increase Brightness, Sharpen Image, Apply Denoising"
Arson013_x264,motion_0240.jpg,70,MODERATE,1021.67,SHARP,71.47,NORMAL,58.49,GOOD,49.08,SOFT,31.96,HIGH,320x240,"Sharpen Image, Apply Denoising"
Arson013_x264,motion_0241.jpg,70,MODERATE,1031.89,SHARP,84.62,NORMAL,64.66,GOOD,46.52,SOFT,32.12,HIGH,320x240,"Sharpen Image, Apply Denoising"
Arson013_x264,motion_0242.jpg,70,MODERATE,1043.16,SHARP,86.35,NORMAL,65.85,GOOD,46.73,SOFT,32.3,HIGH,320x240,"Sharpen Image, Apply Denoising"
Arson013_x264,motion_0243.jpg,70,MODERATE,1046.98,SHARP,85.95,NORMAL,65.35,GOOD,46.74,SOFT,32.36,HIGH,320x240,"Sharpen Image, Apply Denoising"
Arson013_x264,motion_0244.jpg,70,MODERATE,1043.19,SHARP,85.88,NORMAL,65.81,GOOD,46.04,SOFT,32.3,HIGH,320x240,"Sharpen Image, Apply Denoising"
Arson013_x264,motion_0245.jpg,70,MODERATE,1009.48,SHARP,81.86,NORMAL,64.67,GOOD,44.98,SOFT,31.77,HIGH,320x240,"Sharpen Image, Apply Denoising"
Arson013_x264,motion_0246.jpg,70,MODERATE,1004.71,SHARP,80.54,NORMAL,62.72,GOOD,45.3,SOFT,31.7,HIGH,320x240,"Sharpen Image, Apply Denoising"
Arson013_x264,motion_0247.jpg,70,MODERATE,1012.14,SHARP,83.22,NORMAL,63.2,GOOD,44.57,SOFT,31.81,HIGH,320x240,"Sharpen Image, Apply Denoising"
Arson013_x264,motion_0248.jpg,70,MODERATE,991.41,SHARP,89.66,NORMAL,66.67,GOOD,41.59,SOFT,31.49,HIGH,320x240,"Sharpen Image, Apply Denoising"
Arson013_x264,motion_0249.jpg,70,MODERATE,971.36,SHARP,93.62,NORMAL,69.42,GOOD,39.5,SOFT,31.17,HIGH,320x240,"Sharpen Image, Apply Denoising"
Arson013_x264,motion_0250.jpg,70,MODERATE,855.26,SHARP,89.74,NORMAL,68.52,GOOD,37.84,SOFT,29.24,HIGH,320x240,"Sharpen Image, Apply Denoising"
Arson013_x264,motion_0251.jpg,70,MODERATE,851.37,SHARP,87.45,NORMAL,66.75,GOOD,38.16,SOFT,29.18,HIGH,320x240,"Sharpen Image, Apply Denoising"
Arson013_x264,motion_0252.jpg,70,MODERATE,848.3,SHARP,84.36,NORMAL,64.34,GOOD,38.1,SOFT,29.13,HIGH,320x240,"Sharpen Image, Apply Denoising"
Arson013_x264,motion_0253.jpg,70,MODERATE,843.35,SHARP,83.63,NORMAL,63.03,GOOD,37.36,SOFT,29.04,HIGH,320x240,"Sharpen Image, Apply Denoising"
Arson013_x264,motion_0254.jpg,70,MODERATE,847.37,SHARP,85.23,NORMAL,64.22,GOOD,37.46,SOFT,29.11,HIGH,320x240,"Sharpen Image, Apply Denoising"
Arson013_x264,motion_0255.jpg,70,MODERATE,859.36,SHARP,86.56,NORMAL,65.2,GOOD,36.65,SOFT,29.31,HIGH,320x240,"Sharpen Image, Apply Denoising"
Arson013_x264,motion_0256.jpg,70,MODERATE,874.4,SHARP,87.47,NORMAL,65.75,GOOD,36.97,SOFT,29.57,HIGH,320x240,"Sharpen Image, Apply Denoising"
Arson013_x264,motion_0257.jpg,70,MODERATE,885.07,SHARP,87.89,NORMAL,65.94,GOOD,37.18,SOFT,29.75,HIGH,320x240,"Sharpen Image, Apply Denoising"
Arson013_x264,motion_0258.jpg,70,MODERATE,889.91,SHARP,87.89,NORMAL,65.89,GOOD,36.92,SOFT,29.83,HIGH,320x240,"Sharpen Image, Apply Denoising"
Arson013_x264,motion_0259.jpg,70,MODERATE,894.19,SHARP,87.47,NORMAL,65.59,GOOD,36.75,SOFT,29.9,HIGH,320x240,"Sharpen Image, Apply Denoising"
Arson013_x264,motion_0260.jpg,70,MODERATE,897.25,SHARP,87.45,NORMAL,65.54,GOOD,36.99,SOFT,29.95,HIGH,320x240,"Sharpen Image, Apply Denoising"
Arson013_x264,motion_0261.jpg,70,MODERATE,895.83,SHARP,87.11,NORMAL,65.21,GOOD,36.77,SOFT,29.93,HIGH,320x240,"Sharpen Image, Apply Denoising"
Arson013_x264,motion_0262.jpg,70,MODERATE,901.3,SHARP,86.06,NORMAL,64.5,GOOD,36.58,SOFT,30.02,HIGH,320x240,"Sharpen Image, Apply Denoising"
Arson013_x264,motion_0263.jpg,70,MODERATE,900.46,SHARP,86.23,NORMAL,64.54,GOOD,36.68,SOFT,30.01,HIGH,320x240,"Sharpen Image, Apply Denoising"
Arson013_x264,motion_0264.jpg,70,MODERATE,907.63,SHARP,85.9,NORMAL,64.22,GOOD,37.15,SOFT,30.13,HIGH,320x240,"Sharpen Image, Apply Denoising"
Arson013_x264,motion_0265.jpg,70,MODERATE,909.51,SHARP,86.57,NORMAL,64.63,GOOD,37.71,SOFT,30.16,HIGH,320x240,"Sharpen Image, Apply Denoising"
Arson013_x264,motion_0266.jpg,70,MODERATE,913.96,SHARP,86.93,NORMAL,64.6,GOOD,37.43,SOFT,30.23,HIGH,320x240,"Sharpen Image, Apply Denoising"
Arson013_x264,motion_0267.jpg,70,MODERATE,926.52,SHARP,90.01,NORMAL,66.47,GOOD,36.75,SOFT,30.44,HIGH,320x240,"Sharpen Image, Apply Denoising"
Arson013_x264,motion_0268.jpg,70,MODERATE,910.79,SHARP,87.72,NORMAL,64.73,GOOD,36.55,SOFT,30.18,HIGH,320x240,"Sharpen Image, Apply Denoising"
Arson013_x264,motion_0269.jpg,70,MODERATE,915.53,SHARP,87.81,NORMAL,64.73,GOOD,36.48,SOFT,30.26,HIGH,320x240,"Sharpen Image, Apply Denoising"
Arson013_x264,motion_0270.jpg,70,MODERATE,915.12,SHARP,87.47,NORMAL,64.81,GOOD,36.54,SOFT,30.25,HIGH,320x240,"Sharpen Image, Apply Denoising"
Arson013_x264,motion_0271.jpg,70,MODERATE,918.94,SHARP,87.11,NORMAL,64.61,GOOD,35.93,SOFT,30.31,HIGH,320x240,"Sharpen Image, Apply Denoising"
Arson013_x264,motion_0272.jpg,70,MODERATE,914.76,SHARP,87.01,NORMAL,64.66,GOOD,35.94,SOFT,30.24,HIGH,320x240,"Sharpen Image, Apply Denoising"
Arson013_x264,motion_0273.jpg,70,MODERATE,918.11,SHARP,88.39,NORMAL,65.67,GOOD,35.34,SOFT,30.3,HIGH,320x240,"Sharpen Image, Apply Denoising"
Arson013_x264,motion_0274.jpg,70,MODERATE,908.84,SHARP,88.27,NORMAL,65.14,GOOD,35.5,SOFT,30.15,HIGH,320x240,"Sharpen Image, Apply Denoising"
Arson013_x264,motion_0275.jpg,70,MODERATE,901.73,SHARP,90.84,NORMAL,67.29,GOOD,33.76,SOFT,30.03,HIGH,320x240,"Sharpen Image, Apply Denoising"
Arson013_x264,motion_0276.jpg,70,MODERATE,901.17,SHARP,91.04,NORMAL,67.52,GOOD,33.83,SOFT,30.02,HIGH,320x240,"Sharpen Image, Apply Denoising"
Arson013_x264,motion_0277.jpg,70,MODERATE,888.52,SHARP,86.64,NORMAL,64.2,GOOD,34.11,SOFT,29.81,HIGH,320x240,"Sharpen Image, Apply Denoising"
Arson013_x264,motion_0278.jpg,70,MODERATE,911.91,SHARP,89.01,NORMAL,65.92,GOOD,34.24,SOFT,30.2,HIGH,320x240,"Sharpen Image, Apply Denoising"
Arson013_x264,motion_0279.jpg,70,MODERATE,889.66,SHARP,85.64,NORMAL,63.68,GOOD,33.97,SOFT,29.83,HIGH,320x240,"Sharpen Image, Apply Denoising"
Arson013_x264,motion_0280.jpg,70,MODERATE,880.55,SHARP,88.68,NORMAL,66.05,GOOD,32.8,SOFT,29.67,HIGH,320x240,"Sharpen Image, Apply Denoising"
Arson013_x264,motion_0281.jpg,70,MODERATE,910.56,SHARP,94.29,NORMAL,70.51,GOOD,32.02,SOFT,30.18,HIGH,320x240,"Sharpen Image, Apply Denoising"
Arson013_x264,motion_0282.jpg,70,MODERATE,871.49,SHARP,86.75,NORMAL,65.06,GOOD,31.82,SOFT,29.52,HIGH,320x240,"Sharpen Image, Apply Denoising"
Arson013_x264,motion_0283.jpg,70,MODERATE,880.91,SHARP,87.76,NORMAL,65.86,GOOD,32.15,SOFT,29.68,HIGH,320x240,"Sharpen Image, Apply Denoising"
Arson013_x264,motion_0284.jpg,70,MODERATE,879.6,SHARP,87.11,NORMAL,65.19,GOOD,32.24,SOFT,29.66,HIGH,320x240,"Sharpen Image, Apply Denoising"
Arson013_x264,motion_0285.jpg,70,MODERATE,858.59,SHARP,83.17,NORMAL,62.54,GOOD,32.26,SOFT,29.3,HIGH,320x240,"Sharpen Image, Apply Denoising"
Arson013_x264,motion_0286.jpg,70,MODERATE,856.98,SHARP,83.42,NORMAL,62.66,GOOD,31.9,SOFT,29.27,HIGH,320x240,"Sharpen Image, Apply Denoising"
Arson013_x264,motion_0287.jpg,70,MODERATE,862.34,SHARP,86.37,NORMAL,64.81,GOOD,32.17,SOFT,29.37,HIGH,320x240,"Sharpen Image, Apply Denoising"
Arson013_x264,motion_0288.jpg,70,MODERATE,872.34,SHARP,86.69,NORMAL,64.51,GOOD,32.32,SOFT,29.54,HIGH,320x240,"Sharpen Image, Apply Denoising"
Arson013_x264,motion_0289.jpg,70,MODERATE,886.68,SHARP,89.17,NORMAL,65.82,GOOD,32.77,SOFT,29.78,HIGH,320x240,"Sharpen Image, Apply Denoising"
Arson013_x264,motion_0290.jpg,70,MODERATE,894.41,SHARP,91.96,NORMAL,68.18,GOOD,32.66,SOFT,29.91,HIGH,320x240,"Sharpen Image, Apply Denoising"
Arson013_x264,motion_0291.jpg,70,MODERATE,889.51,SHARP,92.5,NORMAL,69.06,GOOD,32.42,SOFT,29.82,HIGH,320x240,"Sharpen Image, Apply Denoising"
Arson013_x264,motion_0292.jpg,70,MODERATE,889.19,SHARP,91.23,NORMAL,68.09,GOOD,32.28,SOFT,29.82,HIGH,320x240,"Sharpen Image, Apply Denoising"
Arson013_x264,motion_0293.jpg,70,MODERATE,873.77,SHARP,88.11,NORMAL,65.71,GOOD,31.59,SOFT,29.56,HIGH,320x240,"Sharpen Image, Apply Denoising"
Arson013_x264,motion_0294.jpg,70,MODERATE,859.62,SHARP,84.56,NORMAL,63.53,GOOD,31.96,SOFT,29.32,HIGH,320x240,"Sharpen Image, Apply Denoising"
Arson013_x264,motion_0295.jpg,70,MODERATE,868.6,SHARP,86.74,NORMAL,64.43,GOOD,32.37,SOFT,29.47,HIGH,320x240,"Sharpen Image, Apply Denoising"
Arson013_x264,motion_0296.jpg,70,MODERATE,872.9,SHARP,87.56,NORMAL,65.19,GOOD,32.08,SOFT,29.54,HIGH,320x240,"Sharpen Image, Apply Denoising"
Arson013_x264,motion_0297.jpg,70,MODERATE,882.24,SHARP,87.43,NORMAL,64.75,GOOD,32.37,SOFT,29.7,HIGH,320x240,"Sharpen Image, Apply Denoising"
Arson013_x264,motion_0298.jpg,70,MODERATE,885.97,SHARP,88.82,NORMAL,66.17,GOOD,32.66,SOFT,29.77,HIGH,320x240,"Sharpen Image, Apply Denoising"
Arson013_x264,motion_0299.jpg,70,MODERATE,887.07,SHARP,87.15,NORMAL,65.02,GOOD,33.37,SOFT,29.78,HIGH,320x240,"Sharpen Image, Apply Denoising"
Arson013_x264,motion_0300.jpg,70,MODERATE,870.7,SHARP,85.28,NORMAL,63.76,GOOD,33.21,SOFT,29.51,HIGH,320x240,"Sharpen Image, Apply Denoising"
Arson013_x264,motion_0301.jpg,70,MODERATE,869.5,SHARP,83.96,NORMAL,62.7,GOOD,33.7,SOFT,29.49,HIGH,320x240,"Sharpen Image, Apply Denoising"
Arson013_x264,motion_0302.jpg,70,MODERATE,890.44,SHARP,87.18,NORMAL,64.3,GOOD,34.65,SOFT,29.84,HIGH,320x240,"Sharpen Image, Apply Denoising"
Arson013_x264,motion_0303.jpg,70,MODERATE,888.21,SHARP,87.26,NORMAL,64.27,GOOD,34.98,SOFT,29.8,HIGH,320x240,"Sharpen Image, Apply Denoising"
Arson013_x264,motion_0304.jpg,70,MODERATE,896.58,SHARP,90.83,NORMAL,66.52,GOOD,34.95,SOFT,29.94,HIGH,320x240,"Sharpen Image, Apply Denoising"
Arson013_x264,motion_0305.jpg,70,MODERATE,894.41,SHARP,93.53,NORMAL,68.98,GOOD,34.41,SOFT,29.91,HIGH,320x240,"Sharpen Image, Apply Denoising"
Arson013_x264,motion_0306.jpg,70,MODERATE,890.16,SHARP,91.31,NORMAL,67.31,GOOD,34.18,SOFT,29.84,HIGH,320x240,"Sharpen Image, Apply Denoising"
Arson013_x264,motion_0307.jpg,70,MODERATE,877.87,SHARP,89.07,NORMAL,65.92,GOOD,33.62,SOFT,29.63,HIGH,320x240,"Sharpen Image, Apply Denoising"
Arson013_x264,motion_0308.jpg,70,MODERATE,880.04,SHARP,87.14,NORMAL,64.67,GOOD,33.95,SOFT,29.67,HIGH,320x240,"Sharpen Image, Apply Denoising"
Arson013_x264,motion_0309.jpg,70,MODERATE,892.54,SHARP,85.95,NORMAL,63.36,GOOD,35.52,SOFT,29.88,HIGH,320x240,"Sharpen Image, Apply Denoising"
Arson013_x264,motion_0310.jpg,70,MODERATE,908.43,SHARP,87.65,NORMAL,64.36,GOOD,36.06,SOFT,30.14,HIGH,320x240,"Sharpen Image, Apply Denoising"
Arson013_x264,motion_0311.jpg,70,MODERATE,901.87,SHARP,87.53,NORMAL,64.01,GOOD,35.78,SOFT,30.03,HIGH,320x240,"Sharpen Image, Apply Denoising"
Arson013_x264,motion_0312.jpg,70,MODERATE,926.29,SHARP,91.15,NORMAL,66.8,GOOD,36.04,SOFT,30.44,HIGH,320x240,"Sharpen Image, Apply Denoising"
Arson013_x264,motion_0313.jpg,70,MODERATE,902.32,SHARP,87.85,NORMAL,65.38,GOOD,35.44,SOFT,30.04,HIGH,320x240,"Sharpen Image, Apply Denoising"
Arson013_x264,motion_0314.jpg,70,MODERATE,888.96,SHARP,81.63,NORMAL,60.88,GOOD,36.89,SOFT,29.82,HIGH,320x240,"Sharpen Image, Apply Denoising"
Arson013_x264,motion_0315.jpg,70,MODERATE,903.76,SHARP,84.3,NORMAL,62.44,GOOD,37.59,SOFT,30.06,HIGH,320x240,"Sharpen Image, Apply Denoising"
Arson013_x264,motion_0316.jpg,70,MODERATE,920.91,SHARP,88.4,NORMAL,64.55,GOOD,37.71,SOFT,30.35,HIGH,320x240,"Sharpen Image, Apply Denoising"
Arson013_x264,motion_0317.jpg,70,MODERATE,926.87,SHARP,92.5,NORMAL,67.7,GOOD,36.59,SOFT,30.44,HIGH,320x240,"Sharpen Image, Apply Denoising"
Arson013_x264,motion_0318.jpg,70,MODERATE,928.39,SHARP,91.92,NORMAL,67.36,GOOD,36.13,SOFT,30.47,HIGH,320x240,"Sharpen Image, Apply Denoising"
Arson013_x264,motion_0319.jpg,70,MODERATE,1198.82,SHARP,77.62,NORMAL,60.56,GOOD,48.2,SOFT,34.62,HIGH,320x240,"Sharpen Image, Apply Denoising"
Arson013_x264,motion_0320.jpg,70,MODERATE,1282.22,SHARP,77.8,NORMAL,60.71,GOOD,49.51,SOFT,35.81,HIGH,320x240,"Sharpen Image, Apply Denoising"
Arson013_x264,motion_0321.jpg,70,MODERATE,1256.08,SHARP,77.83,NORMAL,60.72,GOOD,49.26,SOFT,35.44,HIGH,320x240,"Sharpen Image, Apply Denoising"
Arson013_x264,motion_0322.jpg,70,MODERATE,1230.36,SHARP,77.97,NORMAL,60.83,GOOD,49.05,SOFT,35.08,HIGH,320x240,"Sharpen Image, Apply Denoising"
Arson013_x264,motion_0323.jpg,70,MODERATE,1180.43,SHARP,78.16,NORMAL,61.04,GOOD,48.52,SOFT,34.36,HIGH,320x240,"Sharpen Image, Apply Denoising"
Arson013_x264,motion_0324.jpg,70,MODERATE,1128.96,SHARP,78.39,NORMAL,61.3,GOOD,47.92,SOFT,33.6,HIGH,320x240,"Sharpen Image, Apply Denoising"
Arson013_x264,motion_0325.jpg,70,MODERATE,1081.05,SHARP,78.68,NORMAL,61.67,GOOD,47.44,SOFT,32.88,HIGH,320x240,"Sharpen Image, Apply Denoising"
Arson013_x264,motion_0326.jpg,70,MODERATE,1036.4,SHARP,78.94,NORMAL,62.02,GOOD,46.87,SOFT,32.19,HIGH,320x240,"Sharpen Image, Apply Denoising"
Arson013_x264,motion_0327.jpg,70,MODERATE,993.48,SHARP,79.13,NORMAL,62.25,GOOD,46.41,SOFT,31.52,HIGH,320x240,"Sharpen Image, Apply Denoising"
Arson013_x264,motion_0328.jpg,70,MODERATE,954.66,SHARP,79.35,NORMAL,62.49,GOOD,45.9,SOFT,30.9,HIGH,320x240,"Sharpen Image, Apply Denoising"
Arson013_x264,motion_0329.jpg,70,MODERATE,910.76,SHARP,79.57,NORMAL,62.76,GOOD,45.38,SOFT,30.18,HIGH,320x240,"Sharpen Image, Apply Denoising"
Arson013_x264,motion_0330.jpg,70,MODERATE,864.57,SHARP,79.74,NORMAL,62.94,GOOD,44.77,SOFT,29.4,HIGH,320x240,"Sharpen Image, Apply Denoising"
Arson013_x264,motion_0331.jpg,70,MODERATE,826.08,SHARP,79.79,NORMAL,63.07,GOOD,44.56,SOFT,28.74,HIGH,320x240,"Sharpen Image, Apply Denoising"
Arson013_x264,motion_0332.jpg,70,MODERATE,769.95,SHARP,79.63,NORMAL,62.99,GOOD,43.98,SOFT,27.75,HIGH,320x240,"Sharpen Image, Apply Denoising"
Arson013_x264,motion_0333.jpg,70,MODERATE,768.88,SHARP,79.51,NORMAL,62.96,GOOD,43.74,SOFT,27.73,HIGH,320x240,"Sharpen Image, Apply Denoising"
Arson013_x264,motion_0334.jpg,70,MODERATE,769.01,SHARP,79.35,NORMAL,62.99,GOOD,43.68,SOFT,27.73,HIGH,320x240,"Sharpen Image, Apply Denoising"
Arson013_x264,motion_0335.jpg,70,MODERATE,789.24,SHARP,79.07,NORMAL,62.85,GOOD,44.24,SOFT,28.09,HIGH,320x240,"Sharpen Image, Apply Denoising"
Arson013_x264,motion_0336.jpg,70,MODERATE,790.21,SHARP,78.99,NORMAL,62.79,GOOD,44.31,SOFT,28.11,HIGH,320x240,"Sharpen Image, Apply Denoising"
Arson013_x264,motion_0337.jpg,70,MODERATE,790.98,SHARP,78.96,NORMAL,62.77,GOOD,44.29,SOFT,28.12,HIGH,320x240,"Sharpen Image, Apply Denoising"
Arson013_x264,motion_0338.jpg,70,MODERATE,791.08,SHARP,79.02,NORMAL,62.77,GOOD,44.26,SOFT,28.13,HIGH,320x240,"Sharpen Image, Apply Denoising"
Arson013_x264,motion_0339.jpg,70,MODERATE,791.8,SHARP,79.06,NORMAL,62.78,GOOD,44.23,SOFT,28.14,HIGH,320x240,"Sharpen Image, Apply Denoising"
Arson013_x264,motion_0340.jpg,70,MODERATE,791.88,SHARP,79.11,NORMAL,62.82,GOOD,44.19,SOFT,28.14,HIGH,320x240,"Sharpen Image, Apply Denoising"
Arson013_x264,motion_0341.jpg,70,MODERATE,791.58,SHARP,79.12,NORMAL,62.82,GOOD,44.13,SOFT,28.13,HIGH,320x240,"Sharpen Image, Apply Denoising"
Arson013_x264,motion_0342.jpg,70,MODERATE,786.32,SHARP,79.28,NORMAL,63.0,GOOD,43.95,SOFT,28.04,HIGH,320x240,"Sharpen Image, Apply Denoising"
Arson013_x264,motion_0343.jpg,70,MODERATE,787.21,SHARP,79.31,NORMAL,63.04,GOOD,43.95,SOFT,28.06,HIGH,320x240,"Sharpen Image, Apply Denoising"
Arson013_x264,motion_0344.jpg,70,MODERATE,786.79,SHARP,79.36,NORMAL,63.11,GOOD,43.95,SOFT,28.05,HIGH,320x240,"Sharpen Image, Apply Denoising"
Arson013_x264,motion_0345.jpg,70,MODERATE,776.92,SHARP,79.66,NORMAL,63.49,GOOD,43.85,SOFT,27.87,HIGH,320x240,"Sharpen Image, Apply Denoising"
Arson013_x264,motion_0346.jpg,70,MODERATE,773.97,SHARP,79.53,NORMAL,63.25,GOOD,43.75,SOFT,27.82,HIGH,320x240,"Sharpen Image, Apply Denoising"
Arson013_x264,motion_0347.jpg,70,MODERATE,769.79,SHARP,79.1,NORMAL,62.75,GOOD,43.5,SOFT,27.75,HIGH,320x240,"Sharpen Image, Apply Denoising"
Arson013_x264,motion_0348.jpg,70,MODERATE,771.31,SHARP,79.04,NORMAL,62.83,GOOD,43.71,SOFT,27.77,HIGH,320x240,"Sharpen Image, Apply Denoising"
Arson013_x264,motion_0349.jpg,70,MODERATE,767.93,SHARP,78.76,NORMAL,62.54,GOOD,43.36,SOFT,27.71,HIGH,320x240,"Sharpen Image, Apply Denoising"
Arson013_x264,motion_0350.jpg,70,MODERATE,640.44,SHARP,72.55,NORMAL,57.18,GOOD,38.02,SOFT,25.31,HIGH,320x240,"Sharpen Image, Apply Denoising"
Arson013_x264,motion_0351.jpg,55,MODERATE,517.42,SHARP,65.86,DARK,51.91,GOOD,33.48,SOFT,22.75,HIGH,320x240,"Increase Brightness, Sharpen Image, Apply Denoising"
Arson013_x264,motion_0352.jpg,55,MODERATE,408.21,SHARP,58.9,DARK,46.49,GOOD,29.31,SOFT,20.2,HIGH,320x240,"Increase Brightness, Sharpen Image, Apply Denoising"
Arson013_x264,motion_0353.jpg,55,MODERATE,318.78,SHARP,52.7,DARK,41.45,GOOD,25.56,SOFT,17.85,HIGH,320x240,"Increase Brightness, Sharpen Image, Apply Denoising"
Arson013_x264,motion_0354.jpg,45,POOR,219.89,SHARP,45.7,DARK,36.0,LOW,21.03,SOFT,14.83,HIGH,320x240,"Increase Brightness, Enhance Contrast, Sharpen Image, Apply Denoising"
Arson013_x264,motion_0355.jpg,45,POOR,115.68,SHARP,31.78,DARK,34.74,LOW,15.74,SOFT,10.76,HIGH,320x240,"Increase Brightness, Enhance Contrast, Sharpen Image, Apply Denoising"
Arson013_x264,motion_0356.jpg,35,POOR,73.56,BLURRY,26.35,DARK,28.72,LOW,12.77,SOFT,8.58,LOW,320x240,"Apply Deblurring, Increase Brightness, Enhance Contrast, Sharpen Image"
Arson013_x264,motion_0357.jpg,35,POOR,41.64,BLURRY,20.92,DARK,22.77,LOW,9.62,SOFT,6.45,LOW,320x240,"Apply Deblurring, Increase Brightness, Enhance Contrast, Sharpen Image"
Arson013_x264,motion_0358.jpg,35,POOR,19.95,BLURRY,15.46,DARK,16.8,LOW,6.49,SOFT,4.47,LOW,320x240,"Apply Deblurring, Increase Brightness, Enhance Contrast, Sharpen Image"
Arson013_x264,motion_0359.jpg,35,POOR,8.61,BLURRY,10.1,DARK,11.0,LOW,4.2,SOFT,2.93,LOW,320x240,"Apply Deblurring, Increase Brightness, Enhance Contrast, Sharpen Image"
Arson013_x264,motion_0360.jpg,35,POOR,2.13,BLURRY,4.52,DARK,4.94,LOW,2.01,SOFT,1.46,LOW,320x240,"Apply Deblurring, Increase Brightness, Enhance Contrast, Sharpen Image"
Arson023_x264,motion_0000.jpg,45,POOR,307.96,SHARP,9.12,DARK,12.98,LOW,15.89,SOFT,17.55,HIGH,320x240,"Increase Brightness, Enhance Contrast, Sharpen Image, Apply Denoising"
Arson023_x264,motion_0001.jpg,45,POOR,317.36,SHARP,9.14,DARK,13.05,LOW,16.31,SOFT,17.81,HIGH,320x240,"Increase Brightness, Enhance Contrast, Sharpen Image, Apply Denoising"
Arson023_x264,motion_0002.jpg,45,POOR,313.34,SHARP,9.68,DARK,13.02,LOW,16.82,SOFT,17.7,HIGH,320x240,"Increase Brightness, Enhance Contrast, Sharpen Image, Apply Denoising"
Arson023_x264,motion_0003.jpg,45,POOR,403.32,SHARP,20.32,DARK,30.24,LOW,28.47,SOFT,20.08,HIGH,320x240,"Increase Brightness, Enhance Contrast, Sharpen Image, Apply Denoising"
Arson023_x264,motion_0004.jpg,55,MODERATE,522.08,SHARP,45.54,DARK,42.64,GOOD,41.29,SOFT,22.85,HIGH,320x240,"Increase Brightness, Sharpen Image, Apply Denoising"
Arson023_x264,motion_0005.jpg,70,MODERATE,522.97,SHARP,71.98,NORMAL,50.22,GOOD,41.51,SOFT,22.87,HIGH,320x240,"Sharpen Image, Apply Denoising"
Arson023_x264,motion_0006.jpg,70,MODERATE,501.83,SHARP,84.66,NORMAL,52.92,GOOD,41.77,SOFT,22.4,HIGH,320x240,"Sharpen Image, Apply Denoising"
Arson023_x264,motion_0007.jpg,70,MODERATE,501.43,SHARP,90.94,NORMAL,53.78,GOOD,41.97,SOFT,22.39,HIGH,320x240,"Sharpen Image, Apply Denoising"
Arson023_x264,motion_0008.jpg,70,MODERATE,499.61,SHARP,93.93,NORMAL,53.6,GOOD,41.61,SOFT,22.35,HIGH,320x240,"Sharpen Image, Apply Denoising"
Arson023_x264,motion_0009.jpg,70,MODERATE,525.81,SHARP,100.61,NORMAL,55.12,GOOD,44.03,SOFT,22.93,HIGH,320x240,"Sharpen Image, Apply Denoising"
Arson023_x264,motion_0010.jpg,70,MODERATE,526.31,SHARP,100.62,NORMAL,55.12,GOOD,44.06,SOFT,22.94,HIGH,320x240,"Sharpen Image, Apply Denoising"
Arson023_x264,motion_0011.jpg,70,MODERATE,524.23,SHARP,100.62,NORMAL,55.11,GOOD,44.0,SOFT,22.9,HIGH,320x240,"Sharpen Image, Apply Denoising"
Arson023_x264,motion_0012.jpg,70,MODERATE,523.45,SHARP,100.63,NORMAL,55.1,GOOD,43.98,SOFT,22.88,HIGH,320x240,"Sharpen Image, Apply Denoising"
Arson023_x264,motion_0013.jpg,70,MODERATE,525.92,SHARP,100.66,NORMAL,55.07,GOOD,44.04,SOFT,22.93,HIGH,320x240,"Sharpen Image, Apply Denoising"
Arson023_x264,motion_0014.jpg,70,MODERATE,526.89,SHARP,100.68,NORMAL,55.07,GOOD,44.11,SOFT,22.95,HIGH,320x240,"Sharpen Image, Apply Denoising"
Arson023_x264,motion_0015.jpg,70,MODERATE,527.11,SHARP,100.68,NORMAL,55.08,GOOD,44.15,SOFT,22.96,HIGH,320x240,"Sharpen Image, Apply Denoising"
Arson023_x264,motion_0016.jpg,70,MODERATE,527.99,SHARP,100.68,NORMAL,55.06,GOOD,44.2,SOFT,22.98,HIGH,320x240,"Sharpen Image, Apply Denoising"
Arson023_x264,motion_0017.jpg,70,MODERATE,528.2,SHARP,100.67,NORMAL,55.06,GOOD,44.2,SOFT,22.98,HIGH,320x240,"Sharpen Image, Apply Denoising"
Arson023_x264,motion_0018.jpg,70,MODERATE,527.64,SHARP,100.69,NORMAL,55.04,GOOD,44.22,SOFT,22.97,HIGH,320x240,"Sharpen Image, Apply Denoising"
Arson023_x264,motion_0019.jpg,70,MODERATE,528.12,SHARP,100.7,NORMAL,55.02,GOOD,44.19,SOFT,22.98,HIGH,320x240,"Sharpen Image, Apply Denoising"
Arson023_x264,motion_0020.jpg,70,MODERATE,526.73,SHARP,100.7,NORMAL,55.0,GOOD,44.1,SOFT,22.95,HIGH,320x240,"Sharpen Image, Apply Denoising"
Arson023_x264,motion_0021.jpg,70,MODERATE,526.79,SHARP,100.65,NORMAL,54.98,GOOD,44.04,SOFT,22.95,HIGH,320x240,"Sharpen Image, Apply Denoising"
Arson023_x264,motion_0022.jpg,70,MODERATE,527.18,SHARP,100.62,NORMAL,54.97,GOOD,44.01,SOFT,22.96,HIGH,320x240,"Sharpen Image, Apply Denoising"
Arson023_x264,motion_0023.jpg,70,MODERATE,527.31,SHARP,100.61,NORMAL,54.96,GOOD,43.98,SOFT,22.96,HIGH,320x240,"Sharpen Image, Apply Denoising"
Arson023_x264,motion_0024.jpg,70,MODERATE,528.12,SHARP,100.58,NORMAL,54.94,GOOD,43.96,SOFT,22.98,HIGH,320x240,"Sharpen Image, Apply Denoising"
Arson023_x264,motion_0025.jpg,70,MODERATE,527.98,SHARP,100.57,NORMAL,54.94,GOOD,43.92,SOFT,22.98,HIGH,320x240,"Sharpen Image, Apply Denoising"
Arson023_x264,motion_0026.jpg,70,MODERATE,528.14,SHARP,100.49,NORMAL,54.94,GOOD,43.9,SOFT,22.98,HIGH,320x240,"Sharpen Image, Apply Denoising"
Arson023_x264,motion_0027.jpg,70,MODERATE,526.94,SHARP,100.4,NORMAL,54.92,GOOD,43.75,SOFT,22.96,HIGH,320x240,"Sharpen Image, Apply Denoising"
Arson023_x264,motion_0028.jpg,70,MODERATE,525.53,SHARP,100.37,NORMAL,54.92,GOOD,43.63,SOFT,22.92,HIGH,320x240,"Sharpen Image, Apply Denoising"
Arson023_x264,motion_0029.jpg,70,MODERATE,525.3,SHARP,100.29,NORMAL,54.93,GOOD,43.61,SOFT,22.92,HIGH,320x240,"Sharpen Image, Apply Denoising"
Arson023_x264,motion_0030.jpg,70,MODERATE,526.33,SHARP,100.26,NORMAL,54.93,GOOD,43.61,SOFT,22.94,HIGH,320x240,"Sharpen Image, Apply Denoising"
Arson023_x264,motion_0031.jpg,70,MODERATE,526.55,SHARP,100.21,NORMAL,54.92,GOOD,43.52,SOFT,22.95,HIGH,320x240,"Sharpen Image, Apply Denoising"
Arson023_x264,motion_0032.jpg,70,MODERATE,526.89,SHARP,100.19,NORMAL,54.93,GOOD,43.54,SOFT,22.95,HIGH,320x240,"Sharpen Image, Apply Denoising"
Arson023_x264,motion_0033.jpg,70,MODERATE,527.54,SHARP,100.17,NORMAL,54.94,GOOD,43.54,SOFT,22.97,HIGH,320x240,"Sharpen Image, Apply Denoising"
Arson023_x264,motion_0034.jpg,70,MODERATE,525.01,SHARP,99.97,NORMAL,54.94,GOOD,43.37,SOFT,22.91,HIGH,320x240,"Sharpen Image, Apply Denoising"
Arson023_x264,motion_0035.jpg,70,MODERATE,525.57,SHARP,99.92,NORMAL,54.92,GOOD,43.35,SOFT,22.93,HIGH,320x240,"Sharpen Image, Apply Denoising"
Arson023_x264,motion_0036.jpg,70,MODERATE,524.72,SHARP,99.85,NORMAL,54.92,GOOD,43.28,SOFT,22.91,HIGH,320x240,"Sharpen Image, Apply Denoising"
Arson023_x264,motion_0037.jpg,70,MODERATE,525.17,SHARP,99.8,NORMAL,54.9,GOOD,43.27,SOFT,22.92,HIGH,320x240,"Sharpen Image, Apply Denoising"
Arson023_x264,motion_0038.jpg,70,MODERATE,526.04,SHARP,99.67,NORMAL,54.82,GOOD,43.26,SOFT,22.94,HIGH,320x240,"Sharpen Image, Apply Denoising"
Arson023_x264,motion_0039.jpg,70,MODERATE,515.33,SHARP,99.74,NORMAL,54.89,GOOD,42.88,SOFT,22.7,HIGH,320x240,"Sharpen Image, Apply Denoising"
Arson023_x264,motion_0040.jpg,70,MODERATE,523.44,SHARP,99.93,NORMAL,54.94,GOOD,43.33,SOFT,22.88,HIGH,320x240,"Sharpen Image, Apply Denoising"
Arson023_x264,motion_0041.jpg,70,MODERATE,523.55,SHARP,99.97,NORMAL,54.95,GOOD,43.38,SOFT,22.88,HIGH,320x240,"Sharpen Image, Apply Denoising"
Arson023_x264,motion_0042.jpg,70,MODERATE,521.29,SHARP,99.92,NORMAL,54.94,GOOD,43.16,SOFT,22.83,HIGH,320x240,"Sharpen Image, Apply Denoising"
Arson023_x264,motion_0043.jpg,70,MODERATE,520.65,SHARP,99.93,NORMAL,54.94,GOOD,43.12,SOFT,22.82,HIGH,320x240,"Sharpen Image, Apply Denoising"
Arson023_x264,motion_0044.jpg,70,MODERATE,521.4,SHARP,99.97,NORMAL,54.94,GOOD,43.12,SOFT,22.83,HIGH,320x240,"Sharpen Image, Apply Denoising"
Arson023_x264,motion_0045.jpg,70,MODERATE,521.27,SHARP,99.97,NORMAL,54.94,GOOD,43.11,SOFT,22.83,HIGH,320x240,"Sharpen Image, Apply Denoising"
Arson023_x264,motion_0046.jpg,70,MODERATE,521.4,SHARP,99.98,NORMAL,54.94,GOOD,43.1,SOFT,22.83,HIGH,320x240,"Sharpen Image, Apply Denoising"
Arson023_x264,motion_0047.jpg,70,MODERATE,521.02,SHARP,99.95,NORMAL,54.94,GOOD,43.0,SOFT,22.83,HIGH,320x240,"Sharpen Image, Apply Denoising"
Arson023_x264,motion_0048.jpg,70,MODERATE,520.54,SHARP,99.91,NORMAL,54.92,GOOD,42.96,SOFT,22.82,HIGH,320x240,"Sharpen Image, Apply Denoising"
Arson023_x264,motion_0049.jpg,70,MODERATE,519.95,SHARP,99.86,NORMAL,54.9,GOOD,42.9,SOFT,22.8,HIGH,320x240,"Sharpen Image, Apply Denoising"
Arson023_x264,motion_0050.jpg,70,MODERATE,519.81,SHARP,99.81,NORMAL,54.91,GOOD,42.83,SOFT,22.8,HIGH,320x240,"Sharpen Image, Apply Denoising"
Arson023_x264,motion_0051.jpg,70,MODERATE,516.37,SHARP,99.8,NORMAL,55.0,GOOD,42.8,SOFT,22.72,HIGH,320x240,"Sharpen Image, Apply Denoising"
Arson023_x264,motion_0052.jpg,70,MODERATE,519.82,SHARP,99.94,NORMAL,55.04,GOOD,43.05,SOFT,22.8,HIGH,320x240,"Sharpen Image, Apply Denoising"
Arson023_x264,motion_0053.jpg,70,MODERATE,520.9,SHARP,100.02,NORMAL,55.07,GOOD,43.25,SOFT,22.82,HIGH,320x240,"Sharpen Image, Apply Denoising"
Arson023_x264,motion_0054.jpg,70,MODERATE,519.89,SHARP,100.05,NORMAL,55.06,GOOD,43.22,SOFT,22.8,HIGH,320x240,"Sharpen Image, Apply Denoising"
Arson023_x264,motion_0055.jpg,70,MODERATE,509.39,SHARP,100.23,NORMAL,54.99,GOOD,42.27,SOFT,22.57,HIGH,320x240,"Sharpen Image, Apply Denoising"
Arson023_x264,motion_0056.jpg,70,MODERATE,506.57,SHARP,100.26,NORMAL,55.01,GOOD,42.37,SOFT,22.51,HIGH,320x240,"Sharpen Image, Apply Denoising"
Arson023_x264,motion_0057.jpg,70,MODERATE,507.8,SHARP,100.33,NORMAL,55.02,GOOD,42.51,SOFT,22.53,HIGH,320x240,"Sharpen Image, Apply Denoising"
Arson023_x264,motion_0058.jpg,70,MODERATE,511.31,SHARP,100.38,NORMAL,55.02,GOOD,42.66,SOFT,22.61,HIGH,320x240,"Sharpen Image, Apply Denoising"
Arson023_x264,motion_0059.jpg,70,MODERATE,509.54,SHARP,100.36,NORMAL,55.02,GOOD,42.55,SOFT,22.57,HIGH,320x240,"Sharpen Image, Apply Denoising"
Arson023_x264,motion_0060.jpg,70,MODERATE,508.81,SHARP,100.36,NORMAL,55.03,GOOD,42.52,SOFT,22.56,HIGH,320x240,"Sharpen Image, Apply Denoising"
Arson023_x264,motion_0061.jpg,70,MODERATE,507.27,SHARP,100.29,NORMAL,54.99,GOOD,42.18,SOFT,22.52,HIGH,320x240,"Sharpen Image, Apply Denoising"
Arson023_x264,motion_0062.jpg,70,MODERATE,508.23,SHARP,100.22,NORMAL,54.98,GOOD,42.14,SOFT,22.54,HIGH,320x240,"Sharpen Image, Apply Denoising"
Arson023_x264,motion_0063.jpg,70,MODERATE,509.51,SHARP,100.14,NORMAL,54.97,GOOD,42.11,SOFT,22.57,HIGH,320x240,"Sharpen Image, Apply Denoising"
Arson023_x264,motion_0064.jpg,70,MODERATE,510.6,SHARP,99.97,NORMAL,54.95,GOOD,42.24,SOFT,22.6,HIGH,320x240,"Sharpen Image, Apply Denoising"
Arson023_x264,motion_0065.jpg,70,MODERATE,508.56,SHARP,99.86,NORMAL,54.9,GOOD,42.02,SOFT,22.55,HIGH,320x240,"Sharpen Image, Apply Denoising"
Arson023_x264,motion_0066.jpg,70,MODERATE,507.15,SHARP,99.75,NORMAL,54.87,GOOD,41.82,SOFT,22.52,HIGH,320x240,"Sharpen Image, Apply Denoising"
Arson023_x264,motion_0067.jpg,70,MODERATE,516.75,SHARP,99.75,NORMAL,54.81,GOOD,42.43,SOFT,22.73,HIGH,320x240,"Sharpen Image, Apply Denoising"
Arson023_x264,motion_0068.jpg,70,MODERATE,517.77,SHARP,99.78,NORMAL,54.82,GOOD,42.56,SOFT,22.75,HIGH,320x240,"Sharpen Image, Apply Denoising"
Arson023_x264,motion_0069.jpg,70,MODERATE,520.84,SHARP,99.84,NORMAL,54.82,GOOD,42.79,SOFT,22.82,HIGH,320x240,"Sharpen Image, Apply Denoising"
Arson023_x264,motion_0070.jpg,70,MODERATE,525.59,SHARP,99.93,NORMAL,54.83,GOOD,43.08,SOFT,22.93,HIGH,320x240,"Sharpen Image, Apply Denoising"
Arson023_x264,motion_0071.jpg,70,MODERATE,525.18,SHARP,100.03,NORMAL,54.86,GOOD,43.28,SOFT,22.92,HIGH,320x240,"Sharpen Image, Apply Denoising"
Arson023_x264,motion_0072.jpg,70,MODERATE,525.32,SHARP,100.13,NORMAL,54.9,GOOD,43.35,SOFT,22.92,HIGH,320x240,"Sharpen Image, Apply Denoising"
Arson023_x264,motion_0073.jpg,70,MODERATE,523.87,SHARP,100.26,NORMAL,54.93,GOOD,43.32,SOFT,22.89,HIGH,320x240,"Sharpen Image, Apply Denoising"
Arson023_x264,motion_0074.jpg,70,MODERATE,523.36,SHARP,100.36,NORMAL,54.97,GOOD,43.29,SOFT,22.88,HIGH,320x240,"Sharpen Image, Apply Denoising"
Arson023_x264,motion_0075.jpg,70,MODERATE,521.01,SHARP,100.43,NORMAL,55.02,GOOD,43.25,SOFT,22.83,HIGH,320x240,"Sharpen Image, Apply Denoising"
Arson023_x264,motion_0076.jpg,70,MODERATE,520.7,SHARP,100.5,NORMAL,55.06,GOOD,43.25,SOFT,22.82,HIGH,320x240,"Sharpen Image, Apply Denoising"
Arson023_x264,motion_0077.jpg,70,MODERATE,518.71,SHARP,100.55,NORMAL,55.09,GOOD,43.22,SOFT,22.78,HIGH,320x240,"Sharpen Image, Apply Denoising"
Arson023_x264,motion_0078.jpg,70,MODERATE,512.42,SHARP,100.54,NORMAL,55.09,GOOD,43.1,SOFT,22.64,HIGH,320x240,"Sharpen Image, Apply Denoising"
Arson023_x264,motion_0079.jpg,70,MODERATE,511.59,SHARP,100.44,NORMAL,55.11,GOOD,43.03,SOFT,22.62,HIGH,320x240,"Sharpen Image, Apply Denoising"
Arson023_x264,motion_0080.jpg,70,MODERATE,510.97,SHARP,100.37,NORMAL,55.11,GOOD,42.95,SOFT,22.6,HIGH,320x240,"Sharpen Image, Apply Denoising"
Arson023_x264,motion_0081.jpg,70,MODERATE,509.63,SHARP,100.33,NORMAL,55.11,GOOD,42.87,SOFT,22.57,HIGH,320x240,"Sharpen Image, Apply Denoising"
Arson023_x264,motion_0082.jpg,70,MODERATE,509.94,SHARP,100.3,NORMAL,55.1,GOOD,42.9,SOFT,22.58,HIGH,320x240,"Sharpen Image, Apply Denoising"
Arson023_x264,motion_0083.jpg,70,MODERATE,510.69,SHARP,100.31,NORMAL,55.1,GOOD,42.98,SOFT,22.6,HIGH,320x240,"Sharpen Image, Apply Denoising"
Arson023_x264,motion_0084.jpg,70,MODERATE,511.33,SHARP,100.29,NORMAL,55.1,GOOD,43.04,SOFT,22.61,HIGH,320x240,"Sharpen Image, Apply Denoising"
Arson023_x264,motion_0085.jpg,70,MODERATE,511.84,SHARP,100.3,NORMAL,55.09,GOOD,43.05,SOFT,22.62,HIGH,320x240,"Sharpen Image, Apply Denoising"
Arson023_x264,motion_0086.jpg,70,MODERATE,512.73,SHARP,100.31,NORMAL,55.09,GOOD,43.13,SOFT,22.64,HIGH,320x240,"Sharpen Image, Apply Denoising"
Arson023_x264,motion_0087.jpg,70,MODERATE,514.62,SHARP,100.33,NORMAL,55.12,GOOD,43.22,SOFT,22.69,HIGH,320x240,"Sharpen Image, Apply Denoising"
Arson023_x264,motion_0088.jpg,70,MODERATE,514.24,SHARP,100.33,NORMAL,55.13,GOOD,43.22,SOFT,22.68,HIGH,320x240,"Sharpen Image, Apply Denoising"
Arson023_x264,motion_0089.jpg,70,MODERATE,514.76,SHARP,100.32,NORMAL,55.12,GOOD,43.24,SOFT,22.69,HIGH,320x240,"Sharpen Image, Apply Denoising"
Arson023_x264,motion_0090.jpg,70,MODERATE,514.78,SHARP,100.3,NORMAL,55.12,GOOD,43.22,SOFT,22.69,HIGH,320x240,"Sharpen Image, Apply Denoising"
Arson023_x264,motion_0091.jpg,70,MODERATE,514.86,SHARP,100.36,NORMAL,55.17,GOOD,43.24,SOFT,22.69,HIGH,320x240,"Sharpen Image, Apply Denoising"
Arson023_x264,motion_0092.jpg,70,MODERATE,514.89,SHARP,100.34,NORMAL,55.18,GOOD,43.27,SOFT,22.69,HIGH,320x240,"Sharpen Image, Apply Denoising"
Arson023_x264,motion_0093.jpg,70,MODERATE,515.46,SHARP,100.32,NORMAL,55.19,GOOD,43.22,SOFT,22.7,HIGH,320x240,"Sharpen Image, Apply Denoising"
Arson023_x264,motion_0094.jpg,70,MODERATE,514.68,SHARP,100.34,NORMAL,55.2,GOOD,43.24,SOFT,22.69,HIGH,320x240,"Sharpen Image, Apply Denoising"
Arson023_x264,motion_0095.jpg,70,MODERATE,515.46,SHARP,100.35,NORMAL,55.21,GOOD,43.27,SOFT,22.7,HIGH,320x240,"Sharpen Image, Apply Denoising"
Arson023_x264,motion_0096.jpg,70,MODERATE,515.33,SHARP,100.37,NORMAL,55.22,GOOD,43.3,SOFT,22.7,HIGH,320x240,"Sharpen Image, Apply Denoising"
Arson023_x264,motion_0097.jpg,70,MODERATE,515.62,SHARP,100.38,NORMAL,55.23,GOOD,43.31,SOFT,22.71,HIGH,320x240,"Sharpen Image, Apply Denoising"
Arson023_x264,motion_0098.jpg,70,MODERATE,514.97,SHARP,100.39,NORMAL,55.24,GOOD,43.31,SOFT,22.69,HIGH,320x240,"Sharpen Image, Apply Denoising"
Arson023_x264,motion_0099.jpg,70,MODERATE,514.16,SHARP,100.42,NORMAL,55.24,GOOD,43.31,SOFT,22.68,HIGH,320x240,"Sharpen Image, Apply Denoising"
Arson023_x264,motion_0100.jpg,70,MODERATE,514.08,SHARP,100.46,NORMAL,55.26,GOOD,43.32,SOFT,22.67,HIGH,320x240,"Sharpen Image, Apply Denoising"
Arson023_x264,motion_0101.jpg,70,MODERATE,513.71,SHARP,100.47,NORMAL,55.26,GOOD,43.32,SOFT,22.67,HIGH,320x240,"Sharpen Image, Apply Denoising"
Arson023_x264,motion_0102.jpg,70,MODERATE,513.08,SHARP,100.46,NORMAL,55.27,GOOD,43.31,SOFT,22.65,HIGH,320x240,"Sharpen Image, Apply Denoising"
Arson023_x264,motion_0103.jpg,70,MODERATE,513.26,SHARP,100.5,NORMAL,55.29,GOOD,43.25,SOFT,22.66,HIGH,320x240,"Sharpen Image, Apply Denoising"
Arson023_x264,motion_0104.jpg,70,MODERATE,513.19,SHARP,100.48,NORMAL,55.29,GOOD,43.24,SOFT,22.65,HIGH,320x240,"Sharpen Image, Apply Denoising"
Arson023_x264,motion_0105.jpg,70,MODERATE,513.35,SHARP,100.46,NORMAL,55.3,GOOD,43.25,SOFT,22.66,HIGH,320x240,"Sharpen Image, Apply Denoising"
Arson023_x264,motion_0106.jpg,70,MODERATE,513.19,SHARP,100.45,NORMAL,55.3,GOOD,43.25,SOFT,22.65,HIGH,320x240,"Sharpen Image, Apply Denoising"
Arson023_x264,motion_0107.jpg,70,MODERATE,512.36,SHARP,100.41,NORMAL,55.31,GOOD,43.24,SOFT,22.64,HIGH,320x240,"Sharpen Image, Apply Denoising"
Arson023_x264,motion_0108.jpg,70,MODERATE,512.2,SHARP,100.4,NORMAL,55.34,GOOD,43.24,SOFT,22.63,HIGH,320x240,"Sharpen Image, Apply Denoising"
Arson023_x264,motion_0109.jpg,70,MODERATE,512.68,SHARP,100.4,NORMAL,55.36,GOOD,43.25,SOFT,22.64,HIGH,320x240,"Sharpen Image, Apply Denoising"
Arson023_x264,motion_0110.jpg,70,MODERATE,512.4,SHARP,100.39,NORMAL,55.35,GOOD,43.22,SOFT,22.64,HIGH,320x240,"Sharpen Image, Apply Denoising"
Arson023_x264,motion_0111.jpg,70,MODERATE,512.69,SHARP,100.36,NORMAL,55.35,GOOD,43.24,SOFT,22.64,HIGH,320x240,"Sharpen Image, Apply Denoising"
Arson023_x264,motion_0112.jpg,70,MODERATE,512.74,SHARP,100.36,NORMAL,55.35,GOOD,43.24,SOFT,22.64,HIGH,320x240,"Sharpen Image, Apply Denoising"
Arson023_x264,motion_0113.jpg,70,MODERATE,513.07,SHARP,100.36,NORMAL,55.36,GOOD,43.28,SOFT,22.65,HIGH,320x240,"Sharpen Image, Apply Denoising"
Arson023_x264,motion_0114.jpg,70,MODERATE,511.79,SHARP,99.62,NORMAL,55.05,GOOD,43.2,SOFT,22.62,HIGH,320x240,"Sharpen Image, Apply Denoising"
Arson023_x264,motion_0115.jpg,70,MODERATE,507.75,SHARP,98.44,NORMAL,54.79,GOOD,42.95,SOFT,22.53,HIGH,320x240,"Sharpen Image, Apply Denoising"
Arson023_x264,motion_0116.jpg,70,MODERATE,509.73,SHARP,96.99,NORMAL,54.13,GOOD,43.11,SOFT,22.58,HIGH,320x240,"Sharpen Image, Apply Denoising"
Arson023_x264,motion_0117.jpg,70,MODERATE,507.77,SHARP,95.88,NORMAL,54.8,GOOD,43.05,SOFT,22.53,HIGH,320x240,"Sharpen Image, Apply Denoising"
Arson023_x264,motion_0118.jpg,70,MODERATE,507.88,SHARP,95.87,NORMAL,54.81,GOOD,43.08,SOFT,22.54,HIGH,320x240,"Sharpen Image, Apply Denoising"
Arson023_x264,motion_0119.jpg,70,MODERATE,507.55,SHARP,95.85,NORMAL,54.81,GOOD,43.09,SOFT,22.53,HIGH,320x240,"Sharpen Image, Apply Denoising"
Arson023_x264,motion_0120.jpg,70,MODERATE,508.27,SHARP,95.77,NORMAL,54.78,GOOD,43.12,SOFT,22.54,HIGH,320x240,"Sharpen Image, Apply Denoising"
Arson023_x264,motion_0121.jpg,70,MODERATE,510.98,SHARP,95.66,NORMAL,54.75,GOOD,43.24,SOFT,22.6,HIGH,320x240,"Sharpen Image, Apply Denoising"
Arson023_x264,motion_0122.jpg,70,MODERATE,510.98,SHARP,95.54,NORMAL,54.77,GOOD,43.27,SOFT,22.6,HIGH,320x240,"Sharpen Image, Apply Denoising"
Arson023_x264,motion_0123.jpg,70,MODERATE,510.71,SHARP,95.42,NORMAL,54.77,GOOD,43.34,SOFT,22.6,HIGH,320x240,"Sharpen Image, Apply Denoising"
Arson023_x264,motion_0124.jpg,70,MODERATE,510.75,SHARP,95.39,NORMAL,54.79,GOOD,43.29,SOFT,22.6,HIGH,320x240,"Sharpen Image, Apply Denoising"
Arson023_x264,motion_0125.jpg,70,MODERATE,510.71,SHARP,95.39,NORMAL,54.82,GOOD,43.27,SOFT,22.6,HIGH,320x240,"Sharpen Image, Apply Denoising"
Arson023_x264,motion_0126.jpg,70,MODERATE,509.85,SHARP,95.38,NORMAL,54.82,GOOD,43.27,SOFT,22.58,HIGH,320x240,"Sharpen Image, Apply Denoising"
Arson023_x264,motion_0127.jpg,70,MODERATE,510.39,SHARP,95.34,NORMAL,54.83,GOOD,43.17,SOFT,22.59,HIGH,320x240,"Sharpen Image, Apply Denoising"
Arson023_x264,motion_0128.jpg,70,MODERATE,509.56,SHARP,95.35,NORMAL,54.84,GOOD,43.18,SOFT,22.57,HIGH,320x240,"Sharpen Image, Apply Denoising"
Arson023_x264,motion_0129.jpg,70,MODERATE,510.44,SHARP,95.37,NORMAL,54.87,GOOD,43.22,SOFT,22.59,HIGH,320x240,"Sharpen Image, Apply Denoising"
Arson023_x264,motion_0130.jpg,70,MODERATE,510.25,SHARP,95.38,NORMAL,54.89,GOOD,43.23,SOFT,22.59,HIGH,320x240,"Sharpen Image, Apply Denoising"
Arson023_x264,motion_0131.jpg,70,MODERATE,511.01,SHARP,95.38,NORMAL,54.92,GOOD,43.3,SOFT,22.61,HIGH,320x240,"Sharpen Image, Apply Denoising"
Arson023_x264,motion_0132.jpg,70,MODERATE,512.46,SHARP,95.41,NORMAL,54.94,GOOD,43.38,SOFT,22.64,HIGH,320x240,"Sharpen Image, Apply Denoising"
Arson023_x264,motion_0133.jpg,70,MODERATE,512.53,SHARP,95.41,NORMAL,54.96,GOOD,43.39,SOFT,22.64,HIGH,320x240,"Sharpen Image, Apply Denoising"
Arson023_x264,motion_0134.jpg,70,MODERATE,512.89,SHARP,95.45,NORMAL,54.99,GOOD,43.42,SOFT,22.65,HIGH,320x240,"Sharpen Image, Apply Denoising"
Arson023_x264,motion_0135.jpg,70,MODERATE,513.46,SHARP,95.48,NORMAL,55.02,GOOD,43.48,SOFT,22.66,HIGH,320x240,"Sharpen Image, Apply Denoising"
Arson023_x264,motion_0136.jpg,70,MODERATE,515.46,SHARP,95.43,NORMAL,54.98,GOOD,43.59,SOFT,22.7,HIGH,320x240,"Sharpen Image, Apply Denoising"
Arson023_x264,motion_0137.jpg,70,MODERATE,518.11,SHARP,95.46,NORMAL,55.02,GOOD,43.74,SOFT,22.76,HIGH,320x240,"Sharpen Image, Apply Denoising"
Arson023_x264,motion_0138.jpg,70,MODERATE,518.37,SHARP,95.49,NORMAL,55.06,GOOD,43.79,SOFT,22.77,HIGH,320x240,"Sharpen Image, Apply Denoising"
Arson023_x264,motion_0139.jpg,70,MODERATE,517.88,SHARP,95.51,NORMAL,55.06,GOOD,43.72,SOFT,22.76,HIGH,320x240,"Sharpen Image, Apply Denoising"
Arson023_x264,motion_0140.jpg,70,MODERATE,518.97,SHARP,95.47,NORMAL,55.06,GOOD,43.82,SOFT,22.78,HIGH,320x240,"Sharpen Image, Apply Denoising"
Arson023_x264,motion_0141.jpg,70,MODERATE,518.35,SHARP,95.45,NORMAL,55.06,GOOD,43.86,SOFT,22.77,HIGH,320x240,"Sharpen Image, Apply Denoising"
Arson023_x264,motion_0142.jpg,70,MODERATE,519.87,SHARP,95.47,NORMAL,55.09,GOOD,43.99,SOFT,22.8,HIGH,320x240,"Sharpen Image, Apply Denoising"
Arson023_x264,motion_0143.jpg,70,MODERATE,522.31,SHARP,95.51,NORMAL,55.13,GOOD,44.19,SOFT,22.85,HIGH,320x240,"Sharpen Image, Apply Denoising"
Arson023_x264,motion_0144.jpg,70,MODERATE,522.88,SHARP,95.49,NORMAL,55.16,GOOD,44.27,SOFT,22.87,HIGH,320x240,"Sharpen Image, Apply Denoising"
Arson023_x264,motion_0145.jpg,70,MODERATE,523.26,SHARP,95.34,NORMAL,55.16,GOOD,44.39,SOFT,22.87,HIGH,320x240,"Sharpen Image, Apply Denoising"
Arson023_x264,motion_0146.jpg,70,MODERATE,520.68,SHARP,94.68,NORMAL,54.82,GOOD,44.44,SOFT,22.82,HIGH,320x240,"Sharpen Image, Apply Denoising"
Arson023_x264,motion_0147.jpg,70,MODERATE,519.17,SHARP,92.66,NORMAL,54.94,GOOD,44.32,SOFT,22.79,HIGH,320x240,"Sharpen Image, Apply Denoising"
Arson023_x264,motion_0148.jpg,70,MODERATE,515.57,SHARP,91.29,NORMAL,54.27,GOOD,44.22,SOFT,22.71,HIGH,320x240,"Sharpen Image, Apply Denoising"
Arson023_x264,motion_0149.jpg,70,MODERATE,510.34,SHARP,88.81,NORMAL,54.41,GOOD,43.82,SOFT,22.59,HIGH,320x240,"Sharpen Image, Apply Denoising"
Arson023_x264,motion_0150.jpg,70,MODERATE,510.17,SHARP,88.78,NORMAL,54.45,GOOD,43.88,SOFT,22.59,HIGH,320x240,"Sharpen Image, Apply Denoising"
Arson023_x264,motion_0151.jpg,70,MODERATE,511.47,SHARP,88.83,NORMAL,54.52,GOOD,43.99,SOFT,22.62,HIGH,320x240,"Sharpen Image, Apply Denoising"
Arson023_x264,motion_0152.jpg,70,MODERATE,488.29,SHARP,88.68,NORMAL,54.63,GOOD,42.6,SOFT,22.1,HIGH,320x240,"Sharpen Image, Apply Denoising"
Arson023_x264,motion_0153.jpg,70,MODERATE,498.18,SHARP,88.66,NORMAL,54.71,GOOD,43.08,SOFT,22.32,HIGH,320x240,"Sharpen Image, Apply Denoising"
Arson023_x264,motion_0154.jpg,70,MODERATE,512.83,SHARP,88.62,NORMAL,54.79,GOOD,43.61,SOFT,22.65,HIGH,320x240,"Sharpen Image, Apply Denoising"
Arson023_x264,motion_0155.jpg,70,MODERATE,516.63,SHARP,88.6,NORMAL,54.85,GOOD,43.99,SOFT,22.73,HIGH,320x240,"Sharpen Image, Apply Denoising"
Arson023_x264,motion_0156.jpg,70,MODERATE,526.61,SHARP,88.51,NORMAL,54.85,GOOD,44.37,SOFT,22.95,HIGH,320x240,"Sharpen Image, Apply Denoising"
Arson023_x264,motion_0157.jpg,70,MODERATE,531.06,SHARP,88.43,NORMAL,54.85,GOOD,44.67,SOFT,23.04,HIGH,320x240,"Sharpen Image, Apply Denoising"
Arson023_x264,motion_0158.jpg,70,MODERATE,539.8,SHARP,88.3,NORMAL,54.8,GOOD,45.09,SOFT,23.23,HIGH,320x240,"Sharpen Image, Apply Denoising"
Arson023_x264,motion_0159.jpg,70,MODERATE,541.06,SHARP,88.28,NORMAL,54.8,GOOD,45.2,SOFT,23.26,HIGH,320x240,"Sharpen Image, Apply Denoising"
Arson023_x264,motion_0160.jpg,70,MODERATE,543.11,SHARP,88.19,NORMAL,54.78,GOOD,45.4,SOFT,23.3,HIGH,320x240,"Sharpen Image, Apply Denoising"
Arson023_x264,motion_0161.jpg,70,MODERATE,548.21,SHARP,88.02,NORMAL,54.74,GOOD,45.89,SOFT,23.41,HIGH,320x240,"Sharpen Image, Apply Denoising"
Arson023_x264,motion_0162.jpg,70,MODERATE,549.72,SHARP,87.7,NORMAL,54.72,GOOD,46.46,SOFT,23.45,HIGH,320x240,"Sharpen Image, Apply Denoising"
Arson023_x264,motion_0163.jpg,70,MODERATE,548.02,SHARP,87.67,NORMAL,54.67,GOOD,46.27,SOFT,23.41,HIGH,320x240,"Sharpen Image, Apply Denoising"
Arson023_x264,motion_0164.jpg,70,MODERATE,547.36,SHARP,87.67,NORMAL,54.65,GOOD,46.26,SOFT,23.4,HIGH,320x240,"Sharpen Image, Apply Denoising"
Arson023_x264,motion_0165.jpg,70,MODERATE,547.1,SHARP,87.62,NORMAL,54.61,GOOD,46.38,SOFT,23.39,HIGH,320x240,"Sharpen Image, Apply Denoising"
Arson023_x264,motion_0166.jpg,70,MODERATE,546.5,SHARP,87.62,NORMAL,54.61,GOOD,46.14,SOFT,23.38,HIGH,320x240,"Sharpen Image, Apply Denoising"
Arson023_x264,motion_0167.jpg,70,MODERATE,546.19,SHARP,88.02,NORMAL,54.69,GOOD,46.25,SOFT,23.37,HIGH,320x240,"Sharpen Image, Apply Denoising"
Arson023_x264,motion_0168.jpg,70,MODERATE,547.82,SHARP,89.5,NORMAL,55.23,GOOD,46.43,SOFT,23.41,HIGH,320x240,"Sharpen Image, Apply Denoising"
Arson023_x264,motion_0169.jpg,70,MODERATE,548.49,SHARP,92.05,NORMAL,55.28,GOOD,46.08,SOFT,23.42,HIGH,320x240,"Sharpen Image, Apply Denoising"
Arson023_x264,motion_0170.jpg,70,MODERATE,549.72,SHARP,92.17,NORMAL,55.33,GOOD,46.18,SOFT,23.45,HIGH,320x240,"Sharpen Image, Apply Denoising"
Arson023_x264,motion_0171.jpg,70,MODERATE,549.0,SHARP,92.3,NORMAL,55.4,GOOD,46.21,SOFT,23.43,HIGH,320x240,"Sharpen Image, Apply Denoising"
Arson023_x264,motion_0172.jpg,70,MODERATE,547.86,SHARP,92.61,NORMAL,55.49,GOOD,46.16,SOFT,23.41,HIGH,320x240,"Sharpen Image, Apply Denoising"
Arson023_x264,motion_0173.jpg,70,MODERATE,544.27,SHARP,92.89,NORMAL,55.63,GOOD,46.1,SOFT,23.33,HIGH,320x240,"Sharpen Image, Apply Denoising"
Arson023_x264,motion_0174.jpg,70,MODERATE,546.41,SHARP,93.06,NORMAL,55.71,GOOD,46.16,SOFT,23.38,HIGH,320x240,"Sharpen Image, Apply Denoising"
Arson023_x264,motion_0175.jpg,70,MODERATE,549.21,SHARP,93.29,NORMAL,55.83,GOOD,46.34,SOFT,23.44,HIGH,320x240,"Sharpen Image, Apply Denoising"
Arson023_x264,motion_0176.jpg,70,MODERATE,553.78,SHARP,93.4,NORMAL,55.96,GOOD,46.49,SOFT,23.53,HIGH,320x240,"Sharpen Image, Apply Denoising"
Arson023_x264,motion_0177.jpg,70,MODERATE,555.4,SHARP,93.64,NORMAL,56.05,GOOD,46.5,SOFT,23.57,HIGH,320x240,"Sharpen Image, Apply Denoising"
Arson023_x264,motion_0178.jpg,70,MODERATE,556.08,SHARP,93.67,NORMAL,56.1,GOOD,46.64,SOFT,23.58,HIGH,320x240,"Sharpen Image, Apply Denoising"
Arson023_x264,motion_0179.jpg,70,MODERATE,559.35,SHARP,93.75,NORMAL,56.2,GOOD,46.8,SOFT,23.65,HIGH,320x240,"Sharpen Image, Apply Denoising"
Arson023_x264,motion_0180.jpg,70,MODERATE,558.58,SHARP,93.85,NORMAL,56.3,GOOD,46.79,SOFT,23.63,HIGH,320x240,"Sharpen Image, Apply Denoising"
Arson023_x264,motion_0181.jpg,70,MODERATE,559.58,SHARP,93.87,NORMAL,56.33,GOOD,46.84,SOFT,23.66,HIGH,320x240,"Sharpen Image, Apply Denoising"
Arson023_x264,motion_0182.jpg,70,MODERATE,555.44,SHARP,93.89,NORMAL,56.35,GOOD,46.71,SOFT,23.57,HIGH,320x240,"Sharpen Image, Apply Denoising"
Arson023_x264,motion_0183.jpg,70,MODERATE,552.08,SHARP,93.92,NORMAL,56.37,GOOD,46.62,SOFT,23.5,HIGH,320x240,"Sharpen Image, Apply Denoising"
Arson023_x264,motion_0184.jpg,70,MODERATE,552.9,SHARP,93.95,NORMAL,56.39,GOOD,46.55,SOFT,23.51,HIGH,320x240,"Sharpen Image, Apply Denoising"
Arson023_x264,motion_0185.jpg,70,MODERATE,551.5,SHARP,94.01,NORMAL,56.41,GOOD,46.57,SOFT,23.48,HIGH,320x240,"Sharpen Image, Apply Denoising"
Arson023_x264,motion_0186.jpg,70,MODERATE,552.04,SHARP,94.1,NORMAL,56.51,GOOD,46.69,SOFT,23.5,HIGH,320x240,"Sharpen Image, Apply Denoising"
Arson023_x264,motion_0187.jpg,70,MODERATE,546.67,SHARP,94.42,NORMAL,56.53,GOOD,46.58,SOFT,23.38,HIGH,320x240,"Sharpen Image, Apply Denoising"
Arson023_x264,motion_0188.jpg,70,MODERATE,542.9,SHARP,94.49,NORMAL,56.6,GOOD,46.59,SOFT,23.3,HIGH,320x240,"Sharpen Image, Apply Denoising"
Arson023_x264,motion_0189.jpg,70,MODERATE,539.22,SHARP,94.61,NORMAL,56.72,GOOD,46.51,SOFT,23.22,HIGH,320x240,"Sharpen Image, Apply Denoising"
Arson023_x264,motion_0190.jpg,70,MODERATE,540.05,SHARP,94.92,NORMAL,56.83,GOOD,46.61,SOFT,23.24,HIGH,320x240,"Sharpen Image, Apply Denoising"
Arson023_x264,motion_0191.jpg,70,MODERATE,541.34,SHARP,95.08,NORMAL,56.92,GOOD,46.73,SOFT,23.27,HIGH,320x240,"Sharpen Image, Apply Denoising"
Arson023_x264,motion_0192.jpg,70,MODERATE,543.54,SHARP,95.19,NORMAL,57.01,GOOD,46.9,SOFT,23.31,HIGH,320x240,"Sharpen Image, Apply Denoising"
Arson023_x264,motion_0193.jpg,70,MODERATE,546.5,SHARP,95.27,NORMAL,57.07,GOOD,47.02,SOFT,23.38,HIGH,320x240,"Sharpen Image, Apply Denoising"
Arson023_x264,motion_0194.jpg,70,MODERATE,548.18,SHARP,95.39,NORMAL,57.14,GOOD,47.17,SOFT,23.41,HIGH,320x240,"Sharpen Image, Apply Denoising"
Arson023_x264,motion_0195.jpg,70,MODERATE,548.07,SHARP,95.52,NORMAL,57.17,GOOD,47.24,SOFT,23.41,HIGH,320x240,"Sharpen Image, Apply Denoising"
Arson023_x264,motion_0196.jpg,70,MODERATE,550.02,SHARP,95.61,NORMAL,57.24,GOOD,47.47,SOFT,23.45,HIGH,320x240,"Sharpen Image, Apply Denoising"
Arson023_x264,motion_0197.jpg,70,MODERATE,550.29,SHARP,95.69,NORMAL,57.29,GOOD,47.62,SOFT,23.46,HIGH,320x240,"Sharpen Image, Apply Denoising"
Arson023_x264,motion_0198.jpg,70,MODERATE,550.85,SHARP,95.82,NORMAL,57.37,GOOD,47.84,SOFT,23.47,HIGH,320x240,"Sharpen Image, Apply Denoising"
Arson023_x264,motion_0199.jpg,70,MODERATE,551.31,SHARP,95.92,NORMAL,57.43,GOOD,47.97,SOFT,23.48,HIGH,320x240,"Sharpen Image, Apply Denoising"
Arson023_x264,motion_0200.jpg,70,MODERATE,552.48,SHARP,96.05,NORMAL,57.52,GOOD,48.06,SOFT,23.5,HIGH,320x240,"Sharpen Image, Apply Denoising"
Arson023_x264,motion_0201.jpg,70,MODERATE,554.89,SHARP,96.04,NORMAL,57.54,GOOD,48.0,SOFT,23.56,HIGH,320x240,"Sharpen Image, Apply Denoising"
Arson023_x264,motion_0202.jpg,70,MODERATE,555.73,SHARP,96.03,NORMAL,57.6,GOOD,47.93,SOFT,23.57,HIGH,320x240,"Sharpen Image, Apply Denoising"
Arson023_x264,motion_0203.jpg,70,MODERATE,554.9,SHARP,96.08,NORMAL,57.57,GOOD,47.86,SOFT,23.56,HIGH,320x240,"Sharpen Image, Apply Denoising"
Arson023_x264,motion_0204.jpg,70,MODERATE,549.96,SHARP,96.03,NORMAL,57.57,GOOD,47.71,SOFT,23.45,HIGH,320x240,"Sharpen Image, Apply Denoising"
Arson023_x264,motion_0205.jpg,70,MODERATE,549.24,SHARP,95.88,NORMAL,57.49,GOOD,47.72,SOFT,23.44,HIGH,320x240,"Sharpen Image, Apply Denoising"
Arson023_x264,motion_0206.jpg,70,MODERATE,547.18,SHARP,95.77,NORMAL,57.42,GOOD,47.65,SOFT,23.39,HIGH,320x240,"Sharpen Image, Apply Denoising"
Arson023_x264,motion_0207.jpg,70,MODERATE,548.39,SHARP,95.68,NORMAL,57.38,GOOD,47.62,SOFT,23.42,HIGH,320x240,"Sharpen Image, Apply Denoising"
Arson023_x264,motion_0208.jpg,70,MODERATE,546.61,SHARP,95.68,NORMAL,57.39,GOOD,47.51,SOFT,23.38,HIGH,320x240,"Sharpen Image, Apply Denoising"
Arson023_x264,motion_0209.jpg,70,MODERATE,546.53,SHARP,95.62,NORMAL,57.34,GOOD,47.45,SOFT,23.38,HIGH,320x240,"Sharpen Image, Apply Denoising"
Arson023_x264,motion_0210.jpg,70,MODERATE,546.94,SHARP,95.48,NORMAL,57.22,GOOD,47.56,SOFT,23.39,HIGH,320x240,"Sharpen Image, Apply Denoising"
Arson023_x264,motion_0211.jpg,70,MODERATE,545.73,SHARP,95.34,NORMAL,57.1,GOOD,47.57,SOFT,23.36,HIGH,320x240,"Sharpen Image, Apply Denoising"
Arson023_x264,motion_0212.jpg,70,MODERATE,546.04,SHARP,95.04,NORMAL,56.96,GOOD,47.68,SOFT,23.37,HIGH,320x240,"Sharpen Image, Apply Denoising"
Arson023_x264,motion_0213.jpg,70,MODERATE,546.12,SHARP,94.92,NORMAL,56.85,GOOD,47.62,SOFT,23.37,HIGH,320x240,"Sharpen Image, Apply Denoising"
Arson023_x264,motion_0214.jpg,70,MODERATE,544.67,SHARP,94.85,NORMAL,56.75,GOOD,47.46,SOFT,23.34,HIGH,320x240,"Sharpen Image, Apply Denoising"
Arson023_x264,motion_0215.jpg,70,MODERATE,546.6,SHARP,94.76,NORMAL,56.7,GOOD,47.31,SOFT,23.38,HIGH,320x240,"Sharpen Image, Apply Denoising"
Arson023_x264,motion_0216.jpg,70,MODERATE,545.52,SHARP,94.74,NORMAL,56.65,GOOD,47.03,SOFT,23.36,HIGH,320x240,"Sharpen Image, Apply Denoising"
Arson023_x264,motion_0217.jpg,70,MODERATE,541.03,SHARP,94.71,NORMAL,56.59,GOOD,46.78,SOFT,23.26,HIGH,320x240,"Sharpen Image, Apply Denoising"
Arson023_x264,motion_0218.jpg,70,MODERATE,541.9,SHARP,94.64,NORMAL,56.51,GOOD,46.74,SOFT,23.28,HIGH,320x240,"Sharpen Image, Apply Denoising"
Arson023_x264,motion_0219.jpg,70,MODERATE,548.27,SHARP,94.64,NORMAL,56.53,GOOD,47.06,SOFT,23.42,HIGH,320x240,"Sharpen Image, Apply Denoising"
Arson023_x264,motion_0220.jpg,70,MODERATE,550.06,SHARP,94.63,NORMAL,56.53,GOOD,47.15,SOFT,23.45,HIGH,320x240,"Sharpen Image, Apply Denoising"
Arson023_x264,motion_0221.jpg,70,MODERATE,549.93,SHARP,94.63,NORMAL,56.53,GOOD,47.1,SOFT,23.45,HIGH,320x240,"Sharpen Image, Apply Denoising"
Arson023_x264,motion_0222.jpg,70,MODERATE,551.09,SHARP,94.67,NORMAL,56.56,GOOD,47.17,SOFT,23.48,HIGH,320x240,"Sharpen Image, Apply Denoising"
Arson023_x264,motion_0223.jpg,70,MODERATE,552.98,SHARP,94.77,NORMAL,56.69,GOOD,47.01,SOFT,23.52,HIGH,320x240,"Sharpen Image, Apply Denoising"
Arson023_x264,motion_0224.jpg,70,MODERATE,550.6,SHARP,94.79,NORMAL,56.7,GOOD,46.92,SOFT,23.46,HIGH,320x240,"Sharpen Image, Apply Denoising"
Arson023_x264,motion_0225.jpg,70,MODERATE,550.48,SHARP,94.8,NORMAL,56.74,GOOD,46.86,SOFT,23.46,HIGH,320x240,"Sharpen Image, Apply Denoising"
Arson023_x264,motion_0226.jpg,70,MODERATE,548.62,SHARP,94.84,NORMAL,56.71,GOOD,46.8,SOFT,23.42,HIGH,320x240,"Sharpen Image, Apply Denoising"
Arson023_x264,motion_0227.jpg,70,MODERATE,550.14,SHARP,94.92,NORMAL,56.79,GOOD,46.85,SOFT,23.46,HIGH,320x240,"Sharpen Image, Apply Denoising"
Arson023_x264,motion_0228.jpg,70,MODERATE,549.32,SHARP,95.0,NORMAL,56.88,GOOD,46.74,SOFT,23.44,HIGH,320x240,"Sharpen Image, Apply Denoising"
Arson023_x264,motion_0229.jpg,70,MODERATE,547.37,SHARP,95.12,NORMAL,57.01,GOOD,46.67,SOFT,23.4,HIGH,320x240,"Sharpen Image, Apply Denoising"
Arson023_x264,motion_0230.jpg,70,MODERATE,543.61,SHARP,95.32,NORMAL,57.25,GOOD,46.62,SOFT,23.32,HIGH,320x240,"Sharpen Image, Apply Denoising"
Arson023_x264,motion_0231.jpg,70,MODERATE,544.6,SHARP,95.55,NORMAL,57.48,GOOD,46.81,SOFT,23.34,HIGH,320x240,"Sharpen Image, Apply Denoising"
Arson023_x264,motion_0232.jpg,70,MODERATE,546.9,SHARP,95.81,NORMAL,57.68,GOOD,47.18,SOFT,23.39,HIGH,320x240,"Sharpen Image, Apply Denoising"
Arson023_x264,motion_0233.jpg,70,MODERATE,549.66,SHARP,96.03,NORMAL,57.83,GOOD,47.46,SOFT,23.44,HIGH,320x240,"Sharpen Image, Apply Denoising"
Arson023_x264,motion_0234.jpg,70,MODERATE,550.63,SHARP,96.25,NORMAL,57.95,GOOD,47.61,SOFT,23.47,HIGH,320x240,"Sharpen Image, Apply Denoising"
Arson023_x264,motion_0235.jpg,70,MODERATE,551.0,SHARP,96.5,NORMAL,57.98,GOOD,47.7,SOFT,23.47,HIGH,320x240,"Sharpen Image, Apply Denoising"
Arson023_x264,motion_0236.jpg,70,MODERATE,548.24,SHARP,96.64,NORMAL,58.01,GOOD,47.72,SOFT,23.41,HIGH,320x240,"Sharpen Image, Apply Denoising"
Arson023_x264,motion_0237.jpg,70,MODERATE,551.34,SHARP,96.78,NORMAL,58.06,GOOD,47.78,SOFT,23.48,HIGH,320x240,"Sharpen Image, Apply Denoising"
Arson023_x264,motion_0238.jpg,70,MODERATE,555.39,SHARP,97.0,NORMAL,58.07,GOOD,48.0,SOFT,23.57,HIGH,320x240,"Sharpen Image, Apply Denoising"
Arson023_x264,motion_0239.jpg,70,MODERATE,558.0,SHARP,97.0,NORMAL,58.06,GOOD,48.21,SOFT,23.62,HIGH,320x240,"Sharpen Image, Apply Denoising"
Arson023_x264,motion_0240.jpg,70,MODERATE,559.2,SHARP,97.06,NORMAL,58.1,GOOD,48.27,SOFT,23.65,HIGH,320x240,"Sharpen Image, Apply Denoising"
Arson023_x264,motion_0241.jpg,70,MODERATE,559.6,SHARP,97.12,NORMAL,58.16,GOOD,48.25,SOFT,23.66,HIGH,320x240,"Sharpen Image, Apply Denoising"
Arson023_x264,motion_0242.jpg,70,MODERATE,562.54,SHARP,97.27,NORMAL,58.25,GOOD,48.48,SOFT,23.72,HIGH,320x240,"Sharpen Image, Apply Denoising"
Arson023_x264,motion_0243.jpg,70,MODERATE,563.27,SHARP,97.31,NORMAL,58.31,GOOD,48.3,SOFT,23.73,HIGH,320x240,"Sharpen Image, Apply Denoising"
Arson023_x264,motion_0244.jpg,70,MODERATE,565.8,SHARP,97.33,NORMAL,58.38,GOOD,48.15,SOFT,23.79,HIGH,320x240,"Sharpen Image, Apply Denoising"
Arson023_x264,motion_0245.jpg,70,MODERATE,563.34,SHARP,97.37,NORMAL,58.45,GOOD,47.97,SOFT,23.73,HIGH,320x240,"Sharpen Image, Apply Denoising"
Arson023_x264,motion_0246.jpg,70,MODERATE,568.15,SHARP,97.37,NORMAL,58.47,GOOD,48.14,SOFT,23.84,HIGH,320x240,"Sharpen Image, Apply Denoising"
Arson023_x264,motion_0247.jpg,70,MODERATE,574.11,SHARP,97.36,NORMAL,58.46,GOOD,48.45,SOFT,23.96,HIGH,320x240,"Sharpen Image, Apply Denoising"
Arson023_x264,motion_0248.jpg,70,MODERATE,570.78,SHARP,97.38,NORMAL,58.48,GOOD,48.48,SOFT,23.89,HIGH,320x240,"Sharpen Image, Apply Denoising"
Arson023_x264,motion_0249.jpg,70,MODERATE,565.64,SHARP,97.33,NORMAL,58.46,GOOD,48.36,SOFT,23.78,HIGH,320x240,"Sharpen Image, Apply Denoising"
Arson023_x264,motion_0250.jpg,70,MODERATE,565.25,SHARP,97.3,NORMAL,58.43,GOOD,48.29,SOFT,23.78,HIGH,320x240,"Sharpen Image, Apply Denoising"
Arson023_x264,motion_0251.jpg,70,MODERATE,567.61,SHARP,97.35,NORMAL,58.39,GOOD,48.26,SOFT,23.82,HIGH,320x240,"Sharpen Image, Apply Denoising"
Arson023_x264,motion_0252.jpg,70,MODERATE,566.84,SHARP,97.25,NORMAL,58.32,GOOD,48.24,SOFT,23.81,HIGH,320x240,"Sharpen Image, Apply Denoising"
Arson023_x264,motion_0253.jpg,70,MODERATE,561.74,SHARP,97.17,NORMAL,58.28,GOOD,48.16,SOFT,23.7,HIGH,320x240,"Sharpen Image, Apply Denoising"
Arson023_x264,motion_0254.jpg,70,MODERATE,559.97,SHARP,97.05,NORMAL,58.19,GOOD,48.08,SOFT,23.66,HIGH,320x240,"Sharpen Image, Apply Denoising"
Arson023_x264,motion_0255.jpg,70,MODERATE,558.38,SHARP,96.97,NORMAL,58.15,GOOD,47.89,SOFT,23.63,HIGH,320x240,"Sharpen Image, Apply Denoising"
Arson023_x264,motion_0256.jpg,70,MODERATE,559.98,SHARP,96.75,NORMAL,58.04,GOOD,47.85,SOFT,23.66,HIGH,320x240,"Sharpen Image, Apply Denoising"
Arson023_x264,motion_0257.jpg,70,MODERATE,560.94,SHARP,96.5,NORMAL,57.84,GOOD,47.68,SOFT,23.68,HIGH,320x240,"Sharpen Image, Apply Denoising"
Arson023_x264,motion_0258.jpg,70,MODERATE,561.23,SHARP,96.23,NORMAL,57.62,GOOD,47.5,SOFT,23.69,HIGH,320x240,"Sharpen Image, Apply Denoising"
Arson023_x264,motion_0259.jpg,70,MODERATE,564.84,SHARP,95.96,NORMAL,57.4,GOOD,47.4,SOFT,23.77,HIGH,320x240,"Sharpen Image, Apply Denoising"
Arson023_x264,motion_0260.jpg,70,MODERATE,566.97,SHARP,95.49,NORMAL,57.17,GOOD,47.41,SOFT,23.81,HIGH,320x240,"Sharpen Image, Apply Denoising"
Arson023_x264,motion_0261.jpg,70,MODERATE,567.05,SHARP,95.3,NORMAL,57.02,GOOD,47.23,SOFT,23.81,HIGH,320x240,"Sharpen Image, Apply Denoising"
Arson023_x264,motion_0262.jpg,70,MODERATE,565.49,SHARP,95.2,NORMAL,56.89,GOOD,46.96,SOFT,23.78,HIGH,320x240,"Sharpen Image, Apply Denoising"
Arson023_x264,motion_0263.jpg,70,MODERATE,566.44,SHARP,95.03,NORMAL,56.79,GOOD,46.85,SOFT,23.8,HIGH,320x240,"Sharpen Image, Apply Denoising"
Arson023_x264,motion_0264.jpg,70,MODERATE,565.54,SHARP,94.88,NORMAL,56.65,GOOD,46.94,SOFT,23.78,HIGH,320x240,"Sharpen Image, Apply Denoising"
Arson023_x264,motion_0265.jpg,70,MODERATE,569.56,SHARP,94.75,NORMAL,56.53,GOOD,46.91,SOFT,23.87,HIGH,320x240,"Sharpen Image, Apply Denoising"
Arson023_x264,motion_0266.jpg,70,MODERATE,566.2,SHARP,94.72,NORMAL,56.45,GOOD,46.36,SOFT,23.8,HIGH,320x240,"Sharpen Image, Apply Denoising"
Arson023_x264,motion_0267.jpg,70,MODERATE,560.51,SHARP,94.66,NORMAL,56.37,GOOD,45.87,SOFT,23.68,HIGH,320x240,"Sharpen Image, Apply Denoising"
Arson023_x264,motion_0268.jpg,70,MODERATE,565.75,SHARP,94.6,NORMAL,56.33,GOOD,46.14,SOFT,23.79,HIGH,320x240,"Sharpen Image, Apply Denoising"
Arson023_x264,motion_0269.jpg,70,MODERATE,567.49,SHARP,94.57,NORMAL,56.32,GOOD,46.24,SOFT,23.82,HIGH,320x240,"Sharpen Image, Apply Denoising"
Arson023_x264,motion_0270.jpg,70,MODERATE,568.91,SHARP,94.56,NORMAL,56.29,GOOD,46.21,SOFT,23.85,HIGH,320x240,"Sharpen Image, Apply Denoising"
Arson023_x264,motion_0271.jpg,70,MODERATE,569.24,SHARP,94.56,NORMAL,56.3,GOOD,46.34,SOFT,23.86,HIGH,320x240,"Sharpen Image, Apply Denoising"
Arson023_x264,motion_0272.jpg,70,MODERATE,567.15,SHARP,94.58,NORMAL,56.32,GOOD,46.31,SOFT,23.81,HIGH,320x240,"Sharpen Image, Apply Denoising"
Arson023_x264,motion_0273.jpg,70,MODERATE,564.83,SHARP,94.61,NORMAL,56.36,GOOD,46.25,SOFT,23.77,HIGH,320x240,"Sharpen Image, Apply Denoising"
Arson023_x264,motion_0274.jpg,70,MODERATE,564.7,SHARP,94.67,NORMAL,56.42,GOOD,46.22,SOFT,23.76,HIGH,320x240,"Sharpen Image, Apply Denoising"
Arson023_x264,motion_0275.jpg,70,MODERATE,565.08,SHARP,94.74,NORMAL,56.51,GOOD,46.28,SOFT,23.77,HIGH,320x240,"Sharpen Image, Apply Denoising"
Arson023_x264,motion_0276.jpg,70,MODERATE,558.19,SHARP,94.9,NORMAL,56.64,GOOD,46.16,SOFT,23.63,HIGH,320x240,"Sharpen Image, Apply Denoising"
Arson023_x264,motion_0277.jpg,70,MODERATE,556.28,SHARP,95.05,NORMAL,56.76,GOOD,46.11,SOFT,23.59,HIGH,320x240,"Sharpen Image, Apply Denoising"
Arson023_x264,motion_0278.jpg,70,MODERATE,557.11,SHARP,95.2,NORMAL,56.91,GOOD,46.08,SOFT,23.6,HIGH,320x240,"Sharpen Image, Apply Denoising"
Arson023_x264,motion_0279.jpg,70,MODERATE,557.05,SHARP,95.3,NORMAL,56.99,GOOD,46.02,SOFT,23.6,HIGH,320x240,"Sharpen Image, Apply Denoising"
Arson023_x264,motion_0280.jpg,70,MODERATE,553.91,SHARP,95.41,NORMAL,57.11,GOOD,45.91,SOFT,23.54,HIGH,320x240,"Sharpen Image, Apply Denoising"
Arson023_x264,motion_0281.jpg,70,MODERATE,550.93,SHARP,95.49,NORMAL,57.2,GOOD,45.78,SOFT,23.47,HIGH,320x240,"Sharpen Image, Apply Denoising"
Arson023_x264,motion_0282.jpg,70,MODERATE,548.76,SHARP,96.17,NORMAL,57.37,GOOD,45.42,SOFT,23.43,HIGH,320x240,"Sharpen Image, Apply Denoising"
Arson023_x264,motion_0283.jpg,70,MODERATE,551.5,SHARP,96.17,NORMAL,57.17,GOOD,45.45,SOFT,23.48,HIGH,320x240,"Sharpen Image, Apply Denoising"
Arson023_x264,motion_0284.jpg,70,MODERATE,550.51,SHARP,96.06,NORMAL,57.06,GOOD,45.42,SOFT,23.46,HIGH,320x240,"Sharpen Image, Apply Denoising"
Arson023_x264,motion_0285.jpg,70,MODERATE,549.06,SHARP,95.94,NORMAL,56.95,GOOD,45.33,SOFT,23.43,HIGH,320x240,"Sharpen Image, Apply Denoising"
Arson023_x264,motion_0286.jpg,70,MODERATE,548.4,SHARP,95.82,NORMAL,56.85,GOOD,45.3,SOFT,23.42,HIGH,320x240,"Sharpen Image, Apply Denoising"
Arson023_x264,motion_0287.jpg,70,MODERATE,548.18,SHARP,95.73,NORMAL,56.75,GOOD,45.28,SOFT,23.41,HIGH,320x240,"Sharpen Image, Apply Denoising"
Arson023_x264,motion_0288.jpg,70,MODERATE,546.75,SHARP,95.64,NORMAL,56.66,GOOD,45.23,SOFT,23.38,HIGH,320x240,"Sharpen Image, Apply Denoising"
Arson023_x264,motion_0289.jpg,70,MODERATE,547.02,SHARP,95.61,NORMAL,56.63,GOOD,45.2,SOFT,23.39,HIGH,320x240,"Sharpen Image, Apply Denoising"
Arson023_x264,motion_0290.jpg,70,MODERATE,542.45,SHARP,95.56,NORMAL,56.58,GOOD,45.01,SOFT,23.29,HIGH,320x240,"Sharpen Image, Apply Denoising"
Arson023_x264,motion_0291.jpg,70,MODERATE,542.18,SHARP,95.54,NORMAL,56.58,GOOD,44.94,SOFT,23.28,HIGH,320x240,"Sharpen Image, Apply Denoising"
Arson023_x264,motion_0292.jpg,70,MODERATE,542.29,SHARP,95.53,NORMAL,56.57,GOOD,44.86,SOFT,23.29,HIGH,320x240,"Sharpen Image, Apply Denoising"
Arson023_x264,motion_0293.jpg,70,MODERATE,540.97,SHARP,95.61,NORMAL,56.63,GOOD,44.79,SOFT,23.26,HIGH,320x240,"Sharpen Image, Apply Denoising"
Arson023_x264,motion_0294.jpg,70,MODERATE,539.65,SHARP,95.71,NORMAL,56.72,GOOD,44.66,SOFT,23.23,HIGH,320x240,"Sharpen Image, Apply Denoising"
Arson023_x264,motion_0295.jpg,70,MODERATE,539.58,SHARP,95.85,NORMAL,56.87,GOOD,44.52,SOFT,23.23,HIGH,320x240,"Sharpen Image, Apply Denoising"
Arson023_x264,motion_0296.jpg,70,MODERATE,537.52,SHARP,96.05,NORMAL,57.1,GOOD,44.39,SOFT,23.18,HIGH,320x240,"Sharpen Image, Apply Denoising"
Arson023_x264,motion_0297.jpg,70,MODERATE,536.55,SHARP,96.27,NORMAL,57.32,GOOD,44.03,SOFT,23.16,HIGH,320x240,"Sharpen Image, Apply Denoising"
Arson023_x264,motion_0298.jpg,70,MODERATE,531.09,SHARP,96.63,NORMAL,57.66,GOOD,43.62,SOFT,23.05,HIGH,320x240,"Sharpen Image, Apply Denoising"
Arson023_x264,motion_0299.jpg,70,MODERATE,526.93,SHARP,96.93,NORMAL,57.91,GOOD,43.31,SOFT,22.95,HIGH,320x240,"Sharpen Image, Apply Denoising"
Arson023_x264,motion_0300.jpg,70,MODERATE,523.17,SHARP,97.23,NORMAL,58.02,GOOD,43.12,SOFT,22.87,HIGH,320x240,"Sharpen Image, Apply Denoising"
Arson023_x264,motion_0301.jpg,70,MODERATE,523.96,SHARP,97.53,NORMAL,58.23,GOOD,43.14,SOFT,22.89,HIGH,320x240,"Sharpen Image, Apply Denoising"
Arson023_x264,motion_0302.jpg,70,MODERATE,523.84,SHARP,98.04,NORMAL,58.4,GOOD,43.17,SOFT,22.89,HIGH,320x240,"Sharpen Image, Apply Denoising"
Arson023_x264,motion_0303.jpg,70,MODERATE,517.41,SHARP,98.36,NORMAL,58.46,GOOD,42.88,SOFT,22.75,HIGH,320x240,"Sharpen Image, Apply Denoising"
Arson023_x264,motion_0304.jpg,70,MODERATE,514.75,SHARP,98.61,NORMAL,58.56,GOOD,42.84,SOFT,22.69,HIGH,320x240,"Sharpen Image, Apply Denoising"
Arson023_x264,motion_0305.jpg,70,MODERATE,512.74,SHARP,99.6,NORMAL,58.52,GOOD,42.7,SOFT,22.64,HIGH,320x240,"Sharpen Image, Apply Denoising"
Arson023_x264,motion_0306.jpg,70,MODERATE,507.13,SHARP,99.98,NORMAL,58.65,GOOD,42.51,SOFT,22.52,HIGH,320x240,"Sharpen Image, Apply Denoising"
Arson023_x264,motion_0307.jpg,70,MODERATE,505.2,SHARP,100.12,NORMAL,58.75,GOOD,42.31,SOFT,22.48,HIGH,320x240,"Sharpen Image, Apply Denoising"
Arson023_x264,motion_0308.jpg,70,MODERATE,506.55,SHARP,100.36,NORMAL,58.82,GOOD,42.35,SOFT,22.51,HIGH,320x240,"Sharpen Image, Apply Denoising"
Arson023_x264,motion_0309.jpg,70,MODERATE,508.02,SHARP,100.39,NORMAL,58.86,GOOD,42.17,SOFT,22.54,HIGH,320x240,"Sharpen Image, Apply Denoising"
Arson023_x264,motion_0310.jpg,70,MODERATE,505.83,SHARP,100.47,NORMAL,58.92,GOOD,42.1,SOFT,22.49,HIGH,320x240,"Sharpen Image, Apply Denoising"
Arson023_x264,motion_0311.jpg,70,MODERATE,505.95,SHARP,100.48,NORMAL,58.92,GOOD,42.15,SOFT,22.49,HIGH,320x240,"Sharpen Image, Apply Denoising"
Arson023_x264,motion_0312.jpg,70,MODERATE,503.33,SHARP,100.52,NORMAL,58.94,GOOD,41.96,SOFT,22.44,HIGH,320x240,"Sharpen Image, Apply Denoising"
Arson023_x264,motion_0313.jpg,70,MODERATE,501.73,SHARP,100.52,NORMAL,58.92,GOOD,41.81,SOFT,22.4,HIGH,320x240,"Sharpen Image, Apply Denoising"
Arson023_x264,motion_0314.jpg,70,MODERATE,500.73,SHARP,100.47,NORMAL,58.87,GOOD,41.71,SOFT,22.38,HIGH,320x240,"Sharpen Image, Apply Denoising"
Arson023_x264,motion_0315.jpg,70,MODERATE,501.93,SHARP,100.44,NORMAL,58.85,GOOD,41.79,SOFT,22.4,HIGH,320x240,"Sharpen Image, Apply Denoising"
Arson023_x264,motion_0316.jpg,70,MODERATE,502.34,SHARP,100.33,NORMAL,58.78,GOOD,41.75,SOFT,22.41,HIGH,320x240,"Sharpen Image, Apply Denoising"
Arson023_x264,motion_0317.jpg,70,MODERATE,502.19,SHARP,100.25,NORMAL,58.75,GOOD,41.62,SOFT,22.41,HIGH,320x240,"Sharpen Image, Apply Denoising"
Arson023_x264,motion_0318.jpg,70,MODERATE,502.37,SHARP,100.07,NORMAL,58.56,GOOD,41.44,SOFT,22.41,HIGH,320x240,"Sharpen Image, Apply Denoising"
Arson023_x264,motion_0319.jpg,70,MODERATE,500.08,SHARP,99.93,NORMAL,58.42,GOOD,41.2,SOFT,22.36,HIGH,320x240,"Sharpen Image, Apply Denoising"
Arson023_x264,motion_0320.jpg,70,MODERATE,500.56,SHARP,99.89,NORMAL,58.39,GOOD,41.24,SOFT,22.37,HIGH,320x240,"Sharpen Image, Apply Denoising"
Arson023_x264,motion_0321.jpg,70,MODERATE,500.98,SHARP,99.85,NORMAL,58.29,GOOD,41.27,SOFT,22.38,HIGH,320x240,"Sharpen Image, Apply Denoising"
Arson023_x264,motion_0322.jpg,70,MODERATE,503.62,SHARP,99.79,NORMAL,58.23,GOOD,41.41,SOFT,22.44,HIGH,320x240,"Sharpen Image, Apply Denoising"
Arson023_x264,motion_0323.jpg,70,MODERATE,505.77,SHARP,99.67,NORMAL,58.09,GOOD,41.41,SOFT,22.49,HIGH,320x240,"Sharpen Image, Apply Denoising"
Arson023_x264,motion_0324.jpg,70,MODERATE,507.1,SHARP,99.53,NORMAL,57.97,GOOD,41.42,SOFT,22.52,HIGH,320x240,"Sharpen Image, Apply Denoising"
Arson023_x264,motion_0325.jpg,70,MODERATE,508.47,SHARP,99.43,NORMAL,57.88,GOOD,41.48,SOFT,22.55,HIGH,320x240,"Sharpen Image, Apply Denoising"
Arson023_x264,motion_0326.jpg,70,MODERATE,509.08,SHARP,99.34,NORMAL,57.8,GOOD,41.57,SOFT,22.56,HIGH,320x240,"Sharpen Image, Apply Denoising"
Arson023_x264,motion_0327.jpg,70,MODERATE,511.26,SHARP,99.32,NORMAL,57.84,GOOD,41.89,SOFT,22.61,HIGH,320x240,"Sharpen Image, Apply Denoising"
Arson023_x264,motion_0328.jpg,70,MODERATE,510.7,SHARP,99.33,NORMAL,57.95,GOOD,41.98,SOFT,22.6,HIGH,320x240,"Sharpen Image, Apply Denoising"
Arson023_x264,motion_0329.jpg,70,MODERATE,509.69,SHARP,99.23,NORMAL,58.09,GOOD,41.96,SOFT,22.58,HIGH,320x240,"Sharpen Image, Apply Denoising"
Arson023_x264,motion_0330.jpg,70,MODERATE,506.8,SHARP,99.43,NORMAL,58.28,GOOD,41.74,SOFT,22.51,HIGH,320x240,"Sharpen Image, Apply Denoising"
Arson023_x264,motion_0331.jpg,70,MODERATE,501.42,SHARP,99.59,NORMAL,58.5,GOOD,41.41,SOFT,22.39,HIGH,320x240,"Sharpen Image, Apply Denoising"
Arson023_x264,motion_0332.jpg,70,MODERATE,499.76,SHARP,99.84,NORMAL,58.73,GOOD,41.37,SOFT,22.36,HIGH,320x240,"Sharpen Image, Apply Denoising"
Arson023_x264,motion_0333.jpg,70,MODERATE,497.23,SHARP,100.27,NORMAL,59.12,GOOD,41.18,SOFT,22.3,HIGH,320x240,"Sharpen Image, Apply Denoising"
Arson023_x264,motion_0334.jpg,70,MODERATE,497.27,SHARP,100.63,NORMAL,59.39,GOOD,41.31,SOFT,22.3,HIGH,320x240,"Sharpen Image, Apply Denoising"
Arson023_x264,motion_0335.jpg,70,MODERATE,495.53,SHARP,100.79,NORMAL,59.46,GOOD,41.14,SOFT,22.26,HIGH,320x240,"Sharpen Image, Apply Denoising"
Arson023_x264,motion_0336.jpg,70,MODERATE,494.19,SHARP,100.72,NORMAL,59.3,GOOD,41.42,SOFT,22.23,HIGH,320x240,"Sharpen Image, Apply Denoising"
Arson023_x264,motion_0337.jpg,70,MODERATE,497.51,SHARP,100.36,NORMAL,58.9,GOOD,41.8,SOFT,22.3,HIGH,320x240,"Sharpen Image, Apply Denoising"
Arson023_x264,motion_0338.jpg,70,MODERATE,503.84,SHARP,100.0,NORMAL,58.55,GOOD,42.74,SOFT,22.45,HIGH,320x240,"Sharpen Image, Apply Denoising"
Arson023_x264,motion_0339.jpg,70,MODERATE,512.24,SHARP,99.97,NORMAL,58.57,GOOD,43.5,SOFT,22.63,HIGH,320x240,"Sharpen Image, Apply Denoising"
Arson023_x264,motion_0340.jpg,70,MODERATE,516.2,SHARP,100.21,NORMAL,58.79,GOOD,43.83,SOFT,22.72,HIGH,320x240,"Sharpen Image, Apply Denoising"
Arson023_x264,motion_0341.jpg,70,MODERATE,519.31,SHARP,100.48,NORMAL,59.05,GOOD,44.14,SOFT,22.79,HIGH,320x240,"Sharpen Image, Apply Denoising"
Arson023_x264,motion_0342.jpg,70,MODERATE,521.55,SHARP,100.64,NORMAL,59.21,GOOD,44.44,SOFT,22.84,HIGH,320x240,"Sharpen Image, Apply Denoising"
Arson023_x264,motion_0343.jpg,70,MODERATE,524.12,SHARP,99.8,NORMAL,59.12,GOOD,44.45,SOFT,22.89,HIGH,320x240,"Sharpen Image, Apply Denoising"
Arson023_x264,motion_0344.jpg,70,MODERATE,530.52,SHARP,98.74,NORMAL,59.06,GOOD,44.54,SOFT,23.03,HIGH,320x240,"Sharpen Image, Apply Denoising"
Arson023_x264,motion_0345.jpg,70,MODERATE,529.37,SHARP,96.53,NORMAL,59.26,GOOD,44.39,SOFT,23.01,HIGH,320x240,"Sharpen Image, Apply Denoising"
Arson023_x264,motion_0346.jpg,70,MODERATE,527.93,SHARP,96.4,NORMAL,59.2,GOOD,44.24,SOFT,22.98,HIGH,320x240,"Sharpen Image, Apply Denoising"
Arson023_x264,motion_0347.jpg,70,MODERATE,526.39,SHARP,96.23,NORMAL,59.07,GOOD,44.2,SOFT,22.94,HIGH,320x240,"Sharpen Image, Apply Denoising"
Arson023_x264,motion_0348.jpg,70,MODERATE,524.73,SHARP,95.97,NORMAL,58.85,GOOD,44.0,SOFT,22.91,HIGH,320x240,"Sharpen Image, Apply Denoising"
Arson023_x264,motion_0349.jpg,70,MODERATE,524.19,SHARP,95.51,NORMAL,58.53,GOOD,43.98,SOFT,22.9,HIGH,320x240,"Sharpen Image, Apply Denoising"
Arson023_x264,motion_0350.jpg,70,MODERATE,517.53,SHARP,95.12,NORMAL,58.34,GOOD,43.73,SOFT,22.75,HIGH,320x240,"Sharpen Image, Apply Denoising"
Arson023_x264,motion_0351.jpg,70,MODERATE,515.61,SHARP,95.24,NORMAL,58.32,GOOD,43.23,SOFT,22.71,HIGH,320x240,"Sharpen Image, Apply Denoising"
Arson023_x264,motion_0352.jpg,70,MODERATE,509.4,SHARP,96.64,NORMAL,58.64,GOOD,42.79,SOFT,22.57,HIGH,320x240,"Sharpen Image, Apply Denoising"
Arson023_x264,motion_0353.jpg,70,MODERATE,503.91,SHARP,97.89,NORMAL,58.49,GOOD,42.54,SOFT,22.45,HIGH,320x240,"Sharpen Image, Apply Denoising"
Arson023_x264,motion_0354.jpg,70,MODERATE,511.64,SHARP,99.11,NORMAL,58.7,GOOD,42.96,SOFT,22.62,HIGH,320x240,"Sharpen Image, Apply Denoising"
Arson023_x264,motion_0355.jpg,70,MODERATE,515.94,SHARP,99.15,NORMAL,58.74,GOOD,43.12,SOFT,22.71,HIGH,320x240,"Sharpen Image, Apply Denoising"
Arson023_x264,motion_0356.jpg,70,MODERATE,519.32,SHARP,99.23,NORMAL,58.73,GOOD,43.24,SOFT,22.79,HIGH,320x240,"Sharpen Image, Apply Denoising"
Arson023_x264,motion_0357.jpg,70,MODERATE,515.61,SHARP,99.22,NORMAL,58.78,GOOD,43.09,SOFT,22.71,HIGH,320x240,"Sharpen Image, Apply Denoising"
Arson023_x264,motion_0358.jpg,70,MODERATE,520.54,SHARP,99.15,NORMAL,58.76,GOOD,43.0,SOFT,22.82,HIGH,320x240,"Sharpen Image, Apply Denoising"
Arson023_x264,motion_0359.jpg,70,MODERATE,523.12,SHARP,99.02,NORMAL,58.66,GOOD,43.04,SOFT,22.87,HIGH,320x240,"Sharpen Image, Apply Denoising"
Arson023_x264,motion_0360.jpg,70,MODERATE,526.52,SHARP,98.76,NORMAL,58.4,GOOD,43.09,SOFT,22.95,HIGH,320x240,"Sharpen Image, Apply Denoising"
Arson023_x264,motion_0361.jpg,70,MODERATE,526.45,SHARP,98.5,NORMAL,58.14,GOOD,43.05,SOFT,22.94,HIGH,320x240,"Sharpen Image, Apply Denoising"
Arson023_x264,motion_0362.jpg,70,MODERATE,526.4,SHARP,98.34,NORMAL,58.01,GOOD,43.05,SOFT,22.94,HIGH,320x240,"Sharpen Image, Apply Denoising"
Arson023_x264,motion_0363.jpg,70,MODERATE,528.74,SHARP,98.18,NORMAL,57.85,GOOD,43.2,SOFT,22.99,HIGH,320x240,"Sharpen Image, Apply Denoising"
Arson023_x264,motion_0364.jpg,70,MODERATE,530.04,SHARP,98.12,NORMAL,57.71,GOOD,43.41,SOFT,23.02,HIGH,320x240,"Sharpen Image, Apply Denoising"
Arson023_x264,motion_0365.jpg,70,MODERATE,530.19,SHARP,98.1,NORMAL,57.61,GOOD,43.41,SOFT,23.03,HIGH,320x240,"Sharpen Image, Apply Denoising"
Arson023_x264,motion_0366.jpg,70,MODERATE,530.64,SHARP,98.31,NORMAL,57.56,GOOD,43.48,SOFT,23.04,HIGH,320x240,"Sharpen Image, Apply Denoising"
Arson023_x264,motion_0367.jpg,70,MODERATE,532.18,SHARP,98.32,NORMAL,57.51,GOOD,43.65,SOFT,23.07,HIGH,320x240,"Sharpen Image, Apply Denoising"
Arson023_x264,motion_0368.jpg,70,MODERATE,534.32,SHARP,98.35,NORMAL,57.53,GOOD,43.79,SOFT,23.12,HIGH,320x240,"Sharpen Image, Apply Denoising"
Arson023_x264,motion_0369.jpg,70,MODERATE,534.92,SHARP,98.58,NORMAL,57.52,GOOD,43.79,SOFT,23.13,HIGH,320x240,"Sharpen Image, Apply Denoising"
Arson023_x264,motion_0370.jpg,70,MODERATE,533.15,SHARP,98.59,NORMAL,57.54,GOOD,43.84,SOFT,23.09,HIGH,320x240,"Sharpen Image, Apply Denoising"
Arson023_x264,motion_0371.jpg,70,MODERATE,531.04,SHARP,98.63,NORMAL,57.6,GOOD,43.95,SOFT,23.04,HIGH,320x240,"Sharpen Image, Apply Denoising"
Arson023_x264,motion_0372.jpg,70,MODERATE,531.85,SHARP,98.73,NORMAL,57.71,GOOD,43.95,SOFT,23.06,HIGH,320x240,"Sharpen Image, Apply Denoising"
Arson023_x264,motion_0373.jpg,70,MODERATE,521.5,SHARP,98.84,NORMAL,57.79,GOOD,43.79,SOFT,22.84,HIGH,320x240,"Sharpen Image, Apply Denoising"
Arson023_x264,motion_0374.jpg,70,MODERATE,523.61,SHARP,98.91,NORMAL,57.86,GOOD,43.89,SOFT,22.88,HIGH,320x240,"Sharpen Image, Apply Denoising"
Arson023_x264,motion_0375.jpg,70,MODERATE,524.65,SHARP,99.04,NORMAL,57.99,GOOD,44.02,SOFT,22.91,HIGH,320x240,"Sharpen Image, Apply Denoising"
Arson023_x264,motion_0376.jpg,70,MODERATE,526.48,SHARP,99.25,NORMAL,58.13,GOOD,44.42,SOFT,22.95,HIGH,320x240,"Sharpen Image, Apply Denoising"
Arson023_x264,motion_0377.jpg,70,MODERATE,526.77,SHARP,99.47,NORMAL,58.31,GOOD,44.65,SOFT,22.95,HIGH,320x240,"Sharpen Image, Apply Denoising"
Arson023_x264,motion_0378.jpg,70,MODERATE,530.82,SHARP,99.6,NORMAL,58.39,GOOD,45.12,SOFT,23.04,HIGH,320x240,"Sharpen Image, Apply Denoising"
Arson023_x264,motion_0379.jpg,70,MODERATE,534.5,SHARP,99.73,NORMAL,58.42,GOOD,45.61,SOFT,23.12,HIGH,320x240,"Sharpen Image, Apply Denoising"
Arson023_x264,motion_0380.jpg,70,MODERATE,542.31,SHARP,99.85,NORMAL,58.49,GOOD,45.88,SOFT,23.29,HIGH,320x240,"Sharpen Image, Apply Denoising"
Arson023_x264,motion_0381.jpg,70,MODERATE,543.7,SHARP,100.05,NORMAL,58.52,GOOD,45.95,SOFT,23.32,HIGH,320x240,"Sharpen Image, Apply Denoising"
Arson023_x264,motion_0382.jpg,70,MODERATE,543.8,SHARP,100.12,NORMAL,58.57,GOOD,45.99,SOFT,23.32,HIGH,320x240,"Sharpen Image, Apply Denoising"
Arson023_x264,motion_0383.jpg,70,MODERATE,546.32,SHARP,100.16,NORMAL,58.59,GOOD,46.05,SOFT,23.37,HIGH,320x240,"Sharpen Image, Apply Denoising"
Arson023_x264,motion_0384.jpg,70,MODERATE,550.49,SHARP,100.23,NORMAL,58.64,GOOD,46.23,SOFT,23.46,HIGH,320x240,"Sharpen Image, Apply Denoising"
Arson023_x264,motion_0385.jpg,70,MODERATE,558.17,SHARP,100.23,NORMAL,58.63,GOOD,46.43,SOFT,23.63,HIGH,320x240,"Sharpen Image, Apply Denoising"
Arson023_x264,motion_0386.jpg,70,MODERATE,558.74,SHARP,100.22,NORMAL,58.62,GOOD,46.74,SOFT,23.64,HIGH,320x240,"Sharpen Image, Apply Denoising"
Arson023_x264,motion_0387.jpg,70,MODERATE,558.13,SHARP,100.17,NORMAL,58.56,GOOD,46.79,SOFT,23.62,HIGH,320x240,"Sharpen Image, Apply Denoising"
Arson023_x264,motion_0388.jpg,70,MODERATE,560.4,SHARP,100.12,NORMAL,58.51,GOOD,46.84,SOFT,23.67,HIGH,320x240,"Sharpen Image, Apply Denoising"
Arson023_x264,motion_0389.jpg,70,MODERATE,563.99,SHARP,100.02,NORMAL,58.42,GOOD,47.03,SOFT,23.75,HIGH,320x240,"Sharpen Image, Apply Denoising"
Arson023_x264,motion_0390.jpg,70,MODERATE,567.77,SHARP,99.84,NORMAL,58.3,GOOD,47.17,SOFT,23.83,HIGH,320x240,"Sharpen Image, Apply Denoising"
Arson023_x264,motion_0391.jpg,70,MODERATE,566.13,SHARP,99.72,NORMAL,58.19,GOOD,47.17,SOFT,23.79,HIGH,320x240,"Sharpen Image, Apply Denoising"
Arson023_x264,motion_0392.jpg,70,MODERATE,568.44,SHARP,99.56,NORMAL,58.11,GOOD,47.25,SOFT,23.84,HIGH,320x240,"Sharpen Image, Apply Denoising"
Arson023_x264,motion_0393.jpg,70,MODERATE,569.37,SHARP,99.45,NORMAL,58.06,GOOD,47.31,SOFT,23.86,HIGH,320x240,"Sharpen Image, Apply Denoising"
Arson023_x264,motion_0394.jpg,70,MODERATE,553.17,SHARP,99.1,NORMAL,58.07,GOOD,46.47,SOFT,23.52,HIGH,320x240,"Sharpen Image, Apply Denoising"
Arson023_x264,motion_0395.jpg,70,MODERATE,551.73,SHARP,98.94,NORMAL,57.97,GOOD,46.53,SOFT,23.49,HIGH,320x240,"Sharpen Image, Apply Denoising"
Arson023_x264,motion_0396.jpg,70,MODERATE,552.38,SHARP,98.83,NORMAL,57.87,GOOD,46.48,SOFT,23.5,HIGH,320x240,"Sharpen Image, Apply Denoising"
Arson023_x264,motion_0397.jpg,70,MODERATE,553.2,SHARP,98.63,NORMAL,57.78,GOOD,46.52,SOFT,23.52,HIGH,320x240,"Sharpen Image, Apply Denoising"
Arson023_x264,motion_0398.jpg,70,MODERATE,552.85,SHARP,98.5,NORMAL,57.7,GOOD,46.57,SOFT,23.51,HIGH,320x240,"Sharpen Image, Apply Denoising"
Arson023_x264,motion_0399.jpg,70,MODERATE,552.61,SHARP,98.37,NORMAL,57.62,GOOD,46.65,SOFT,23.51,HIGH,320x240,"Sharpen Image, Apply Denoising"
Arson023_x264,motion_0400.jpg,70,MODERATE,553.44,SHARP,98.44,NORMAL,57.65,GOOD,46.64,SOFT,23.53,HIGH,320x240,"Sharpen Image, Apply Denoising"
Arson023_x264,motion_0401.jpg,70,MODERATE,552.47,SHARP,99.45,NORMAL,57.88,GOOD,46.56,SOFT,23.5,HIGH,320x240,"Sharpen Image, Apply Denoising"
Arson023_x264,motion_0402.jpg,70,MODERATE,551.37,SHARP,100.24,NORMAL,57.88,GOOD,46.56,SOFT,23.48,HIGH,320x240,"Sharpen Image, Apply Denoising"
Arson023_x264,motion_0403.jpg,70,MODERATE,553.42,SHARP,100.37,NORMAL,57.89,GOOD,46.58,SOFT,23.52,HIGH,320x240,"Sharpen Image, Apply Denoising"
Arson023_x264,motion_0404.jpg,70,MODERATE,562.03,SHARP,101.31,NORMAL,57.83,GOOD,47.08,SOFT,23.71,HIGH,320x240,"Sharpen Image, Apply Denoising"
Arson023_x264,motion_0405.jpg,70,MODERATE,559.87,SHARP,101.34,NORMAL,57.76,GOOD,47.05,SOFT,23.66,HIGH,320x240,"Sharpen Image, Apply Denoising"
Arson023_x264,motion_0406.jpg,70,MODERATE,558.3,SHARP,101.34,NORMAL,57.68,GOOD,46.98,SOFT,23.63,HIGH,320x240,"Sharpen Image, Apply Denoising"
Arson023_x264,motion_0407.jpg,70,MODERATE,560.59,SHARP,101.32,NORMAL,57.64,GOOD,47.06,SOFT,23.68,HIGH,320x240,"Sharpen Image, Apply Denoising"
Arson023_x264,motion_0408.jpg,70,MODERATE,561.03,SHARP,101.3,NORMAL,57.6,GOOD,47.09,SOFT,23.69,HIGH,320x240,"Sharpen Image, Apply Denoising"
Arson023_x264,motion_0409.jpg,70,MODERATE,561.94,SHARP,101.28,NORMAL,57.55,GOOD,47.03,SOFT,23.71,HIGH,320x240,"Sharpen Image, Apply Denoising"
Arson023_x264,motion_0410.jpg,70,MODERATE,559.1,SHARP,101.28,NORMAL,57.5,GOOD,46.83,SOFT,23.65,HIGH,320x240,"Sharpen Image, Apply Denoising"
Arson023_x264,motion_0411.jpg,70,MODERATE,554.91,SHARP,101.23,NORMAL,57.42,GOOD,46.57,SOFT,23.56,HIGH,320x240,"Sharpen Image, Apply Denoising"
Arson023_x264,motion_0412.jpg,70,MODERATE,550.33,SHARP,101.11,NORMAL,57.28,GOOD,46.4,SOFT,23.46,HIGH,320x240,"Sharpen Image, Apply Denoising"
Arson023_x264,motion_0413.jpg,70,MODERATE,549.05,SHARP,101.02,NORMAL,57.17,GOOD,46.37,SOFT,23.43,HIGH,320x240,"Sharpen Image, Apply Denoising"
Arson023_x264,motion_0414.jpg,70,MODERATE,547.4,SHARP,100.87,NORMAL,57.0,GOOD,46.44,SOFT,23.4,HIGH,320x240,"Sharpen Image, Apply Denoising"
Arson023_x264,motion_0415.jpg,70,MODERATE,545.11,SHARP,100.81,NORMAL,56.94,GOOD,46.43,SOFT,23.35,HIGH,320x240,"Sharpen Image, Apply Denoising"
Arson023_x264,motion_0416.jpg,70,MODERATE,545.0,SHARP,100.79,NORMAL,56.92,GOOD,46.37,SOFT,23.35,HIGH,320x240,"Sharpen Image, Apply Denoising"
Arson023_x264,motion_0417.jpg,70,MODERATE,540.68,SHARP,100.83,NORMAL,56.95,GOOD,46.21,SOFT,23.25,HIGH,320x240,"Sharpen Image, Apply Denoising"
Arson023_x264,motion_0418.jpg,70,MODERATE,539.49,SHARP,100.87,NORMAL,56.99,GOOD,46.06,SOFT,23.23,HIGH,320x240,"Sharpen Image, Apply Denoising"
Arson023_x264,motion_0419.jpg,70,MODERATE,538.88,SHARP,101.02,NORMAL,56.99,GOOD,45.94,SOFT,23.21,HIGH,320x240,"Sharpen Image, Apply Denoising"
Arson023_x264,motion_0420.jpg,70,MODERATE,540.22,SHARP,101.06,NORMAL,57.02,GOOD,46.03,SOFT,23.24,HIGH,320x240,"Sharpen Image, Apply Denoising"
Arson023_x264,motion_0421.jpg,70,MODERATE,543.0,SHARP,101.07,NORMAL,57.01,GOOD,46.11,SOFT,23.3,HIGH,320x240,"Sharpen Image, Apply Denoising"
Arson023_x264,motion_0422.jpg,70,MODERATE,543.59,SHARP,101.1,NORMAL,57.02,GOOD,46.13,SOFT,23.31,HIGH,320x240,"Sharpen Image, Apply Denoising"
Arson023_x264,motion_0423.jpg,70,MODERATE,544.42,SHARP,101.14,NORMAL,57.04,GOOD,46.17,SOFT,23.33,HIGH,320x240,"Sharpen Image, Apply Denoising"
Arson023_x264,motion_0424.jpg,70,MODERATE,546.9,SHARP,101.13,NORMAL,57.02,GOOD,46.29,SOFT,23.39,HIGH,320x240,"Sharpen Image, Apply Denoising"
Arson023_x264,motion_0425.jpg,70,MODERATE,549.3,SHARP,101.15,NORMAL,57.05,GOOD,46.46,SOFT,23.44,HIGH,320x240,"Sharpen Image, Apply Denoising"
Arson023_x264,motion_0426.jpg,70,MODERATE,555.74,SHARP,101.18,NORMAL,57.06,GOOD,46.66,SOFT,23.57,HIGH,320x240,"Sharpen Image, Apply Denoising"
Arson023_x264,motion_0427.jpg,70,MODERATE,555.58,SHARP,101.17,NORMAL,57.06,GOOD,46.69,SOFT,23.57,HIGH,320x240,"Sharpen Image, Apply Denoising"
Arson023_x264,motion_0428.jpg,70,MODERATE,555.78,SHARP,101.16,NORMAL,57.06,GOOD,46.7,SOFT,23.57,HIGH,320x240,"Sharpen Image, Apply Denoising"
Arson023_x264,motion_0429.jpg,70,MODERATE,555.61,SHARP,101.05,NORMAL,57.0,GOOD,46.62,SOFT,23.57,HIGH,320x240,"Sharpen Image, Apply Denoising"
Arson023_x264,motion_0430.jpg,70,MODERATE,553.03,SHARP,101.07,NORMAL,56.98,GOOD,46.52,SOFT,23.52,HIGH,320x240,"Sharpen Image, Apply Denoising"
Arson023_x264,motion_0431.jpg,70,MODERATE,549.72,SHARP,101.06,NORMAL,56.94,GOOD,46.37,SOFT,23.45,HIGH,320x240,"Sharpen Image, Apply Denoising"
Arson023_x264,motion_0432.jpg,70,MODERATE,550.19,SHARP,101.03,NORMAL,56.89,GOOD,46.32,SOFT,23.46,HIGH,320x240,"Sharpen Image, Apply Denoising"
Arson023_x264,motion_0433.jpg,70,MODERATE,550.04,SHARP,101.08,NORMAL,56.89,GOOD,46.39,SOFT,23.45,HIGH,320x240,"Sharpen Image, Apply Denoising"
Arson023_x264,motion_0434.jpg,70,MODERATE,551.35,SHARP,101.15,NORMAL,56.92,GOOD,46.44,SOFT,23.48,HIGH,320x240,"Sharpen Image, Apply Denoising"
Arson023_x264,motion_0435.jpg,70,MODERATE,552.2,SHARP,101.2,NORMAL,56.95,GOOD,46.46,SOFT,23.5,HIGH,320x240,"Sharpen Image, Apply Denoising"
Arson023_x264,motion_0436.jpg,70,MODERATE,553.86,SHARP,101.19,NORMAL,56.92,GOOD,46.48,SOFT,23.53,HIGH,320x240,"Sharpen Image, Apply Denoising"
Arson023_x264,motion_0437.jpg,70,MODERATE,552.01,SHARP,101.19,NORMAL,56.86,GOOD,46.39,SOFT,23.49,HIGH,320x240,"Sharpen Image, Apply Denoising"
Arson023_x264,motion_0438.jpg,70,MODERATE,554.99,SHARP,101.18,NORMAL,56.84,GOOD,46.53,SOFT,23.56,HIGH,320x240,"Sharpen Image, Apply Denoising"
Arson023_x264,motion_0439.jpg,70,MODERATE,558.94,SHARP,101.18,NORMAL,56.84,GOOD,46.59,SOFT,23.64,HIGH,320x240,"Sharpen Image, Apply Denoising"
Arson023_x264,motion_0440.jpg,70,MODERATE,556.98,SHARP,101.19,NORMAL,56.83,GOOD,46.66,SOFT,23.6,HIGH,320x240,"Sharpen Image, Apply Denoising"
Arson023_x264,motion_0441.jpg,70,MODERATE,556.17,SHARP,101.2,NORMAL,56.81,GOOD,46.59,SOFT,23.58,HIGH,320x240,"Sharpen Image, Apply Denoising"
Arson023_x264,motion_0442.jpg,70,MODERATE,555.99,SHARP,101.28,NORMAL,56.76,GOOD,46.56,SOFT,23.58,HIGH,320x240,"Sharpen Image, Apply Denoising"
Arson023_x264,motion_0443.jpg,70,MODERATE,555.26,SHARP,101.28,NORMAL,56.76,GOOD,46.55,SOFT,23.56,HIGH,320x240,"Sharpen Image, Apply Denoising"
Arson023_x264,motion_0444.jpg,70,MODERATE,555.39,SHARP,101.27,NORMAL,56.76,GOOD,46.57,SOFT,23.57,HIGH,320x240,"Sharpen Image, Apply Denoising"
Arson023_x264,motion_0445.jpg,70,MODERATE,553.21,SHARP,101.24,NORMAL,56.75,GOOD,46.49,SOFT,23.52,HIGH,320x240,"Sharpen Image, Apply Denoising"
Arson023_x264,motion_0446.jpg,70,MODERATE,552.44,SHARP,101.21,NORMAL,56.71,GOOD,46.49,SOFT,23.5,HIGH,320x240,"Sharpen Image, Apply Denoising"
Arson023_x264,motion_0447.jpg,70,MODERATE,552.67,SHARP,101.18,NORMAL,56.68,GOOD,46.53,SOFT,23.51,HIGH,320x240,"Sharpen Image, Apply Denoising"
Arson023_x264,motion_0448.jpg,70,MODERATE,552.45,SHARP,101.14,NORMAL,56.68,GOOD,46.52,SOFT,23.5,HIGH,320x240,"Sharpen Image, Apply Denoising"
Arson023_x264,motion_0449.jpg,70,MODERATE,551.88,SHARP,101.09,NORMAL,56.67,GOOD,46.53,SOFT,23.49,HIGH,320x240,"Sharpen Image, Apply Denoising"
Arson023_x264,motion_0450.jpg,70,MODERATE,553.91,SHARP,101.03,NORMAL,56.63,GOOD,46.6,SOFT,23.54,HIGH,320x240,"Sharpen Image, Apply Denoising"
Arson023_x264,motion_0451.jpg,70,MODERATE,554.88,SHARP,101.01,NORMAL,56.63,GOOD,46.66,SOFT,23.56,HIGH,320x240,"Sharpen Image, Apply Denoising"
Arson023_x264,motion_0452.jpg,70,MODERATE,551.53,SHARP,100.75,NORMAL,56.48,GOOD,46.43,SOFT,23.48,HIGH,320x240,"Sharpen Image, Apply Denoising"
Arson023_x264,motion_0453.jpg,70,MODERATE,552.43,SHARP,100.77,NORMAL,56.5,GOOD,46.46,SOFT,23.5,HIGH,320x240,"Sharpen Image, Apply Denoising"
Arson023_x264,motion_0454.jpg,70,MODERATE,552.97,SHARP,100.8,NORMAL,56.55,GOOD,46.48,SOFT,23.52,HIGH,320x240,"Sharpen Image, Apply Denoising"
Arson023_x264,motion_0455.jpg,70,MODERATE,553.88,SHARP,100.79,NORMAL,56.56,GOOD,46.53,SOFT,23.53,HIGH,320x240,"Sharpen Image, Apply Denoising"
Arson023_x264,motion_0456.jpg,70,MODERATE,555.7,SHARP,100.8,NORMAL,56.57,GOOD,46.63,SOFT,23.57,HIGH,320x240,"Sharpen Image, Apply Denoising"
Arson023_x264,motion_0457.jpg,70,MODERATE,555.93,SHARP,100.79,NORMAL,56.59,GOOD,46.69,SOFT,23.58,HIGH,320x240,"Sharpen Image, Apply Denoising"
Arson023_x264,motion_0458.jpg,70,MODERATE,556.53,SHARP,100.8,NORMAL,56.61,GOOD,46.79,SOFT,23.59,HIGH,320x240,"Sharpen Image, Apply Denoising"
Arson023_x264,motion_0459.jpg,70,MODERATE,554.04,SHARP,100.79,NORMAL,56.61,GOOD,46.8,SOFT,23.54,HIGH,320x240,"Sharpen Image, Apply Denoising"
Arson023_x264,motion_0460.jpg,70,MODERATE,552.99,SHARP,100.81,NORMAL,56.61,GOOD,46.7,SOFT,23.52,HIGH,320x240,"Sharpen Image, Apply Denoising"
Arson023_x264,motion_0461.jpg,70,MODERATE,552.23,SHARP,100.81,NORMAL,56.62,GOOD,46.73,SOFT,23.5,HIGH,320x240,"Sharpen Image, Apply Denoising"
Arson023_x264,motion_0462.jpg,70,MODERATE,552.35,SHARP,100.83,NORMAL,56.62,GOOD,46.74,SOFT,23.5,HIGH,320x240,"Sharpen Image, Apply Denoising"
Arson023_x264,motion_0463.jpg,70,MODERATE,552.55,SHARP,100.84,NORMAL,56.62,GOOD,46.72,SOFT,23.51,HIGH,320x240,"Sharpen Image, Apply Denoising"
Arson023_x264,motion_0464.jpg,70,MODERATE,552.01,SHARP,100.84,NORMAL,56.61,GOOD,46.73,SOFT,23.49,HIGH,320x240,"Sharpen Image, Apply Denoising"
Arson023_x264,motion_0465.jpg,70,MODERATE,552.2,SHARP,100.83,NORMAL,56.58,GOOD,46.79,SOFT,23.5,HIGH,320x240,"Sharpen Image, Apply Denoising"
Arson023_x264,motion_0466.jpg,70,MODERATE,556.2,SHARP,100.75,NORMAL,56.52,GOOD,46.95,SOFT,23.58,HIGH,320x240,"Sharpen Image, Apply Denoising"
Arson023_x264,motion_0467.jpg,70,MODERATE,558.63,SHARP,100.71,NORMAL,56.5,GOOD,47.14,SOFT,23.64,HIGH,320x240,"Sharpen Image, Apply Denoising"
Arson023_x264,motion_0468.jpg,70,MODERATE,556.78,SHARP,100.69,NORMAL,56.47,GOOD,47.16,SOFT,23.6,HIGH,320x240,"Sharpen Image, Apply Denoising"
Arson023_x264,motion_0469.jpg,70,MODERATE,554.98,SHARP,100.59,NORMAL,56.37,GOOD,47.21,SOFT,23.56,HIGH,320x240,"Sharpen Image, Apply Denoising"
Arson023_x264,motion_0470.jpg,70,MODERATE,556.38,SHARP,100.5,NORMAL,56.29,GOOD,47.19,SOFT,23.59,HIGH,320x240,"Sharpen Image, Apply Denoising"
Arson023_x264,motion_0471.jpg,70,MODERATE,557.58,SHARP,100.42,NORMAL,56.21,GOOD,47.22,SOFT,23.61,HIGH,320x240,"Sharpen Image, Apply Denoising"
Arson023_x264,motion_0472.jpg,70,MODERATE,551.61,SHARP,100.37,NORMAL,56.16,GOOD,47.0,SOFT,23.49,HIGH,320x240,"Sharpen Image, Apply Denoising"
Arson023_x264,motion_0473.jpg,70,MODERATE,550.42,SHARP,100.32,NORMAL,56.13,GOOD,46.87,SOFT,23.46,HIGH,320x240,"Sharpen Image, Apply Denoising"
Arson023_x264,motion_0474.jpg,70,MODERATE,550.39,SHARP,100.32,NORMAL,56.16,GOOD,46.77,SOFT,23.46,HIGH,320x240,"Sharpen Image, Apply Denoising"
Arson023_x264,motion_0475.jpg,70,MODERATE,549.61,SHARP,100.34,NORMAL,56.18,GOOD,46.64,SOFT,23.44,HIGH,320x240,"Sharpen Image, Apply Denoising"
Arson023_x264,motion_0476.jpg,70,MODERATE,546.9,SHARP,100.35,NORMAL,56.17,GOOD,46.49,SOFT,23.39,HIGH,320x240,"Sharpen Image, Apply Denoising"
Arson023_x264,motion_0477.jpg,70,MODERATE,549.07,SHARP,100.34,NORMAL,56.18,GOOD,46.49,SOFT,23.43,HIGH,320x240,"Sharpen Image, Apply Denoising"
Arson023_x264,motion_0478.jpg,70,MODERATE,551.09,SHARP,100.34,NORMAL,56.2,GOOD,46.63,SOFT,23.48,HIGH,320x240,"Sharpen Image, Apply Denoising"
Arson023_x264,motion_0479.jpg,70,MODERATE,551.24,SHARP,100.37,NORMAL,56.23,GOOD,46.65,SOFT,23.48,HIGH,320x240,"Sharpen Image, Apply Denoising"
Arson023_x264,motion_0480.jpg,70,MODERATE,537.17,SHARP,100.28,NORMAL,56.23,GOOD,45.7,SOFT,23.18,HIGH,320x240,"Sharpen Image, Apply Denoising"
Arson023_x264,motion_0481.jpg,70,MODERATE,537.5,SHARP,100.29,NORMAL,56.23,GOOD,45.71,SOFT,23.18,HIGH,320x240,"Sharpen Image, Apply Denoising"
Arson023_x264,motion_0482.jpg,70,MODERATE,536.57,SHARP,100.31,NORMAL,56.24,GOOD,45.68,SOFT,23.16,HIGH,320x240,"Sharpen Image, Apply Denoising"
Arson023_x264,motion_0483.jpg,70,MODERATE,534.34,SHARP,100.3,NORMAL,56.24,GOOD,45.62,SOFT,23.12,HIGH,320x240,"Sharpen Image, Apply Denoising"
Arson023_x264,motion_0484.jpg,70,MODERATE,535.57,SHARP,100.32,NORMAL,56.25,GOOD,45.66,SOFT,23.14,HIGH,320x240,"Sharpen Image, Apply Denoising"
Arson023_x264,motion_0485.jpg,70,MODERATE,536.21,SHARP,100.32,NORMAL,56.25,GOOD,45.7,SOFT,23.16,HIGH,320x240,"Sharpen Image, Apply Denoising"
Arson023_x264,motion_0486.jpg,70,MODERATE,535.73,SHARP,100.31,NORMAL,56.24,GOOD,45.72,SOFT,23.15,HIGH,320x240,"Sharpen Image, Apply Denoising"
Arson023_x264,motion_0487.jpg,70,MODERATE,538.55,SHARP,100.35,NORMAL,56.26,GOOD,45.82,SOFT,23.21,HIGH,320x240,"Sharpen Image, Apply Denoising"
Arson023_x264,motion_0488.jpg,70,MODERATE,537.12,SHARP,100.35,NORMAL,56.25,GOOD,45.8,SOFT,23.18,HIGH,320x240,"Sharpen Image, Apply Denoising"
Arson023_x264,motion_0489.jpg,70,MODERATE,536.85,SHARP,100.39,NORMAL,56.26,GOOD,45.74,SOFT,23.17,HIGH,320x240,"Sharpen Image, Apply Denoising"
Arson023_x264,motion_0490.jpg,70,MODERATE,537.45,SHARP,100.44,NORMAL,56.31,GOOD,45.73,SOFT,23.18,HIGH,320x240,"Sharpen Image, Apply Denoising"
Arson023_x264,motion_0491.jpg,70,MODERATE,537.78,SHARP,100.49,NORMAL,56.36,GOOD,45.76,SOFT,23.19,HIGH,320x240,"Sharpen Image, Apply Denoising"
Arson023_x264,motion_0492.jpg,70,MODERATE,536.82,SHARP,100.57,NORMAL,56.36,GOOD,45.67,SOFT,23.17,HIGH,320x240,"Sharpen Image, Apply Denoising"
Arson023_x264,motion_0493.jpg,70,MODERATE,537.44,SHARP,100.57,NORMAL,56.34,GOOD,45.62,SOFT,23.18,HIGH,320x240,"Sharpen Image, Apply Denoising"
Arson023_x264,motion_0494.jpg,70,MODERATE,537.07,SHARP,100.58,NORMAL,56.34,GOOD,45.56,SOFT,23.17,HIGH,320x240,"Sharpen Image, Apply Denoising"
Arson023_x264,motion_0495.jpg,70,MODERATE,535.9,SHARP,100.57,NORMAL,56.34,GOOD,45.54,SOFT,23.15,HIGH,320x240,"Sharpen Image, Apply Denoising"
Arson023_x264,motion_0496.jpg,70,MODERATE,535.85,SHARP,100.56,NORMAL,56.33,GOOD,45.5,SOFT,23.15,HIGH,320x240,"Sharpen Image, Apply Denoising"
Arson023_x264,motion_0497.jpg,70,MODERATE,535.74,SHARP,100.59,NORMAL,56.35,GOOD,45.49,SOFT,23.15,HIGH,320x240,"Sharpen Image, Apply Denoising"
Arson023_x264,motion_0498.jpg,70,MODERATE,533.39,SHARP,100.06,NORMAL,56.15,GOOD,45.62,SOFT,23.1,HIGH,320x240,"Sharpen Image, Apply Denoising"
Arson023_x264,motion_0499.jpg,70,MODERATE,533.96,SHARP,100.07,NORMAL,56.17,GOOD,45.72,SOFT,23.11,HIGH,320x240,"Sharpen Image, Apply Denoising"
Arson023_x264,motion_0500.jpg,70,MODERATE,535.58,SHARP,100.12,NORMAL,56.18,GOOD,45.75,SOFT,23.14,HIGH,320x240,"Sharpen Image, Apply Denoising"
Arson023_x264,motion_0501.jpg,70,MODERATE,540.47,SHARP,100.14,NORMAL,56.18,GOOD,45.91,SOFT,23.25,HIGH,320x240,"Sharpen Image, Apply Denoising"
Arson023_x264,motion_0502.jpg,70,MODERATE,546.73,SHARP,100.23,NORMAL,56.23,GOOD,46.28,SOFT,23.38,HIGH,320x240,"Sharpen Image, Apply Denoising"
Arson023_x264,motion_0503.jpg,70,MODERATE,547.7,SHARP,100.5,NORMAL,56.32,GOOD,46.48,SOFT,23.4,HIGH,320x240,"Sharpen Image, Apply Denoising"
Arson023_x264,motion_0504.jpg,70,MODERATE,541.25,SHARP,100.63,NORMAL,56.42,GOOD,46.28,SOFT,23.26,HIGH,320x240,"Sharpen Image, Apply Denoising"
Arson023_x264,motion_0505.jpg,70,MODERATE,541.16,SHARP,100.58,NORMAL,56.4,GOOD,46.36,SOFT,23.26,HIGH,320x240,"Sharpen Image, Apply Denoising"
Arson023_x264,motion_0506.jpg,70,MODERATE,536.16,SHARP,99.01,NORMAL,56.17,GOOD,46.31,SOFT,23.16,HIGH,320x240,"Sharpen Image, Apply Denoising"
Arson023_x264,motion_0507.jpg,70,MODERATE,533.84,SHARP,98.12,NORMAL,55.97,GOOD,46.07,SOFT,23.1,HIGH,320x240,"Sharpen Image, Apply Denoising"
Arson023_x264,motion_0508.jpg,70,MODERATE,526.57,SHARP,95.05,NORMAL,55.57,GOOD,45.17,SOFT,22.95,HIGH,320x240,"Sharpen Image, Apply Denoising"
Arson023_x264,motion_0509.jpg,70,MODERATE,525.02,SHARP,93.86,NORMAL,55.23,GOOD,45.01,SOFT,22.91,HIGH,320x240,"Sharpen Image, Apply Denoising"
Arson023_x264,motion_0510.jpg,70,MODERATE,516.76,SHARP,90.89,NORMAL,54.91,GOOD,44.66,SOFT,22.73,HIGH,320x240,"Sharpen Image, Apply Denoising"
Arson023_x264,motion_0511.jpg,70,MODERATE,513.0,SHARP,90.38,NORMAL,55.07,GOOD,44.5,SOFT,22.65,HIGH,320x240,"Sharpen Image, Apply Denoising"
Arson023_x264,motion_0512.jpg,70,MODERATE,504.6,SHARP,89.42,NORMAL,54.77,GOOD,43.72,SOFT,22.46,HIGH,320x240,"Sharpen Image, Apply Denoising"
Arson023_x264,motion_0513.jpg,70,MODERATE,506.39,SHARP,85.93,NORMAL,53.81,GOOD,43.26,SOFT,22.5,HIGH,320x240,"Sharpen Image, Apply Denoising"
Arson023_x264,motion_0514.jpg,70,MODERATE,543.42,SHARP,80.06,NORMAL,52.19,GOOD,44.57,SOFT,23.31,HIGH,320x240,"Sharpen Image, Apply Denoising"
Arson023_x264,motion_0515.jpg,70,MODERATE,539.29,SHARP,77.12,NORMAL,51.83,GOOD,44.38,SOFT,23.22,HIGH,320x240,"Sharpen Image, Apply Denoising"
Arson023_x264,motion_0516.jpg,70,MODERATE,543.51,SHARP,74.28,NORMAL,49.95,GOOD,44.44,SOFT,23.31,HIGH,320x240,"Sharpen Image, Apply Denoising"
Arson023_x264,motion_0517.jpg,70,MODERATE,543.3,SHARP,74.31,NORMAL,50.46,GOOD,44.62,SOFT,23.31,HIGH,320x240,"Sharpen Image, Apply Denoising"
Arson023_x264,motion_0518.jpg,70,MODERATE,546.71,SHARP,76.99,NORMAL,51.82,GOOD,45.3,SOFT,23.38,HIGH,320x240,"Sharpen Image, Apply Denoising"
Arson023_x264,motion_0519.jpg,70,MODERATE,546.18,SHARP,77.58,NORMAL,51.45,GOOD,44.8,SOFT,23.37,HIGH,320x240,"Sharpen Image, Apply Denoising"
Arson023_x264,motion_0520.jpg,70,MODERATE,544.5,SHARP,77.51,NORMAL,51.34,GOOD,44.68,SOFT,23.33,HIGH,320x240,"Sharpen Image, Apply Denoising"
Arson023_x264,motion_0521.jpg,70,MODERATE,546.93,SHARP,77.33,NORMAL,51.18,GOOD,44.71,SOFT,23.39,HIGH,320x240,"Sharpen Image, Apply Denoising"
Arson023_x264,motion_0522.jpg,70,MODERATE,544.82,SHARP,77.39,NORMAL,51.21,GOOD,44.36,SOFT,23.34,HIGH,320x240,"Sharpen Image, Apply Denoising"
Arson023_x264,motion_0523.jpg,70,MODERATE,543.24,SHARP,78.19,NORMAL,51.7,GOOD,44.35,SOFT,23.31,HIGH,320x240,"Sharpen Image, Apply Denoising"
Arson023_x264,motion_0524.jpg,70,MODERATE,544.36,SHARP,80.15,NORMAL,52.43,GOOD,44.68,SOFT,23.33,HIGH,320x240,"Sharpen Image, Apply Denoising"
Arson023_x264,motion_0525.jpg,70,MODERATE,545.52,SHARP,81.33,NORMAL,52.43,GOOD,44.81,SOFT,23.36,HIGH,320x240,"Sharpen Image, Apply Denoising"
Arson023_x264,motion_0526.jpg,70,MODERATE,545.27,SHARP,81.96,NORMAL,52.23,GOOD,44.96,SOFT,23.35,HIGH,320x240,"Sharpen Image, Apply Denoising"
Arson023_x264,motion_0527.jpg,70,MODERATE,553.38,SHARP,82.19,NORMAL,52.27,GOOD,45.49,SOFT,23.52,HIGH,320x240,"Sharpen Image, Apply Denoising"
Arson023_x264,motion_0528.jpg,70,MODERATE,552.86,SHARP,82.95,NORMAL,52.43,GOOD,45.78,SOFT,23.51,HIGH,320x240,"Sharpen Image, Apply Denoising"
Arson023_x264,motion_0529.jpg,70,MODERATE,547.58,SHARP,84.92,NORMAL,53.01,GOOD,45.6,SOFT,23.4,HIGH,320x240,"Sharpen Image, Apply Denoising"
Arson023_x264,motion_0530.jpg,70,MODERATE,541.35,SHARP,91.05,NORMAL,54.03,GOOD,45.15,SOFT,23.27,HIGH,320x240,"Sharpen Image, Apply Denoising"
Arson023_x264,motion_0531.jpg,70,MODERATE,530.26,SHARP,98.71,NORMAL,55.41,GOOD,43.38,SOFT,23.03,HIGH,320x240,"Sharpen Image, Apply Denoising"
Arson023_x264,motion_0532.jpg,70,MODERATE,508.49,SHARP,106.87,NORMAL,55.73,GOOD,40.9,SOFT,22.55,HIGH,320x240,"Sharpen Image, Apply Denoising"
Arson023_x264,motion_0533.jpg,70,MODERATE,474.6,SHARP,120.94,NORMAL,59.3,GOOD,35.66,SOFT,21.79,HIGH,320x240,"Sharpen Image, Apply Denoising"
Arson023_x264,motion_0534.jpg,70,MODERATE,475.03,SHARP,138.9,NORMAL,59.79,GOOD,31.44,SOFT,21.8,HIGH,320x240,"Sharpen Image, Apply Denoising"
Arson023_x264,motion_0535.jpg,70,MODERATE,473.91,SHARP,147.88,NORMAL,57.68,GOOD,29.53,SOFT,21.77,HIGH,320x240,"Sharpen Image, Apply Denoising"
Arson023_x264,motion_0536.jpg,70,MODERATE,426.93,SHARP,140.1,NORMAL,57.31,GOOD,27.39,SOFT,20.66,HIGH,320x240,"Sharpen Image, Apply Denoising"
Arson023_x264,motion_0537.jpg,70,MODERATE,360.82,SHARP,123.52,NORMAL,57.63,GOOD,25.93,SOFT,19.0,HIGH,320x240,"Sharpen Image, Apply Denoising"
Arson023_x264,motion_0538.jpg,70,MODERATE,340.86,SHARP,112.83,NORMAL,57.34,GOOD,25.71,SOFT,18.46,HIGH,320x240,"Sharpen Image, Apply Denoising"
Arson023_x264,motion_0539.jpg,70,MODERATE,342.77,SHARP,112.63,NORMAL,57.17,GOOD,25.56,SOFT,18.51,HIGH,320x240,"Sharpen Image, Apply Denoising"
Arson023_x264,motion_0540.jpg,70,MODERATE,346.15,SHARP,113.97,NORMAL,57.58,GOOD,25.7,SOFT,18.61,HIGH,320x240,"Sharpen Image, Apply Denoising"
Arson023_x264,motion_0541.jpg,70,MODERATE,347.86,SHARP,115.75,NORMAL,58.11,GOOD,25.7,SOFT,18.65,HIGH,320x240,"Sharpen Image, Apply Denoising"
Arson023_x264,motion_0542.jpg,70,MODERATE,345.6,SHARP,116.32,NORMAL,57.89,GOOD,25.56,SOFT,18.59,HIGH,320x240,"Sharpen Image, Apply Denoising"
Arson023_x264,motion_0543.jpg,70,MODERATE,339.09,SHARP,115.06,NORMAL,57.86,GOOD,24.93,SOFT,18.41,HIGH,320x240,"Sharpen Image, Apply Denoising"
Arson023_x264,motion_0544.jpg,70,MODERATE,317.29,SHARP,110.69,NORMAL,58.64,GOOD,23.78,SOFT,17.81,HIGH,320x240,"Sharpen Image, Apply Denoising"
Arson023_x264,motion_0545.jpg,70,MODERATE,288.45,SHARP,96.14,NORMAL,55.83,GOOD,23.02,SOFT,16.98,HIGH,320x240,"Sharpen Image, Apply Denoising"
Arson023_x264,motion_0546.jpg,70,MODERATE,278.75,SHARP,92.56,NORMAL,55.53,GOOD,22.63,SOFT,16.7,HIGH,320x240,"Sharpen Image, Apply Denoising"
Arson023_x264,motion_0547.jpg,70,MODERATE,279.58,SHARP,91.59,NORMAL,55.33,GOOD,22.57,SOFT,16.72,HIGH,320x240,"Sharpen Image, Apply Denoising"
Arson023_x264,motion_0548.jpg,70,MODERATE,281.08,SHARP,90.53,NORMAL,54.96,GOOD,22.5,SOFT,16.77,HIGH,320x240,"Sharpen Image, Apply Denoising"
Arson023_x264,motion_0549.jpg,70,MODERATE,282.75,SHARP,89.88,NORMAL,54.83,GOOD,22.48,SOFT,16.82,HIGH,320x240,"Sharpen Image, Apply Denoising"
Arson023_x264,motion_0550.jpg,70,MODERATE,282.45,SHARP,89.07,NORMAL,54.43,GOOD,22.18,SOFT,16.81,HIGH,320x240,"Sharpen Image, Apply Denoising"
Arson023_x264,motion_0551.jpg,70,MODERATE,276.67,SHARP,89.31,NORMAL,54.45,GOOD,21.86,SOFT,16.63,HIGH,320x240,"Sharpen Image, Apply Denoising"
Arson023_x264,motion_0552.jpg,70,MODERATE,279.82,SHARP,89.58,NORMAL,54.54,GOOD,21.98,SOFT,16.73,HIGH,320x240,"Sharpen Image, Apply Denoising"
Arson023_x264,motion_0553.jpg,70,MODERATE,285.08,SHARP,87.43,NORMAL,54.98,GOOD,22.21,SOFT,16.88,HIGH,320x240,"Sharpen Image, Apply Denoising"
Arson023_x264,motion_0554.jpg,70,MODERATE,296.24,SHARP,83.82,NORMAL,54.47,GOOD,22.86,SOFT,17.21,HIGH,320x240,"Sharpen Image, Apply Denoising"
Arson023_x264,motion_0555.jpg,70,MODERATE,278.47,SHARP,80.08,NORMAL,53.48,GOOD,21.47,SOFT,16.69,HIGH,320x240,"Sharpen Image, Apply Denoising"
Arson023_x264,motion_0556.jpg,70,MODERATE,266.82,SHARP,73.76,NORMAL,52.49,GOOD,20.65,SOFT,16.33,HIGH,320x240,"Sharpen Image, Apply Denoising"
Arson023_x264,motion_0557.jpg,70,MODERATE,284.29,SHARP,71.65,NORMAL,52.0,GOOD,21.45,SOFT,16.86,HIGH,320x240,"Sharpen Image, Apply Denoising"
Arson023_x264,motion_0558.jpg,70,MODERATE,268.59,SHARP,71.13,NORMAL,52.08,GOOD,20.99,SOFT,16.39,HIGH,320x240,"Sharpen Image, Apply Denoising"
Arson023_x264,motion_0559.jpg,70,MODERATE,277.95,SHARP,71.7,NORMAL,52.0,GOOD,21.52,SOFT,16.67,HIGH,320x240,"Sharpen Image, Apply Denoising"
Arson023_x264,motion_0560.jpg,70,MODERATE,294.52,SHARP,74.97,NORMAL,52.77,GOOD,22.59,SOFT,17.16,HIGH,320x240,"Sharpen Image, Apply Denoising"
Arson023_x264,motion_0561.jpg,70,MODERATE,296.02,SHARP,87.72,NORMAL,53.71,GOOD,23.81,SOFT,17.21,HIGH,320x240,"Sharpen Image, Apply Denoising"
Arson023_x264,motion_0562.jpg,70,MODERATE,296.36,SHARP,92.48,NORMAL,54.55,GOOD,23.31,SOFT,17.21,HIGH,320x240,"Sharpen Image, Apply Denoising"
Arson023_x264,motion_0563.jpg,70,MODERATE,297.51,SHARP,91.27,NORMAL,55.06,GOOD,23.44,SOFT,17.25,HIGH,320x240,"Sharpen Image, Apply Denoising"
Arson023_x264,motion_0564.jpg,70,MODERATE,295.68,SHARP,85.87,NORMAL,54.52,GOOD,23.41,SOFT,17.2,HIGH,320x240,"Sharpen Image, Apply Denoising"
Arson023_x264,motion_0565.jpg,70,MODERATE,315.38,SHARP,81.08,NORMAL,54.08,GOOD,24.01,SOFT,17.76,HIGH,320x240,"Sharpen Image, Apply Denoising"
Arson023_x264,motion_0566.jpg,70,MODERATE,300.62,SHARP,79.1,NORMAL,55.88,GOOD,23.32,SOFT,17.34,HIGH,320x240,"Sharpen Image, Apply Denoising"
Arson023_x264,motion_0567.jpg,55,MODERATE,397.16,SHARP,66.05,DARK,59.71,GOOD,30.06,SOFT,19.93,HIGH,320x240,"Increase Brightness, Sharpen Image, Apply Denoising"
Arson023_x264,motion_0568.jpg,70,MODERATE,407.79,SHARP,75.81,NORMAL,60.85,GOOD,30.47,SOFT,20.19,HIGH,320x240,"Sharpen Image, Apply Denoising"
Arson023_x264,motion_0569.jpg,70,MODERATE,465.58,SHARP,78.43,NORMAL,63.91,GOOD,32.89,SOFT,21.58,HIGH,320x240,"Sharpen Image, Apply Denoising"
Arson023_x264,motion_0570.jpg,70,MODERATE,513.0,SHARP,81.8,NORMAL,66.44,GOOD,35.63,SOFT,22.65,HIGH,320x240,"Sharpen Image, Apply Denoising"
Arson023_x264,motion_0571.jpg,70,MODERATE,500.22,SHARP,82.5,NORMAL,67.11,GOOD,35.85,SOFT,22.37,HIGH,320x240,"Sharpen Image, Apply Denoising"
Arson023_x264,motion_0572.jpg,55,MODERATE,661.81,SHARP,60.92,DARK,70.49,GOOD,42.55,SOFT,25.73,HIGH,320x240,"Increase Brightness, Sharpen Image, Apply Denoising"
Arson023_x264,motion_0573.jpg,55,MODERATE,669.39,SHARP,63.65,DARK,74.42,GOOD,44.76,SOFT,25.87,HIGH,320x240,"Increase Brightness, Sharpen Image, Apply Denoising"
Arson023_x264,motion_0574.jpg,55,MODERATE,737.82,SHARP,59.62,DARK,76.48,GOOD,47.97,SOFT,27.16,HIGH,320x240,"Increase Brightness, Sharpen Image, Apply Denoising"
Arson023_x264,motion_0575.jpg,70,MODERATE,715.37,SHARP,71.78,NORMAL,80.33,GOOD,48.42,SOFT,26.75,HIGH,320x240,"Sharpen Image, Apply Denoising"
Arson023_x264,motion_0576.jpg,70,MODERATE,664.53,SHARP,77.3,NORMAL,82.7,GOOD,45.12,SOFT,25.78,HIGH,320x240,"Sharpen Image, Apply Denoising"
Arson023_x264,motion_0577.jpg,70,MODERATE,659.76,SHARP,78.69,NORMAL,85.19,GOOD,44.7,SOFT,25.69,HIGH,320x240,"Sharpen Image, Apply Denoising"
Arson023_x264,motion_0578.jpg,70,MODERATE,688.53,SHARP,75.54,NORMAL,85.19,GOOD,47.63,SOFT,26.24,HIGH,320x240,"Sharpen Image, Apply Denoising"
Arson023_x264,motion_0579.jpg,55,MODERATE,615.28,SHARP,68.72,DARK,84.14,GOOD,45.72,SOFT,24.8,HIGH,320x240,"Increase Brightness, Sharpen Image, Apply Denoising"
Arson023_x264,motion_0580.jpg,55,MODERATE,684.12,SHARP,63.07,DARK,82.42,GOOD,49.66,SOFT,26.16,HIGH,320x240,"Increase Brightness, Sharpen Image, Apply Denoising"
Arson036_x264,motion_0000.jpg,85,GOOD,2330.43,SHARP,86.59,NORMAL,57.9,GOOD,114.05,SHARP,48.27,HIGH,320x240,Apply Denoising
Arson036_x264,motion_0001.jpg,85,GOOD,2336.94,SHARP,86.83,NORMAL,57.97,GOOD,114.2,SHARP,48.34,HIGH,320x240,Apply Denoising
Arson036_x264,motion_0002.jpg,85,GOOD,2351.35,SHARP,86.97,NORMAL,58.04,GOOD,114.45,SHARP,48.49,HIGH,320x240,Apply Denoising
Arson036_x264,motion_0003.jpg,85,GOOD,2381.78,SHARP,87.1,NORMAL,58.14,GOOD,114.68,SHARP,48.8,HIGH,320x240,Apply Denoising
Arson036_x264,motion_0004.jpg,85,GOOD,2382.75,SHARP,87.15,NORMAL,58.15,GOOD,114.67,SHARP,48.81,HIGH,320x240,Apply Denoising
Arson036_x264,motion_0005.jpg,85,GOOD,2375.6,SHARP,87.13,NORMAL,58.12,GOOD,114.59,SHARP,48.74,HIGH,320x240,Apply Denoising
Arson036_x264,motion_0006.jpg,85,GOOD,2444.51,SHARP,87.02,NORMAL,58.14,GOOD,115.21,SHARP,49.44,HIGH,320x240,Apply Denoising
Arson036_x264,motion_0007.jpg,85,GOOD,2435.73,SHARP,86.94,NORMAL,58.1,GOOD,115.06,SHARP,49.35,HIGH,320x240,Apply Denoising
Arson036_x264,motion_0008.jpg,85,GOOD,2434.52,SHARP,86.89,NORMAL,58.02,GOOD,114.9,SHARP,49.34,HIGH,320x240,Apply Denoising
Arson036_x264,motion_0009.jpg,85,GOOD,2434.84,SHARP,87.05,NORMAL,57.99,GOOD,114.72,SHARP,49.34,HIGH,320x240,Apply Denoising
Arson036_x264,motion_0010.jpg,85,GOOD,2435.33,SHARP,87.16,NORMAL,58.03,GOOD,114.89,SHARP,49.35,HIGH,320x240,Apply Denoising
Arson036_x264,motion_0011.jpg,85,GOOD,2433.35,SHARP,87.21,NORMAL,58.12,GOOD,114.63,SHARP,49.33,HIGH,320x240,Apply Denoising
Arson036_x264,motion_0012.jpg,85,GOOD,2405.33,SHARP,87.29,NORMAL,58.14,GOOD,113.72,SHARP,49.04,HIGH,320x240,Apply Denoising
Arson036_x264,motion_0013.jpg,85,GOOD,2398.73,SHARP,87.19,NORMAL,58.13,GOOD,113.56,SHARP,48.98,HIGH,320x240,Apply Denoising
Arson036_x264,motion_0014.jpg,85,GOOD,2388.2,SHARP,87.37,NORMAL,58.24,GOOD,113.44,SHARP,48.87,HIGH,320x240,Apply Denoising
Arson036_x264,motion_0015.jpg,85,GOOD,2378.19,SHARP,87.49,NORMAL,58.27,GOOD,113.08,SHARP,48.77,HIGH,320x240,Apply Denoising
Arson036_x264,motion_0016.jpg,85,GOOD,2372.72,SHARP,87.6,NORMAL,58.32,GOOD,112.72,SHARP,48.71,HIGH,320x240,Apply Denoising
Arson036_x264,motion_0017.jpg,85,GOOD,2369.34,SHARP,87.9,NORMAL,58.43,GOOD,113.02,SHARP,48.68,HIGH,320x240,Apply Denoising
Arson036_x264,motion_0018.jpg,85,GOOD,2415.9,SHARP,88.26,NORMAL,58.79,GOOD,114.01,SHARP,49.15,HIGH,320x240,Apply Denoising
Arson036_x264,motion_0019.jpg,85,GOOD,2420.15,SHARP,88.62,NORMAL,59.04,GOOD,113.9,SHARP,49.2,HIGH,320x240,Apply Denoising
Arson036_x264,motion_0020.jpg,85,GOOD,2427.8,SHARP,88.87,NORMAL,59.18,GOOD,114.09,SHARP,49.27,HIGH,320x240,Apply Denoising
Arson036_x264,motion_0021.jpg,85,GOOD,2427.43,SHARP,89.43,NORMAL,59.6,GOOD,114.22,SHARP,49.27,HIGH,320x240,Apply Denoising
Arson036_x264,motion_0022.jpg,85,GOOD,2435.77,SHARP,90.13,NORMAL,60.11,GOOD,114.42,SHARP,49.35,HIGH,320x240,Apply Denoising
Arson036_x264,motion_0023.jpg,85,GOOD,2435.46,SHARP,91.06,NORMAL,60.77,GOOD,114.37,SHARP,49.35,HIGH,320x240,Apply Denoising
Arson036_x264,motion_0024.jpg,85,GOOD,2442.98,SHARP,91.69,NORMAL,61.13,GOOD,114.56,SHARP,49.43,HIGH,320x240,Apply Denoising
Arson036_x264,motion_0025.jpg,85,GOOD,2431.24,SHARP,91.53,NORMAL,61.78,GOOD,114.6,SHARP,49.31,HIGH,320x240,Apply Denoising
Arson036_x264,motion_0026.jpg,85,GOOD,2419.81,SHARP,92.53,NORMAL,63.19,GOOD,114.65,SHARP,49.19,HIGH,320x240,Apply Denoising
Arson036_x264,motion_0027.jpg,85,GOOD,2420.97,SHARP,93.1,NORMAL,64.11,GOOD,114.54,SHARP,49.2,HIGH,320x240,Apply Denoising
Arson036_x264,motion_0028.jpg,85,GOOD,2385.26,SHARP,92.01,NORMAL,64.53,GOOD,113.96,SHARP,48.84,HIGH,320x240,Apply Denoising
Arson036_x264,motion_0029.jpg,85,GOOD,2330.92,SHARP,91.05,NORMAL,65.42,GOOD,112.91,SHARP,48.28,HIGH,320x240,Apply Denoising
Arson036_x264,motion_0030.jpg,85,GOOD,2292.88,SHARP,91.99,NORMAL,66.77,GOOD,110.92,SHARP,47.88,HIGH,320x240,Apply Denoising
Arson036_x264,motion_0031.jpg,85,GOOD,2232.77,SHARP,91.89,NORMAL,68.57,GOOD,107.41,SHARP,47.25,HIGH,320x240,Apply Denoising
Arson036_x264,motion_0032.jpg,85,GOOD,2173.31,SHARP,90.21,NORMAL,70.01,GOOD,104.15,SHARP,46.62,HIGH,320x240,Apply Denoising
Arson036_x264,motion_0033.jpg,85,GOOD,2127.05,SHARP,86.73,NORMAL,69.72,GOOD,101.37,SHARP,46.12,HIGH,320x240,Apply Denoising
Arson036_x264,motion_0034.jpg,85,GOOD,1753.6,SHARP,81.92,NORMAL,69.46,GOOD,92.82,SHARP,41.88,HIGH,320x240,Apply Denoising
Arson036_x264,motion_0035.jpg,85,GOOD,1441.82,SHARP,79.49,NORMAL,68.88,GOOD,84.3,SHARP,37.97,HIGH,320x240,Apply Denoising
Arson036_x264,motion_0036.jpg,85,GOOD,1472.71,SHARP,75.0,NORMAL,66.16,GOOD,83.45,SHARP,38.38,HIGH,320x240,Apply Denoising
Arson036_x264,motion_0037.jpg,85,GOOD,1483.7,SHARP,73.24,NORMAL,64.56,GOOD,84.35,SHARP,38.52,HIGH,320x240,Apply Denoising
Arson036_x264,motion_0038.jpg,85,GOOD,1506.25,SHARP,73.48,NORMAL,66.08,GOOD,83.7,SHARP,38.81,HIGH,320x240,Apply Denoising
Arson036_x264,motion_0039.jpg,85,GOOD,1540.5,SHARP,75.7,NORMAL,69.17,GOOD,83.43,SHARP,39.25,HIGH,320x240,Apply Denoising
Arson036_x264,motion_0040.jpg,85,GOOD,1551.59,SHARP,77.71,NORMAL,71.02,GOOD,84.09,SHARP,39.39,HIGH,320x240,Apply Denoising
Arson036_x264,motion_0041.jpg,85,GOOD,1480.99,SHARP,78.19,NORMAL,71.74,GOOD,83.21,SHARP,38.48,HIGH,320x240,Apply Denoising
Arson036_x264,motion_0042.jpg,85,GOOD,1432.86,SHARP,78.42,NORMAL,71.23,GOOD,80.95,SHARP,37.85,HIGH,320x240,Apply Denoising
Arson036_x264,motion_0043.jpg,85,GOOD,1316.85,SHARP,76.28,NORMAL,70.68,GOOD,77.34,SHARP,36.29,HIGH,320x240,Apply Denoising
Arson036_x264,motion_0044.jpg,85,GOOD,1268.66,SHARP,75.4,NORMAL,69.23,GOOD,76.39,SHARP,35.62,HIGH,320x240,Apply Denoising
Arson036_x264,motion_0045.jpg,85,GOOD,1199.72,SHARP,71.96,NORMAL,66.8,GOOD,75.01,SHARP,34.64,HIGH,320x240,Apply Denoising
Arson036_x264,motion_0046.jpg,85,GOOD,1165.08,SHARP,70.64,NORMAL,65.89,GOOD,73.87,SHARP,34.13,HIGH,320x240,Apply Denoising
Arson036_x264,motion_0047.jpg,70,MODERATE,1141.44,SHARP,68.65,DARK,64.28,GOOD,71.99,SHARP,33.79,HIGH,320x240,"Increase Brightness, Apply Denoising"
Arson036_x264,motion_0048.jpg,70,MODERATE,1124.13,SHARP,66.93,DARK,62.65,GOOD,71.77,SHARP,33.53,HIGH,320x240,"Increase Brightness, Apply Denoising"
Arson036_x264,motion_0049.jpg,70,MODERATE,1123.13,SHARP,63.59,DARK,58.97,GOOD,71.01,SHARP,33.51,HIGH,320x240,"Increase Brightness, Apply Denoising"
Arson036_x264,motion_0050.jpg,70,MODERATE,1128.78,SHARP,61.5,DARK,56.22,GOOD,71.47,SHARP,33.6,HIGH,320x240,"Increase Brightness, Apply Denoising"
Arson036_x264,motion_0051.jpg,70,MODERATE,1145.91,SHARP,60.47,DARK,54.49,GOOD,73.39,SHARP,33.85,HIGH,320x240,"Increase Brightness, Apply Denoising"
Arson036_x264,motion_0052.jpg,70,MODERATE,1156.34,SHARP,60.96,DARK,53.95,GOOD,75.64,SHARP,34.01,HIGH,320x240,"Increase Brightness, Apply Denoising"
Arson036_x264,motion_0053.jpg,70,MODERATE,1180.34,SHARP,62.38,DARK,53.67,GOOD,77.8,SHARP,34.36,HIGH,320x240,"Increase Brightness, Apply Denoising"
Arson036_x264,motion_0054.jpg,70,MODERATE,1210.08,SHARP,63.55,DARK,52.66,GOOD,80.2,SHARP,34.79,HIGH,320x240,"Increase Brightness, Apply Denoising"
Arson036_x264,motion_0055.jpg,70,MODERATE,1266.26,SHARP,65.85,DARK,52.92,GOOD,83.87,SHARP,35.58,HIGH,320x240,"Increase Brightness, Apply Denoising"
Arson036_x264,motion_0056.jpg,70,MODERATE,1365.24,SHARP,67.57,DARK,53.15,GOOD,87.8,SHARP,36.95,HIGH,320x240,"Increase Brightness, Apply Denoising"
Arson036_x264,motion_0057.jpg,70,MODERATE,1425.96,SHARP,69.44,DARK,53.53,GOOD,90.17,SHARP,37.76,HIGH,320x240,"Increase Brightness, Apply Denoising"
Arson036_x264,motion_0058.jpg,85,GOOD,1451.32,SHARP,71.4,NORMAL,54.04,GOOD,91.01,SHARP,38.1,HIGH,320x240,Apply Denoising
Arson036_x264,motion_0059.jpg,85,GOOD,1724.36,SHARP,73.42,NORMAL,55.94,GOOD,97.61,SHARP,41.53,HIGH,320x240,Apply Denoising
Arson036_x264,motion_0060.jpg,85,GOOD,1798.44,SHARP,75.92,NORMAL,56.97,GOOD,99.74,SHARP,42.41,HIGH,320x240,Apply Denoising
Arson036_x264,motion_0061.jpg,85,GOOD,1825.06,SHARP,76.66,NORMAL,57.59,GOOD,100.85,SHARP,42.72,HIGH,320x240,Apply Denoising
Arson036_x264,motion_0062.jpg,85,GOOD,1841.57,SHARP,78.19,NORMAL,57.97,GOOD,101.39,SHARP,42.91,HIGH,320x240,Apply Denoising
Arson036_x264,motion_0063.jpg,85,GOOD,1889.31,SHARP,79.19,NORMAL,58.02,GOOD,103.1,SHARP,43.47,HIGH,320x240,Apply Denoising
Arson036_x264,motion_0064.jpg,85,GOOD,2082.3,SHARP,80.09,NORMAL,58.5,GOOD,107.42,SHARP,45.63,HIGH,320x240,Apply Denoising
Arson036_x264,motion_0065.jpg,85,GOOD,2084.69,SHARP,79.59,NORMAL,57.81,GOOD,107.63,SHARP,45.66,HIGH,320x240,Apply Denoising
Arson036_x264,motion_0066.jpg,85,GOOD,2099.38,SHARP,80.37,NORMAL,57.75,GOOD,108.25,SHARP,45.82,HIGH,320x240,Apply Denoising
Arson036_x264,motion_0067.jpg,85,GOOD,2104.69,SHARP,80.56,NORMAL,57.92,GOOD,108.5,SHARP,45.88,HIGH,320x240,Apply Denoising
Arson036_x264,motion_0068.jpg,85,GOOD,2107.29,SHARP,80.69,NORMAL,57.86,GOOD,108.44,SHARP,45.91,HIGH,320x240,Apply Denoising
Arson036_x264,motion_0069.jpg,85,GOOD,2092.96,SHARP,81.57,NORMAL,57.73,GOOD,108.26,SHARP,45.75,HIGH,320x240,Apply Denoising
Arson036_x264,motion_0070.jpg,85,GOOD,2227.95,SHARP,83.22,NORMAL,58.96,GOOD,111.0,SHARP,47.2,HIGH,320x240,Apply Denoising
Arson036_x264,motion_0071.jpg,85,GOOD,2226.68,SHARP,83.5,NORMAL,59.05,GOOD,110.78,SHARP,47.19,HIGH,320x240,Apply Denoising
Arson036_x264,motion_0072.jpg,85,GOOD,2232.43,SHARP,83.64,NORMAL,59.13,GOOD,110.85,SHARP,47.25,HIGH,320x240,Apply Denoising
Arson036_x264,motion_0073.jpg,85,GOOD,2235.55,SHARP,83.51,NORMAL,59.02,GOOD,110.88,SHARP,47.28,HIGH,320x240,Apply Denoising
Arson036_x264,motion_0074.jpg,85,GOOD,2230.65,SHARP,83.34,NORMAL,58.93,GOOD,110.96,SHARP,47.23,HIGH,320x240,Apply Denoising
Arson036_x264,motion_0075.jpg,85,GOOD,2231.83,SHARP,83.37,NORMAL,58.91,GOOD,111.03,SHARP,47.24,HIGH,320x240,Apply Denoising
Arson036_x264,motion_0076.jpg,85,GOOD,2263.05,SHARP,83.79,NORMAL,59.03,GOOD,111.83,SHARP,47.57,HIGH,320x240,Apply Denoising
Arson036_x264,motion_0077.jpg,85,GOOD,2260.98,SHARP,83.84,NORMAL,59.03,GOOD,111.56,SHARP,47.55,HIGH,320x240,Apply Denoising
Arson036_x264,motion_0078.jpg,85,GOOD,2268.31,SHARP,83.89,NORMAL,59.12,GOOD,111.74,SHARP,47.63,HIGH,320x240,Apply Denoising
Arson036_x264,motion_0079.jpg,85,GOOD,2269.65,SHARP,83.94,NORMAL,59.2,GOOD,111.91,SHARP,47.64,HIGH,320x240,Apply Denoising
Arson036_x264,motion_0080.jpg,85,GOOD,2269.13,SHARP,84.0,NORMAL,59.29,GOOD,111.85,SHARP,47.64,HIGH,320x240,Apply Denoising
Arson036_x264,motion_0081.jpg,85,GOOD,2276.51,SHARP,83.9,NORMAL,59.17,GOOD,112.06,SHARP,47.71,HIGH,320x240,Apply Denoising
Arson036_x264,motion_0082.jpg,85,GOOD,2314.97,SHARP,84.06,NORMAL,59.23,GOOD,112.49,SHARP,48.11,HIGH,320x240,Apply Denoising
Arson036_x264,motion_0083.jpg,85,GOOD,2321.18,SHARP,83.93,NORMAL,58.97,GOOD,112.49,SHARP,48.18,HIGH,320x240,Apply Denoising
Arson036_x264,motion_0084.jpg,85,GOOD,2326.66,SHARP,83.69,NORMAL,58.77,GOOD,112.45,SHARP,48.24,HIGH,320x240,Apply Denoising
Arson036_x264,motion_0085.jpg,85,GOOD,2303.21,SHARP,83.53,NORMAL,58.73,GOOD,111.69,SHARP,47.99,HIGH,320x240,Apply Denoising
Arson036_x264,motion_0086.jpg,85,GOOD,2311.69,SHARP,83.54,NORMAL,58.83,GOOD,111.53,SHARP,48.08,HIGH,320x240,Apply Denoising
Arson036_x264,motion_0087.jpg,85,GOOD,2314.6,SHARP,83.43,NORMAL,58.6,GOOD,111.72,SHARP,48.11,HIGH,320x240,Apply Denoising
Arson036_x264,motion_0088.jpg,85,GOOD,2350.11,SHARP,83.21,NORMAL,58.2,GOOD,112.31,SHARP,48.48,HIGH,320x240,Apply Denoising
Arson036_x264,motion_0089.jpg,85,GOOD,2356.84,SHARP,82.86,NORMAL,57.83,GOOD,112.44,SHARP,48.55,HIGH,320x240,Apply Denoising
Arson036_x264,motion_0090.jpg,85,GOOD,2348.57,SHARP,82.94,NORMAL,57.96,GOOD,112.0,SHARP,48.46,HIGH,320x240,Apply Denoising
Arson036_x264,motion_0091.jpg,85,GOOD,2347.58,SHARP,83.04,NORMAL,58.07,GOOD,112.33,SHARP,48.45,HIGH,320x240,Apply Denoising
Arson036_x264,motion_0092.jpg,85,GOOD,2358.44,SHARP,82.86,NORMAL,57.93,GOOD,112.92,SHARP,48.56,HIGH,320x240,Apply Denoising
Arson036_x264,motion_0093.jpg,85,GOOD,2364.21,SHARP,82.84,NORMAL,57.93,GOOD,113.1,SHARP,48.62,HIGH,320x240,Apply Denoising
Arson036_x264,motion_0094.jpg,85,GOOD,2401.84,SHARP,83.54,NORMAL,58.27,GOOD,113.97,SHARP,49.01,HIGH,320x240,Apply Denoising
Arson036_x264,motion_0095.jpg,85,GOOD,2404.48,SHARP,83.64,NORMAL,58.31,GOOD,114.17,SHARP,49.04,HIGH,320x240,Apply Denoising
Arson036_x264,motion_0096.jpg,85,GOOD,2409.4,SHARP,83.81,NORMAL,58.32,GOOD,114.56,SHARP,49.09,HIGH,320x240,Apply Denoising
Arson036_x264,motion_0097.jpg,85,GOOD,2419.01,SHARP,83.94,NORMAL,58.34,GOOD,115.01,SHARP,49.18,HIGH,320x240,Apply Denoising
Arson036_x264,motion_0098.jpg,85,GOOD,2422.92,SHARP,84.0,NORMAL,58.33,GOOD,115.09,SHARP,49.22,HIGH,320x240,Apply Denoising
Arson036_x264,motion_0099.jpg,85,GOOD,2428.6,SHARP,84.43,NORMAL,58.67,GOOD,115.32,SHARP,49.28,HIGH,320x240,Apply Denoising
Arson036_x264,motion_0100.jpg,85,GOOD,2433.66,SHARP,84.54,NORMAL,58.75,GOOD,115.47,SHARP,49.33,HIGH,320x240,Apply Denoising
Arson036_x264,motion_0101.jpg,85,GOOD,2435.95,SHARP,84.68,NORMAL,58.92,GOOD,115.54,SHARP,49.36,HIGH,320x240,Apply Denoising
Arson036_x264,motion_0102.jpg,85,GOOD,2441.18,SHARP,85.87,NORMAL,59.22,GOOD,115.62,SHARP,49.41,HIGH,320x240,Apply Denoising
Arson036_x264,motion_0103.jpg,85,GOOD,2421.37,SHARP,85.92,NORMAL,59.51,GOOD,115.31,SHARP,49.21,HIGH,320x240,Apply Denoising
Arson036_x264,motion_0104.jpg,85,GOOD,2409.25,SHARP,85.97,NORMAL,59.47,GOOD,115.09,SHARP,49.08,HIGH,320x240,Apply Denoising
Arson036_x264,motion_0105.jpg,85,GOOD,2400.32,SHARP,86.34,NORMAL,59.64,GOOD,114.94,SHARP,48.99,HIGH,320x240,Apply Denoising
Arson036_x264,motion_0106.jpg,85,GOOD,2413.65,SHARP,86.23,NORMAL,59.45,GOOD,115.43,SHARP,49.13,HIGH,320x240,Apply Denoising
Arson036_x264,motion_0107.jpg,85,GOOD,2411.87,SHARP,85.99,NORMAL,59.23,GOOD,115.64,SHARP,49.11,HIGH,320x240,Apply Denoising
Arson036_x264,motion_0108.jpg,85,GOOD,2409.18,SHARP,85.87,NORMAL,59.09,GOOD,115.36,SHARP,49.08,HIGH,320x240,Apply Denoising
Arson036_x264,motion_0109.jpg,85,GOOD,2461.01,SHARP,86.02,NORMAL,59.04,GOOD,116.21,SHARP,49.61,HIGH,320x240,Apply Denoising
Arson036_x264,motion_0110.jpg,85,GOOD,2453.34,SHARP,86.01,NORMAL,59.2,GOOD,116.07,SHARP,49.53,HIGH,320x240,Apply Denoising
Arson036_x264,motion_0111.jpg,85,GOOD,2457.75,SHARP,86.06,NORMAL,59.26,GOOD,116.26,SHARP,49.58,HIGH,320x240,Apply Denoising
Arson036_x264,motion_0112.jpg,85,GOOD,2448.19,SHARP,86.16,NORMAL,59.26,GOOD,115.78,SHARP,49.48,HIGH,320x240,Apply Denoising
Arson036_x264,motion_0113.jpg,85,GOOD,2449.18,SHARP,85.98,NORMAL,59.13,GOOD,115.68,SHARP,49.49,HIGH,320x240,Apply Denoising
Arson036_x264,motion_0114.jpg,85,GOOD,2444.54,SHARP,85.69,NORMAL,58.88,GOOD,115.73,SHARP,49.44,HIGH,320x240,Apply Denoising
Arson036_x264,motion_0115.jpg,85,GOOD,2459.2,SHARP,85.62,NORMAL,58.85,GOOD,115.91,SHARP,49.59,HIGH,320x240,Apply Denoising
Arson036_x264,motion_0116.jpg,85,GOOD,2456.05,SHARP,85.63,NORMAL,58.77,GOOD,115.97,SHARP,49.56,HIGH,320x240,Apply Denoising
Arson036_x264,motion_0117.jpg,85,GOOD,2451.09,SHARP,85.67,NORMAL,58.85,GOOD,116.12,SHARP,49.51,HIGH,320x240,Apply Denoising
Arson036_x264,motion_0118.jpg,85,GOOD,2456.61,SHARP,86.07,NORMAL,59.15,GOOD,116.14,SHARP,49.56,HIGH,320x240,Apply Denoising
Arson036_x264,motion_0119.jpg,85,GOOD,2454.2,SHARP,86.5,NORMAL,59.95,GOOD,116.3,SHARP,49.54,HIGH,320x240,Apply Denoising
Arson036_x264,motion_0120.jpg,85,GOOD,2454.86,SHARP,86.86,NORMAL,60.66,GOOD,116.46,SHARP,49.55,HIGH,320x240,Apply Denoising
Arson036_x264,motion_0121.jpg,85,GOOD,2467.97,SHARP,87.01,NORMAL,60.87,GOOD,116.66,SHARP,49.68,HIGH,320x240,Apply Denoising
Arson036_x264,motion_0122.jpg,85,GOOD,2464.85,SHARP,87.0,NORMAL,60.87,GOOD,116.75,SHARP,49.65,HIGH,320x240,Apply Denoising
Arson036_x264,motion_0123.jpg,85,GOOD,2468.39,SHARP,86.95,NORMAL,60.79,GOOD,116.76,SHARP,49.68,HIGH,320x240,Apply Denoising
Arson036_x264,motion_0124.jpg,85,GOOD,2462.03,SHARP,86.9,NORMAL,60.74,GOOD,116.61,SHARP,49.62,HIGH,320x240,Apply Denoising
Arson036_x264,motion_0125.jpg,85,GOOD,2463.54,SHARP,86.75,NORMAL,60.61,GOOD,116.66,SHARP,49.63,HIGH,320x240,Apply Denoising
Arson036_x264,motion_0126.jpg,85,GOOD,2493.31,SHARP,86.46,NORMAL,60.3,GOOD,116.93,SHARP,49.93,HIGH,320x240,Apply Denoising
Arson036_x264,motion_0127.jpg,85,GOOD,2491.32,SHARP,86.27,NORMAL,60.12,GOOD,116.87,SHARP,49.91,HIGH,320x240,Apply Denoising
Arson036_x264,motion_0128.jpg,85,GOOD,2485.07,SHARP,85.94,NORMAL,59.87,GOOD,116.69,SHARP,49.85,HIGH,320x240,Apply Denoising
Arson036_x264,motion_0129.jpg,85,GOOD,2478.5,SHARP,85.57,NORMAL,59.55,GOOD,116.34,SHARP,49.78,HIGH,320x240,Apply Denoising
Arson036_x264,motion_0130.jpg,85,GOOD,2493.25,SHARP,85.37,NORMAL,59.3,GOOD,116.75,SHARP,49.93,HIGH,320x240,Apply Denoising
Arson036_x264,motion_0131.jpg,85,GOOD,2488.84,SHARP,85.05,NORMAL,58.89,GOOD,116.72,SHARP,49.89,HIGH,320x240,Apply Denoising
Arson036_x264,motion_0132.jpg,85,GOOD,2486.5,SHARP,85.02,NORMAL,58.83,GOOD,116.65,SHARP,49.86,HIGH,320x240,Apply Denoising
Arson036_x264,motion_0133.jpg,85,GOOD,2480.94,SHARP,85.14,NORMAL,58.84,GOOD,116.55,SHARP,49.81,HIGH,320x240,Apply Denoising
Arson036_x264,motion_0134.jpg,85,GOOD,2484.81,SHARP,85.46,NORMAL,59.06,GOOD,116.55,SHARP,49.85,HIGH,320x240,Apply Denoising
Arson036_x264,motion_0135.jpg,85,GOOD,2460.05,SHARP,85.86,NORMAL,59.36,GOOD,116.66,SHARP,49.6,HIGH,320x240,Apply Denoising
Arson036_x264,motion_0136.jpg,85,GOOD,2458.28,SHARP,85.88,NORMAL,59.37,GOOD,116.62,SHARP,49.58,HIGH,320x240,Apply Denoising
Arson036_x264,motion_0137.jpg,85,GOOD,2458.0,SHARP,85.8,NORMAL,59.27,GOOD,116.46,SHARP,49.58,HIGH,320x240,Apply Denoising
Arson036_x264,motion_0138.jpg,85,GOOD,2456.57,SHARP,85.76,NORMAL,59.19,GOOD,116.46,SHARP,49.56,HIGH,320x240,Apply Denoising
Arson036_x264,motion_0139.jpg,85,GOOD,2456.67,SHARP,85.89,NORMAL,59.28,GOOD,116.67,SHARP,49.56,HIGH,320x240,Apply Denoising
Arson036_x264,motion_0140.jpg,85,GOOD,2457.11,SHARP,86.02,NORMAL,59.4,GOOD,116.72,SHARP,49.57,HIGH,320x240,Apply Denoising
Arson036_x264,motion_0141.jpg,85,GOOD,2441.54,SHARP,85.79,NORMAL,58.99,GOOD,116.47,SHARP,49.41,HIGH,320x240,Apply Denoising
Arson036_x264,motion_0142.jpg,85,GOOD,2447.37,SHARP,85.58,NORMAL,58.96,GOOD,116.75,SHARP,49.47,HIGH,320x240,Apply Denoising
Arson036_x264,motion_0143.jpg,85,GOOD,2457.34,SHARP,85.91,NORMAL,59.31,GOOD,117.29,SHARP,49.57,HIGH,320x240,Apply Denoising
Arson036_x264,motion_0144.jpg,85,GOOD,2455.36,SHARP,85.92,NORMAL,59.39,GOOD,117.12,SHARP,49.55,HIGH,320x240,Apply Denoising
Arson036_x264,motion_0145.jpg,85,GOOD,2443.51,SHARP,85.96,NORMAL,59.57,GOOD,116.65,SHARP,49.43,HIGH,320x240,Apply Denoising
Arson036_x264,motion_0146.jpg,85,GOOD,2501.52,SHARP,86.27,NORMAL,59.77,GOOD,117.71,SHARP,50.02,HIGH,320x240,Apply Denoising
Arson036_x264,motion_0147.jpg,85,GOOD,2491.86,SHARP,86.34,NORMAL,60.01,GOOD,117.26,SHARP,49.92,HIGH,320x240,Apply Denoising
Arson036_x264,motion_0148.jpg,85,GOOD,2491.61,SHARP,86.49,NORMAL,60.25,GOOD,117.24,SHARP,49.92,HIGH,320x240,Apply Denoising
Arson036_x264,motion_0149.jpg,85,GOOD,2484.54,SHARP,86.62,NORMAL,60.47,GOOD,117.11,SHARP,49.85,HIGH,320x240,Apply Denoising
Arson036_x264,motion_0150.jpg,85,GOOD,2476.93,SHARP,86.98,NORMAL,60.62,GOOD,117.15,SHARP,49.77,HIGH,320x240,Apply Denoising
Arson036_x264,motion_0151.jpg,85,GOOD,2481.61,SHARP,87.19,NORMAL,60.55,GOOD,117.04,SHARP,49.82,HIGH,320x240,Apply Denoising
Arson036_x264,motion_0152.jpg,85,GOOD,2493.53,SHARP,87.24,NORMAL,60.66,GOOD,116.77,SHARP,49.94,HIGH,320x240,Apply Denoising
Arson036_x264,motion_0153.jpg,85,GOOD,2489.32,SHARP,87.4,NORMAL,60.82,GOOD,116.73,SHARP,49.89,HIGH,320x240,Apply Denoising
Arson036_x264,motion_0154.jpg,85,GOOD,2485.33,SHARP,87.34,NORMAL,60.84,GOOD,116.66,SHARP,49.85,HIGH,320x240,Apply Denoising
Arson036_x264,motion_0155.jpg,85,GOOD,2489.22,SHARP,86.8,NORMAL,60.74,GOOD,116.48,SHARP,49.89,HIGH,320x240,Apply Denoising
Arson036_x264,motion_0156.jpg,85,GOOD,2491.47,SHARP,86.49,NORMAL,60.24,GOOD,116.62,SHARP,49.91,HIGH,320x240,Apply Denoising
Arson036_x264,motion_0157.jpg,85,GOOD,2496.3,SHARP,86.24,NORMAL,59.76,GOOD,116.77,SHARP,49.96,HIGH,320x240,Apply Denoising
Arson036_x264,motion_0158.jpg,85,GOOD,2523.54,SHARP,86.14,NORMAL,59.68,GOOD,117.43,SHARP,50.23,HIGH,320x240,Apply Denoising
Arson036_x264,motion_0159.jpg,85,GOOD,2522.9,SHARP,86.1,NORMAL,59.63,GOOD,117.6,SHARP,50.23,HIGH,320x240,Apply Denoising
Arson036_x264,motion_0160.jpg,85,GOOD,2520.83,SHARP,85.99,NORMAL,59.47,GOOD,117.5,SHARP,50.21,HIGH,320x240,Apply Denoising
Arson036_x264,motion_0161.jpg,85,GOOD,2518.62,SHARP,85.7,NORMAL,59.07,GOOD,117.4,SHARP,50.19,HIGH,320x240,Apply Denoising
Arson036_x264,motion_0162.jpg,85,GOOD,2504.42,SHARP,85.48,NORMAL,58.89,GOOD,117.41,SHARP,50.04,HIGH,320x240,Apply Denoising
Arson036_x264,motion_0163.jpg,85,GOOD,2510.35,SHARP,85.28,NORMAL,58.75,GOOD,117.77,SHARP,50.1,HIGH,320x240,Apply Denoising
Arson036_x264,motion_0164.jpg,85,GOOD,2511.5,SHARP,85.0,NORMAL,58.66,GOOD,117.74,SHARP,50.11,HIGH,320x240,Apply Denoising
Arson036_x264,motion_0165.jpg,85,GOOD,2508.25,SHARP,84.84,NORMAL,58.62,GOOD,117.4,SHARP,50.08,HIGH,320x240,Apply Denoising
Arson036_x264,motion_0166.jpg,85,GOOD,2502.76,SHARP,85.09,NORMAL,58.89,GOOD,117.29,SHARP,50.03,HIGH,320x240,Apply Denoising
Arson036_x264,motion_0167.jpg,85,GOOD,2488.02,SHARP,85.56,NORMAL,59.01,GOOD,116.82,SHARP,49.88,HIGH,320x240,Apply Denoising
Arson036_x264,motion_0168.jpg,85,GOOD,2481.2,SHARP,85.78,NORMAL,58.97,GOOD,116.93,SHARP,49.81,HIGH,320x240,Apply Denoising
Arson036_x264,motion_0169.jpg,85,GOOD,2472.93,SHARP,85.78,NORMAL,58.81,GOOD,116.2,SHARP,49.73,HIGH,320x240,Apply Denoising
Arson036_x264,motion_0170.jpg,85,GOOD,2471.33,SHARP,85.74,NORMAL,58.9,GOOD,116.15,SHARP,49.71,HIGH,320x240,Apply Denoising
Arson036_x264,motion_0171.jpg,85,GOOD,2458.62,SHARP,85.81,NORMAL,59.03,GOOD,116.02,SHARP,49.58,HIGH,320x240,Apply Denoising
Arson036_x264,motion_0172.jpg,85,GOOD,2462.92,SHARP,85.63,NORMAL,58.75,GOOD,115.75,SHARP,49.63,HIGH,320x240,Apply Denoising
Arson036_x264,motion_0173.jpg,85,GOOD,2437.05,SHARP,85.23,NORMAL,58.48,GOOD,115.82,SHARP,49.37,HIGH,320x240,Apply Denoising
Arson036_x264,motion_0174.jpg,85,GOOD,2437.64,SHARP,84.63,NORMAL,58.21,GOOD,115.2,SHARP,49.37,HIGH,320x240,Apply Denoising
Arson036_x264,motion_0175.jpg,85,GOOD,2444.85,SHARP,84.57,NORMAL,58.23,GOOD,115.42,SHARP,49.45,HIGH,320x240,Apply Denoising
Arson036_x264,motion_0176.jpg,85,GOOD,2440.21,SHARP,84.45,NORMAL,58.14,GOOD,115.28,SHARP,49.4,HIGH,320x240,Apply Denoising
Arson036_x264,motion_0177.jpg,85,GOOD,2436.8,SHARP,84.12,NORMAL,57.85,GOOD,115.3,SHARP,49.36,HIGH,320x240,Apply Denoising
Arson036_x264,motion_0178.jpg,85,GOOD,2442.91,SHARP,84.15,NORMAL,57.64,GOOD,115.56,SHARP,49.43,HIGH,320x240,Apply Denoising
Arson036_x264,motion_0179.jpg,85,GOOD,2446.53,SHARP,84.08,NORMAL,57.54,GOOD,115.69,SHARP,49.46,HIGH,320x240,Apply Denoising
Arson036_x264,motion_0180.jpg,85,GOOD,2463.65,SHARP,84.33,NORMAL,57.46,GOOD,116.06,SHARP,49.64,HIGH,320x240,Apply Denoising
Arson036_x264,motion_0181.jpg,85,GOOD,2464.99,SHARP,84.19,NORMAL,57.39,GOOD,116.2,SHARP,49.65,HIGH,320x240,Apply Denoising
Arson036_x264,motion_0182.jpg,85,GOOD,2471.87,SHARP,84.18,NORMAL,57.34,GOOD,116.5,SHARP,49.72,HIGH,320x240,Apply Denoising
Arson036_x264,motion_0183.jpg,85,GOOD,2468.69,SHARP,84.05,NORMAL,57.19,GOOD,116.47,SHARP,49.69,HIGH,320x240,Apply Denoising
Arson036_x264,motion_0184.jpg,85,GOOD,2472.69,SHARP,83.96,NORMAL,57.18,GOOD,116.54,SHARP,49.73,HIGH,320x240,Apply Denoising
Arson036_x264,motion_0185.jpg,85,GOOD,2474.57,SHARP,83.88,NORMAL,57.12,GOOD,116.48,SHARP,49.75,HIGH,320x240,Apply Denoising
Arson036_x264,motion_0186.jpg,85,GOOD,2516.27,SHARP,84.61,NORMAL,57.38,GOOD,117.14,SHARP,50.16,HIGH,320x240,Apply Denoising
Arson036_x264,motion_0187.jpg,85,GOOD,2523.75,SHARP,85.5,NORMAL,57.4,GOOD,117.41,SHARP,50.24,HIGH,320x240,Apply Denoising
Arson036_x264,motion_0188.jpg,85,GOOD,2532.05,SHARP,85.26,NORMAL,57.33,GOOD,117.76,SHARP,50.32,HIGH,320x240,Apply Denoising
Arson036_x264,motion_0189.jpg,85,GOOD,2533.03,SHARP,85.16,NORMAL,57.37,GOOD,117.88,SHARP,50.33,HIGH,320x240,Apply Denoising
Arson036_x264,motion_0190.jpg,85,GOOD,2532.39,SHARP,85.19,NORMAL,57.4,GOOD,117.89,SHARP,50.32,HIGH,320x240,Apply Denoising
Arson036_x264,motion_0191.jpg,85,GOOD,2548.08,SHARP,85.37,NORMAL,57.58,GOOD,118.35,SHARP,50.48,HIGH,320x240,Apply Denoising
Arson036_x264,motion_0192.jpg,85,GOOD,2548.6,SHARP,85.38,NORMAL,57.66,GOOD,118.42,SHARP,50.48,HIGH,320x240,Apply Denoising
Arson036_x264,motion_0193.jpg,85,GOOD,2555.22,SHARP,85.58,NORMAL,57.76,GOOD,118.73,SHARP,50.55,HIGH,320x240,Apply Denoising
Arson036_x264,motion_0194.jpg,85,GOOD,2551.32,SHARP,85.62,NORMAL,57.77,GOOD,118.73,SHARP,50.51,HIGH,320x240,Apply Denoising
Arson036_x264,motion_0195.jpg,85,GOOD,2554.97,SHARP,85.64,NORMAL,57.73,GOOD,118.67,SHARP,50.55,HIGH,320x240,Apply Denoising
Arson036_x264,motion_0196.jpg,85,GOOD,2558.18,SHARP,85.58,NORMAL,57.65,GOOD,118.77,SHARP,50.58,HIGH,320x240,Apply Denoising
Arson036_x264,motion_0197.jpg,85,GOOD,2561.03,SHARP,85.76,NORMAL,57.74,GOOD,118.89,SHARP,50.61,HIGH,320x240,Apply Denoising
Arson036_x264,motion_0198.jpg,85,GOOD,2552.2,SHARP,85.84,NORMAL,57.77,GOOD,119.04,SHARP,50.52,HIGH,320x240,Apply Denoising
Arson036_x264,motion_0199.jpg,85,GOOD,2586.62,SHARP,86.01,NORMAL,58.14,GOOD,119.85,SHARP,50.86,HIGH,320x240,Apply Denoising
Arson036_x264,motion_0200.jpg,85,GOOD,2614.51,SHARP,86.13,NORMAL,58.2,GOOD,119.77,SHARP,51.13,HIGH,320x240,Apply Denoising
Arson036_x264,motion_0201.jpg,85,GOOD,2614.57,SHARP,86.24,NORMAL,58.22,GOOD,120.01,SHARP,51.13,HIGH,320x240,Apply Denoising
Arson036_x264,motion_0202.jpg,85,GOOD,2611.51,SHARP,86.23,NORMAL,58.26,GOOD,119.99,SHARP,51.1,HIGH,320x240,Apply Denoising
Arson036_x264,motion_0203.jpg,85,GOOD,2608.47,SHARP,86.17,NORMAL,58.3,GOOD,120.03,SHARP,51.07,HIGH,320x240,Apply Denoising
Arson036_x264,motion_0204.jpg,85,GOOD,2603.61,SHARP,85.96,NORMAL,58.14,GOOD,119.81,SHARP,51.03,HIGH,320x240,Apply Denoising
Arson036_x264,motion_0205.jpg,85,GOOD,2598.78,SHARP,85.84,NORMAL,58.03,GOOD,119.63,SHARP,50.98,HIGH,320x240,Apply Denoising
Arson036_x264,motion_0206.jpg,85,GOOD,2596.79,SHARP,85.66,NORMAL,57.92,GOOD,119.62,SHARP,50.96,HIGH,320x240,Apply Denoising
Arson036_x264,motion_0207.jpg,85,GOOD,2592.17,SHARP,85.65,NORMAL,57.85,GOOD,119.43,SHARP,50.91,HIGH,320x240,Apply Denoising
Arson036_x264,motion_0208.jpg,85,GOOD,2592.27,SHARP,85.7,NORMAL,57.83,GOOD,119.4,SHARP,50.91,HIGH,320x240,Apply Denoising
Arson036_x264,motion_0209.jpg,85,GOOD,2594.32,SHARP,85.77,NORMAL,57.83,GOOD,119.57,SHARP,50.93,HIGH,320x240,Apply Denoising
Arson036_x264,motion_0210.jpg,85,GOOD,2594.59,SHARP,85.79,NORMAL,57.81,GOOD,119.54,SHARP,50.94,HIGH,320x240,Apply Denoising
Arson036_x264,motion_0211.jpg,85,GOOD,2595.0,SHARP,86.07,NORMAL,57.93,GOOD,119.03,SHARP,50.94,HIGH,320x240,Apply Denoising
Arson036_x264,motion_0212.jpg,85,GOOD,2587.73,SHARP,86.23,NORMAL,58.05,GOOD,118.7,SHARP,50.87,HIGH,320x240,Apply Denoising
Arson036_x264,motion_0213.jpg,85,GOOD,2585.1,SHARP,86.26,NORMAL,58.05,GOOD,118.67,SHARP,50.84,HIGH,320x240,Apply Denoising
Arson036_x264,motion_0214.jpg,85,GOOD,2583.56,SHARP,86.38,NORMAL,58.17,GOOD,118.98,SHARP,50.83,HIGH,320x240,Apply Denoising
Arson036_x264,motion_0215.jpg,85,GOOD,2573.8,SHARP,86.44,NORMAL,58.2,GOOD,118.61,SHARP,50.73,HIGH,320x240,Apply Denoising
Arson036_x264,motion_0216.jpg,85,GOOD,2574.34,SHARP,86.58,NORMAL,58.26,GOOD,118.34,SHARP,50.74,HIGH,320x240,Apply Denoising
Arson036_x264,motion_0217.jpg,85,GOOD,2588.51,SHARP,86.94,NORMAL,58.5,GOOD,118.57,SHARP,50.88,HIGH,320x240,Apply Denoising
Arson036_x264,motion_0218.jpg,85,GOOD,2593.97,SHARP,87.23,NORMAL,58.65,GOOD,118.77,SHARP,50.93,HIGH,320x240,Apply Denoising
Arson036_x264,motion_0219.jpg,85,GOOD,2596.37,SHARP,87.58,NORMAL,59.08,GOOD,119.07,SHARP,50.95,HIGH,320x240,Apply Denoising
Arson036_x264,motion_0220.jpg,85,GOOD,2607.25,SHARP,87.63,NORMAL,59.2,GOOD,120.03,SHARP,51.06,HIGH,320x240,Apply Denoising
Arson036_x264,motion_0221.jpg,85,GOOD,2615.62,SHARP,87.74,NORMAL,59.52,GOOD,120.51,SHARP,51.14,HIGH,320x240,Apply Denoising
Arson036_x264,motion_0222.jpg,85,GOOD,2602.58,SHARP,88.14,NORMAL,59.87,GOOD,120.85,SHARP,51.02,HIGH,320x240,Apply Denoising
Arson036_x264,motion_0223.jpg,85,GOOD,2613.91,SHARP,88.33,NORMAL,60.08,GOOD,121.21,SHARP,51.13,HIGH,320x240,Apply Denoising
Arson036_x264,motion_0224.jpg,85,GOOD,2603.83,SHARP,88.45,NORMAL,60.22,GOOD,120.82,SHARP,51.03,HIGH,320x240,Apply Denoising
Arson036_x264,motion_0225.jpg,85,GOOD,2593.62,SHARP,88.41,NORMAL,60.21,GOOD,120.59,SHARP,50.93,HIGH,320x240,Apply Denoising
Arson036_x264,motion_0226.jpg,85,GOOD,2581.86,SHARP,88.14,NORMAL,60.02,GOOD,120.13,SHARP,50.81,HIGH,320x240,Apply Denoising
Arson036_x264,motion_0227.jpg,85,GOOD,2562.65,SHARP,87.78,NORMAL,59.83,GOOD,119.21,SHARP,50.62,HIGH,320x240,Apply Denoising
Arson036_x264,motion_0228.jpg,85,GOOD,2575.66,SHARP,87.77,NORMAL,59.84,GOOD,119.28,SHARP,50.75,HIGH,320x240,Apply Denoising
Arson036_x264,motion_0229.jpg,85,GOOD,2568.96,SHARP,87.69,NORMAL,59.5,GOOD,119.04,SHARP,50.68,HIGH,320x240,Apply Denoising
Arson036_x264,motion_0230.jpg,85,GOOD,2570.09,SHARP,87.51,NORMAL,59.23,GOOD,119.07,SHARP,50.7,HIGH,320x240,Apply Denoising
Arson036_x264,motion_0231.jpg,85,GOOD,2569.88,SHARP,87.43,NORMAL,59.04,GOOD,118.77,SHARP,50.69,HIGH,320x240,Apply Denoising
Arson036_x264,motion_0232.jpg,85,GOOD,2564.84,SHARP,87.21,NORMAL,58.86,GOOD,118.59,SHARP,50.64,HIGH,320x240,Apply Denoising
Arson036_x264,motion_0233.jpg,85,GOOD,2559.1,SHARP,87.1,NORMAL,58.77,GOOD,118.04,SHARP,50.59,HIGH,320x240,Apply Denoising
Arson036_x264,motion_0234.jpg,85,GOOD,2574.75,SHARP,87.14,NORMAL,58.75,GOOD,118.59,SHARP,50.74,HIGH,320x240,Apply Denoising
Arson036_x264,motion_0235.jpg,85,GOOD,2572.79,SHARP,87.07,NORMAL,58.67,GOOD,118.8,SHARP,50.72,HIGH,320x240,Apply Denoising
Arson036_x264,motion_0236.jpg,85,GOOD,2575.34,SHARP,87.03,NORMAL,58.66,GOOD,118.92,SHARP,50.75,HIGH,320x240,Apply Denoising
Arson036_x264,motion_0237.jpg,85,GOOD,2573.14,SHARP,86.87,NORMAL,58.59,GOOD,118.76,SHARP,50.73,HIGH,320x240,Apply Denoising
Arson036_x264,motion_0238.jpg,85,GOOD,2568.23,SHARP,86.75,NORMAL,58.52,GOOD,118.33,SHARP,50.68,HIGH,320x240,Apply Denoising
Arson036_x264,motion_0239.jpg,85,GOOD,2569.38,SHARP,86.52,NORMAL,58.36,GOOD,118.53,SHARP,50.69,HIGH,320x240,Apply Denoising
Arson036_x264,motion_0240.jpg,85,GOOD,2586.95,SHARP,86.27,NORMAL,58.35,GOOD,118.75,SHARP,50.86,HIGH,320x240,Apply Denoising
Arson036_x264,motion_0241.jpg,85,GOOD,2588.73,SHARP,86.2,NORMAL,58.37,GOOD,118.83,SHARP,50.88,HIGH,320x240,Apply Denoising
Arson036_x264,motion_0242.jpg,85,GOOD,2589.06,SHARP,86.07,NORMAL,58.35,GOOD,118.79,SHARP,50.88,HIGH,320x240,Apply Denoising
Arson036_x264,motion_0243.jpg,85,GOOD,2589.32,SHARP,85.99,NORMAL,58.3,GOOD,118.94,SHARP,50.89,HIGH,320x240,Apply Denoising
Arson036_x264,motion_0244.jpg,85,GOOD,2589.56,SHARP,85.95,NORMAL,58.26,GOOD,118.88,SHARP,50.89,HIGH,320x240,Apply Denoising
Arson036_x264,motion_0245.jpg,85,GOOD,2586.51,SHARP,85.98,NORMAL,58.28,GOOD,118.81,SHARP,50.86,HIGH,320x240,Apply Denoising
Arson036_x264,motion_0246.jpg,85,GOOD,2595.81,SHARP,85.85,NORMAL,58.27,GOOD,118.91,SHARP,50.95,HIGH,320x240,Apply Denoising
Arson036_x264,motion_0247.jpg,85,GOOD,2594.48,SHARP,85.79,NORMAL,58.2,GOOD,118.84,SHARP,50.94,HIGH,320x240,Apply Denoising
Arson036_x264,motion_0248.jpg,85,GOOD,2601.92,SHARP,85.88,NORMAL,58.26,GOOD,119.13,SHARP,51.01,HIGH,320x240,Apply Denoising
Arson036_x264,motion_0249.jpg,85,GOOD,2604.03,SHARP,85.73,NORMAL,58.32,GOOD,119.23,SHARP,51.03,HIGH,320x240,Apply Denoising
Arson036_x264,motion_0250.jpg,85,GOOD,2605.62,SHARP,85.65,NORMAL,58.33,GOOD,119.35,SHARP,51.05,HIGH,320x240,Apply Denoising
Arson036_x264,motion_0251.jpg,85,GOOD,2607.54,SHARP,85.57,NORMAL,58.36,GOOD,119.4,SHARP,51.06,HIGH,320x240,Apply Denoising
Arson036_x264,motion_0252.jpg,85,GOOD,2620.19,SHARP,85.66,NORMAL,58.54,GOOD,119.63,SHARP,51.19,HIGH,320x240,Apply Denoising
Arson036_x264,motion_0253.jpg,85,GOOD,2623.1,SHARP,85.75,NORMAL,58.64,GOOD,119.62,SHARP,51.22,HIGH,320x240,Apply Denoising
Arson036_x264,motion_0254.jpg,85,GOOD,2623.13,SHARP,85.91,NORMAL,58.61,GOOD,119.7,SHARP,51.22,HIGH,320x240,Apply Denoising
Arson036_x264,motion_0255.jpg,85,GOOD,2624.01,SHARP,86.07,NORMAL,58.6,GOOD,119.62,SHARP,51.23,HIGH,320x240,Apply Denoising
Arson036_x264,motion_0256.jpg,85,GOOD,2624.78,SHARP,86.12,NORMAL,58.61,GOOD,119.75,SHARP,51.23,HIGH,320x240,Apply Denoising
Arson036_x264,motion_0257.jpg,85,GOOD,2574.63,SHARP,86.08,NORMAL,58.54,GOOD,119.17,SHARP,50.74,HIGH,320x240,Apply Denoising
Arson036_x264,motion_0258.jpg,85,GOOD,2582.19,SHARP,86.01,NORMAL,58.51,GOOD,119.33,SHARP,50.82,HIGH,320x240,Apply Denoising
Arson036_x264,motion_0259.jpg,85,GOOD,2584.32,SHARP,86.05,NORMAL,58.5,GOOD,119.35,SHARP,50.84,HIGH,320x240,Apply Denoising
Arson036_x264,motion_0260.jpg,85,GOOD,2587.56,SHARP,86.15,NORMAL,58.53,GOOD,119.4,SHARP,50.87,HIGH,320x240,Apply Denoising
Arson036_x264,motion_0261.jpg,85,GOOD,2589.37,SHARP,86.18,NORMAL,58.51,GOOD,119.5,SHARP,50.89,HIGH,320x240,Apply Denoising
Arson036_x264,motion_0262.jpg,85,GOOD,2585.44,SHARP,86.21,NORMAL,58.48,GOOD,119.5,SHARP,50.85,HIGH,320x240,Apply Denoising
Arson036_x264,motion_0263.jpg,85,GOOD,2606.45,SHARP,86.17,NORMAL,58.38,GOOD,119.79,SHARP,51.05,HIGH,320x240,Apply Denoising
Arson036_x264,motion_0264.jpg,85,GOOD,2603.78,SHARP,86.15,NORMAL,58.39,GOOD,119.9,SHARP,51.03,HIGH,320x240,Apply Denoising
Arson036_x264,motion_0265.jpg,85,GOOD,2600.42,SHARP,86.15,NORMAL,58.39,GOOD,119.89,SHARP,50.99,HIGH,320x240,Apply Denoising
Arson036_x264,motion_0266.jpg,85,GOOD,2601.22,SHARP,86.06,NORMAL,58.34,GOOD,119.86,SHARP,51.0,HIGH,320x240,Apply Denoising
Arson036_x264,motion_0267.jpg,85,GOOD,2600.95,SHARP,86.06,NORMAL,58.3,GOOD,119.81,SHARP,51.0,HIGH,320x240,Apply Denoising
Arson036_x264,motion_0268.jpg,85,GOOD,2605.59,SHARP,86.13,NORMAL,58.3,GOOD,119.75,SHARP,51.05,HIGH,320x240,Apply Denoising
Arson036_x264,motion_0269.jpg,85,GOOD,2602.12,SHARP,86.12,NORMAL,58.33,GOOD,119.61,SHARP,51.01,HIGH,320x240,Apply Denoising
Arson036_x264,motion_0270.jpg,85,GOOD,2600.71,SHARP,86.13,NORMAL,58.36,GOOD,119.68,SHARP,51.0,HIGH,320x240,Apply Denoising
Arson036_x264,motion_0271.jpg,85,GOOD,2593.87,SHARP,86.14,NORMAL,58.41,GOOD,119.64,SHARP,50.93,HIGH,320x240,Apply Denoising
Arson036_x264,motion_0272.jpg,85,GOOD,2580.96,SHARP,86.0,NORMAL,58.38,GOOD,119.27,SHARP,50.8,HIGH,320x240,Apply Denoising
Arson036_x264,motion_0273.jpg,85,GOOD,2579.61,SHARP,85.87,NORMAL,58.38,GOOD,119.15,SHARP,50.79,HIGH,320x240,Apply Denoising
Arson036_x264,motion_0274.jpg,85,GOOD,2606.74,SHARP,85.89,NORMAL,58.5,GOOD,119.64,SHARP,51.06,HIGH,320x240,Apply Denoising
Arson036_x264,motion_0275.jpg,85,GOOD,2607.09,SHARP,86.03,NORMAL,58.61,GOOD,119.77,SHARP,51.06,HIGH,320x240,Apply Denoising
Arson036_x264,motion_0276.jpg,85,GOOD,2610.98,SHARP,86.07,NORMAL,58.66,GOOD,119.79,SHARP,51.1,HIGH,320x240,Apply Denoising
Arson036_x264,motion_0277.jpg,85,GOOD,2609.26,SHARP,86.13,NORMAL,58.68,GOOD,119.88,SHARP,51.08,HIGH,320x240,Apply Denoising
Arson036_x264,motion_0278.jpg,85,GOOD,2606.94,SHARP,86.2,NORMAL,58.72,GOOD,119.82,SHARP,51.06,HIGH,320x240,Apply Denoising
Arson036_x264,motion_0279.jpg,85,GOOD,2607.63,SHARP,86.27,NORMAL,58.73,GOOD,119.86,SHARP,51.06,HIGH,320x240,Apply Denoising
Arson036_x264,motion_0280.jpg,85,GOOD,2591.84,SHARP,86.22,NORMAL,58.67,GOOD,119.73,SHARP,50.91,HIGH,320x240,Apply Denoising
Arson036_x264,motion_0281.jpg,85,GOOD,2597.28,SHARP,86.18,NORMAL,58.51,GOOD,119.81,SHARP,50.96,HIGH,320x240,Apply Denoising
Arson036_x264,motion_0282.jpg,85,GOOD,2608.56,SHARP,86.24,NORMAL,58.51,GOOD,120.02,SHARP,51.07,HIGH,320x240,Apply Denoising
Arson036_x264,motion_0283.jpg,85,GOOD,2613.47,SHARP,86.34,NORMAL,58.61,GOOD,120.07,SHARP,51.12,HIGH,320x240,Apply Denoising
Arson036_x264,motion_0284.jpg,85,GOOD,2620.25,SHARP,86.38,NORMAL,58.62,GOOD,120.37,SHARP,51.19,HIGH,320x240,Apply Denoising
Arson036_x264,motion_0285.jpg,85,GOOD,2618.77,SHARP,86.33,NORMAL,58.65,GOOD,120.46,SHARP,51.17,HIGH,320x240,Apply Denoising
Arson036_x264,motion_0286.jpg,85,GOOD,2614.31,SHARP,86.22,NORMAL,58.63,GOOD,120.16,SHARP,51.13,HIGH,320x240,Apply Denoising
Arson036_x264,motion_0287.jpg,85,GOOD,2609.51,SHARP,86.11,NORMAL,58.42,GOOD,120.14,SHARP,51.08,HIGH,320x240,Apply Denoising
Arson036_x264,motion_0288.jpg,85,GOOD,2565.51,SHARP,86.01,NORMAL,58.3,GOOD,119.8,SHARP,50.65,HIGH,320x240,Apply Denoising
Arson036_x264,motion_0289.jpg,85,GOOD,2564.69,SHARP,86.03,NORMAL,58.32,GOOD,119.91,SHARP,50.64,HIGH,320x240,Apply Denoising
Arson036_x264,motion_0290.jpg,85,GOOD,2562.16,SHARP,86.03,NORMAL,58.35,GOOD,119.88,SHARP,50.62,HIGH,320x240,Apply Denoising
Arson036_x264,motion_0291.jpg,85,GOOD,2558.76,SHARP,86.09,NORMAL,58.38,GOOD,119.71,SHARP,50.58,HIGH,320x240,Apply Denoising
Arson036_x264,motion_0292.jpg,85,GOOD,2557.5,SHARP,86.21,NORMAL,58.4,GOOD,119.51,SHARP,50.57,HIGH,320x240,Apply Denoising
Arson036_x264,motion_0293.jpg,85,GOOD,2560.42,SHARP,86.33,NORMAL,58.47,GOOD,119.4,SHARP,50.6,HIGH,320x240,Apply Denoising
Arson036_x264,motion_0294.jpg,85,GOOD,2589.89,SHARP,86.34,NORMAL,58.46,GOOD,119.99,SHARP,50.89,HIGH,320x240,Apply Denoising
Arson036_x264,motion_0295.jpg,85,GOOD,2594.55,SHARP,86.18,NORMAL,58.38,GOOD,120.01,SHARP,50.94,HIGH,320x240,Apply Denoising
Arson036_x264,motion_0296.jpg,85,GOOD,2593.5,SHARP,86.01,NORMAL,58.36,GOOD,119.99,SHARP,50.93,HIGH,320x240,Apply Denoising
Arson036_x264,motion_0297.jpg,85,GOOD,2593.22,SHARP,85.85,NORMAL,58.31,GOOD,119.99,SHARP,50.92,HIGH,320x240,Apply Denoising
Arson036_x264,motion_0298.jpg,85,GOOD,2596.45,SHARP,85.7,NORMAL,58.23,GOOD,120.06,SHARP,50.96,HIGH,320x240,Apply Denoising
Arson036_x264,motion_0299.jpg,85,GOOD,2595.34,SHARP,85.48,NORMAL,58.11,GOOD,120.07,SHARP,50.94,HIGH,320x240,Apply Denoising
Arson036_x264,motion_0300.jpg,85,GOOD,2596.89,SHARP,86.33,NORMAL,58.2,GOOD,120.47,SHARP,50.96,HIGH,320x240,Apply Denoising
Arson036_x264,motion_0301.jpg,85,GOOD,2553.64,SHARP,90.83,NORMAL,59.96,GOOD,120.53,SHARP,50.53,HIGH,320x240,Apply Denoising
Arson036_x264,motion_0302.jpg,85,GOOD,2311.49,SHARP,100.67,NORMAL,65.95,GOOD,115.82,SHARP,48.08,HIGH,320x240,Apply Denoising
Arson036_x264,motion_0303.jpg,85,GOOD,2283.27,SHARP,99.25,NORMAL,65.54,GOOD,114.66,SHARP,47.78,HIGH,320x240,Apply Denoising
Arson036_x264,motion_0304.jpg,85,GOOD,2285.92,SHARP,98.33,NORMAL,65.48,GOOD,115.04,SHARP,47.81,HIGH,320x240,Apply Denoising
Arson036_x264,motion_0305.jpg,85,GOOD,1755.84,SHARP,85.7,NORMAL,57.62,GOOD,97.6,SHARP,41.9,HIGH,320x240,Apply Denoising
Arson036_x264,motion_0306.jpg,85,GOOD,1477.66,SHARP,72.84,NORMAL,50.21,GOOD,91.15,SHARP,38.44,HIGH,320x240,Apply Denoising
Arson036_x264,motion_0307.jpg,85,GOOD,1389.44,SHARP,87.8,NORMAL,61.31,GOOD,90.97,SHARP,37.28,HIGH,320x240,Apply Denoising
Arson036_x264,motion_0308.jpg,85,GOOD,1454.55,SHARP,76.03,NORMAL,54.12,GOOD,90.91,SHARP,38.14,HIGH,320x240,Apply Denoising
Arson036_x264,motion_0309.jpg,85,GOOD,695.11,SHARP,143.56,NORMAL,65.24,GOOD,60.49,SHARP,26.36,HIGH,320x240,Apply Denoising
Arson036_x264,motion_0310.jpg,60,MODERATE,560.04,SHARP,186.48,BRIGHT,70.14,GOOD,36.96,SOFT,23.67,HIGH,320x240,"Reduce Exposure, Sharpen Image, Apply Denoising"
Arson036_x264,motion_0311.jpg,60,MODERATE,717.2,SHARP,214.44,BRIGHT,73.01,GOOD,26.9,SOFT,26.78,HIGH,320x240,"Reduce Exposure, Sharpen Image, Apply Denoising"
Arson036_x264,motion_0312.jpg,60,MODERATE,728.15,SHARP,218.23,BRIGHT,73.05,GOOD,25.0,SOFT,26.98,HIGH,320x240,"Reduce Exposure, Sharpen Image, Apply Denoising"
Arson036_x264,motion_0313.jpg,60,MODERATE,798.91,SHARP,205.45,BRIGHT,72.37,GOOD,32.95,SOFT,28.27,HIGH,320x240,"Reduce Exposure, Sharpen Image, Apply Denoising"
Arson036_x264,motion_0314.jpg,60,MODERATE,781.56,SHARP,196.32,BRIGHT,71.92,GOOD,36.66,SOFT,27.96,HIGH,320x240,"Reduce Exposure, Sharpen Image, Apply Denoising"
Arson036_x264,motion_0315.jpg,60,MODERATE,802.27,SHARP,192.75,BRIGHT,72.15,GOOD,38.46,SOFT,28.32,HIGH,320x240,"Reduce Exposure, Sharpen Image, Apply Denoising"
Arson036_x264,motion_0316.jpg,60,MODERATE,880.91,SHARP,194.07,BRIGHT,72.47,GOOD,41.34,SOFT,29.68,HIGH,320x240,"Reduce Exposure, Sharpen Image, Apply Denoising"
Arson036_x264,motion_0317.jpg,60,MODERATE,887.22,SHARP,184.6,BRIGHT,73.07,GOOD,45.39,SOFT,29.79,HIGH,320x240,"Reduce Exposure, Sharpen Image, Apply Denoising"
Arson036_x264,motion_0318.jpg,85,GOOD,1077.9,SHARP,174.49,NORMAL,73.91,GOOD,52.96,SHARP,32.83,HIGH,320x240,Apply Denoising
Arson036_x264,motion_0319.jpg,85,GOOD,1280.72,SHARP,164.54,NORMAL,75.69,GOOD,58.87,SHARP,35.79,HIGH,320x240,Apply Denoising
Arson036_x264,motion_0320.jpg,85,GOOD,1474.09,SHARP,161.82,NORMAL,75.93,GOOD,62.9,SHARP,38.39,HIGH,320x240,Apply Denoising
Arson036_x264,motion_0321.jpg,85,GOOD,1553.81,SHARP,155.32,NORMAL,76.63,GOOD,64.73,SHARP,39.42,HIGH,320x240,Apply Denoising
Arson036_x264,motion_0322.jpg,85,GOOD,1918.6,SHARP,138.38,NORMAL,78.24,GOOD,71.35,SHARP,43.8,HIGH,320x240,Apply Denoising
Arson036_x264,motion_0323.jpg,85,GOOD,1948.9,SHARP,133.16,NORMAL,78.02,GOOD,72.31,SHARP,44.15,HIGH,320x240,Apply Denoising
Arson036_x264,motion_0324.jpg,85,GOOD,2081.51,SHARP,125.16,NORMAL,79.69,GOOD,74.98,SHARP,45.62,HIGH,320x240,Apply Denoising
Arson036_x264,motion_0325.jpg,85,GOOD,2137.64,SHARP,121.81,NORMAL,80.01,GOOD,76.11,SHARP,46.23,HIGH,320x240,Apply Denoising
Arson036_x264,motion_0326.jpg,85,GOOD,2095.77,SHARP,119.24,NORMAL,79.23,GOOD,75.28,SHARP,45.78,HIGH,320x240,Apply Denoising
Arson036_x264,motion_0327.jpg,85,GOOD,1286.56,SHARP,103.61,NORMAL,98.39,GOOD,56.64,SHARP,35.87,HIGH,320x240,Apply Denoising
Arson036_x264,motion_0328.jpg,70,MODERATE,1138.61,SHARP,56.0,DARK,72.43,GOOD,50.59,SHARP,33.74,HIGH,320x240,"Increase Brightness, Apply Denoising"
Arson036_x264,motion_0329.jpg,55,MODERATE,884.36,SHARP,45.37,DARK,64.64,GOOD,45.1,SOFT,29.74,HIGH,320x240,"Increase Brightness, Sharpen Image, Apply Denoising"
Arson040_x264,motion_0000.jpg,85,GOOD,1393.16,SHARP,108.75,NORMAL,75.53,GOOD,56.67,SHARP,37.33,HIGH,320x240,Apply Denoising
Arson040_x264,motion_0001.jpg,85,GOOD,1391.7,SHARP,108.59,NORMAL,75.56,GOOD,56.78,SHARP,37.31,HIGH,320x240,Apply Denoising
Arson040_x264,motion_0002.jpg,85,GOOD,1392.87,SHARP,108.43,NORMAL,75.61,GOOD,56.87,SHARP,37.32,HIGH,320x240,Apply Denoising
Arson040_x264,motion_0003.jpg,85,GOOD,1392.0,SHARP,108.25,NORMAL,75.64,GOOD,56.96,SHARP,37.31,HIGH,320x240,Apply Denoising
Arson040_x264,motion_0004.jpg,85,GOOD,1391.17,SHARP,108.05,NORMAL,75.67,GOOD,57.1,SHARP,37.3,HIGH,320x240,Apply Denoising
Arson040_x264,motion_0005.jpg,85,GOOD,1392.93,SHARP,107.82,NORMAL,75.69,GOOD,57.29,SHARP,37.32,HIGH,320x240,Apply Denoising
Arson040_x264,motion_0006.jpg,85,GOOD,1391.57,SHARP,107.66,NORMAL,75.71,GOOD,57.41,SHARP,37.3,HIGH,320x240,Apply Denoising
Arson040_x264,motion_0007.jpg,85,GOOD,1392.74,SHARP,107.47,NORMAL,75.73,GOOD,57.55,SHARP,37.32,HIGH,320x240,Apply Denoising
Arson040_x264,motion_0008.jpg,85,GOOD,1391.46,SHARP,107.36,NORMAL,75.75,GOOD,57.55,SHARP,37.3,HIGH,320x240,Apply Denoising
Arson040_x264,motion_0009.jpg,85,GOOD,1394.42,SHARP,107.2,NORMAL,75.76,GOOD,57.59,SHARP,37.34,HIGH,320x240,Apply Denoising
Arson040_x264,motion_0010.jpg,85,GOOD,1392.88,SHARP,107.03,NORMAL,75.75,GOOD,57.47,SHARP,37.32,HIGH,320x240,Apply Denoising
Arson040_x264,motion_0011.jpg,85,GOOD,1389.69,SHARP,106.92,NORMAL,75.73,GOOD,57.38,SHARP,37.28,HIGH,320x240,Apply Denoising
Arson040_x264,motion_0012.jpg,85,GOOD,1391.26,SHARP,106.76,NORMAL,75.73,GOOD,57.4,SHARP,37.3,HIGH,320x240,Apply Denoising
Arson040_x264,motion_0013.jpg,85,GOOD,1391.49,SHARP,106.6,NORMAL,75.76,GOOD,57.39,SHARP,37.3,HIGH,320x240,Apply Denoising
Arson040_x264,motion_0014.jpg,85,GOOD,1404.09,SHARP,106.46,NORMAL,75.77,GOOD,57.48,SHARP,37.47,HIGH,320x240,Apply Denoising
Arson040_x264,motion_0015.jpg,85,GOOD,1404.76,SHARP,106.33,NORMAL,75.79,GOOD,57.52,SHARP,37.48,HIGH,320x240,Apply Denoising
Arson040_x264,motion_0016.jpg,85,GOOD,1406.05,SHARP,106.22,NORMAL,75.78,GOOD,57.62,SHARP,37.5,HIGH,320x240,Apply Denoising
Arson040_x264,motion_0017.jpg,85,GOOD,1409.15,SHARP,106.13,NORMAL,75.75,GOOD,57.76,SHARP,37.54,HIGH,320x240,Apply Denoising
Arson040_x264,motion_0018.jpg,85,GOOD,1410.05,SHARP,106.08,NORMAL,75.73,GOOD,57.95,SHARP,37.55,HIGH,320x240,Apply Denoising
Arson040_x264,motion_0019.jpg,85,GOOD,1409.9,SHARP,106.04,NORMAL,75.71,GOOD,58.1,SHARP,37.55,HIGH,320x240,Apply Denoising
Arson040_x264,motion_0020.jpg,85,GOOD,1410.56,SHARP,105.9,NORMAL,75.67,GOOD,58.18,SHARP,37.56,HIGH,320x240,Apply Denoising
Arson040_x264,motion_0021.jpg,85,GOOD,1407.35,SHARP,105.78,NORMAL,75.58,GOOD,58.25,SHARP,37.51,HIGH,320x240,Apply Denoising
Arson040_x264,motion_0022.jpg,85,GOOD,1409.4,SHARP,105.67,NORMAL,75.48,GOOD,58.39,SHARP,37.54,HIGH,320x240,Apply Denoising
Arson040_x264,motion_0023.jpg,85,GOOD,1390.62,SHARP,105.59,NORMAL,75.38,GOOD,58.49,SHARP,37.29,HIGH,320x240,Apply Denoising
Arson040_x264,motion_0024.jpg,85,GOOD,1379.77,SHARP,105.48,NORMAL,75.2,GOOD,58.34,SHARP,37.15,HIGH,320x240,Apply Denoising
Arson040_x264,motion_0025.jpg,85,GOOD,1382.83,SHARP,105.34,NORMAL,75.09,GOOD,58.25,SHARP,37.19,HIGH,320x240,Apply Denoising
Arson040_x264,motion_0026.jpg,85,GOOD,1379.19,SHARP,105.27,NORMAL,74.98,GOOD,58.13,SHARP,37.14,HIGH,320x240,Apply Denoising
Arson040_x264,motion_0027.jpg,85,GOOD,1375.43,SHARP,105.28,NORMAL,74.84,GOOD,57.9,SHARP,37.09,HIGH,320x240,Apply Denoising
Arson040_x264,motion_0028.jpg,85,GOOD,1374.08,SHARP,105.26,NORMAL,74.73,GOOD,57.8,SHARP,37.07,HIGH,320x240,Apply Denoising
Arson040_x264,motion_0029.jpg,85,GOOD,1372.81,SHARP,105.28,NORMAL,74.63,GOOD,57.62,SHARP,37.05,HIGH,320x240,Apply Denoising
Arson040_x264,motion_0030.jpg,85,GOOD,1378.79,SHARP,105.17,NORMAL,74.61,GOOD,57.69,SHARP,37.13,HIGH,320x240,Apply Denoising
Arson040_x264,motion_0031.jpg,85,GOOD,1377.01,SHARP,105.03,NORMAL,74.55,GOOD,57.61,SHARP,37.11,HIGH,320x240,Apply Denoising
Arson040_x264,motion_0032.jpg,85,GOOD,1373.08,SHARP,104.88,NORMAL,74.52,GOOD,57.55,SHARP,37.06,HIGH,320x240,Apply Denoising
Arson040_x264,motion_0033.jpg,85,GOOD,1370.29,SHARP,104.66,NORMAL,74.46,GOOD,57.4,SHARP,37.02,HIGH,320x240,Apply Denoising
Arson040_x264,motion_0034.jpg,85,GOOD,1372.1,SHARP,104.35,NORMAL,74.32,GOOD,57.42,SHARP,37.04,HIGH,320x240,Apply Denoising
Arson040_x264,motion_0035.jpg,85,GOOD,1374.92,SHARP,104.09,NORMAL,74.1,GOOD,57.53,SHARP,37.08,HIGH,320x240,Apply Denoising
Arson040_x264,motion_0036.jpg,85,GOOD,1378.18,SHARP,103.86,NORMAL,73.89,GOOD,57.67,SHARP,37.12,HIGH,320x240,Apply Denoising
Arson040_x264,motion_0037.jpg,85,GOOD,1388.35,SHARP,103.74,NORMAL,73.72,GOOD,57.86,SHARP,37.26,HIGH,320x240,Apply Denoising
Arson040_x264,motion_0038.jpg,85,GOOD,1367.97,SHARP,103.53,NORMAL,73.43,GOOD,57.48,SHARP,36.99,HIGH,320x240,Apply Denoising
Arson040_x264,motion_0039.jpg,85,GOOD,1368.4,SHARP,103.43,NORMAL,73.31,GOOD,57.49,SHARP,36.99,HIGH,320x240,Apply Denoising
Arson040_x264,motion_0040.jpg,85,GOOD,1360.5,SHARP,103.35,NORMAL,73.18,GOOD,57.4,SHARP,36.88,HIGH,320x240,Apply Denoising
Arson040_x264,motion_0041.jpg,85,GOOD,1358.34,SHARP,103.29,NORMAL,73.06,GOOD,57.51,SHARP,36.86,HIGH,320x240,Apply Denoising
Arson040_x264,motion_0042.jpg,85,GOOD,1355.17,SHARP,103.23,NORMAL,72.96,GOOD,57.42,SHARP,36.81,HIGH,320x240,Apply Denoising
Arson040_x264,motion_0043.jpg,85,GOOD,1361.08,SHARP,103.09,NORMAL,72.81,GOOD,57.54,SHARP,36.89,HIGH,320x240,Apply Denoising
Arson040_x264,motion_0044.jpg,85,GOOD,1359.01,SHARP,102.92,NORMAL,72.65,GOOD,57.46,SHARP,36.86,HIGH,320x240,Apply Denoising
Arson040_x264,motion_0045.jpg,85,GOOD,1349.75,SHARP,102.97,NORMAL,72.6,GOOD,57.17,SHARP,36.74,HIGH,320x240,Apply Denoising
Arson040_x264,motion_0046.jpg,85,GOOD,1352.47,SHARP,103.13,NORMAL,72.6,GOOD,57.19,SHARP,36.78,HIGH,320x240,Apply Denoising
Arson040_x264,motion_0047.jpg,85,GOOD,1348.91,SHARP,103.17,NORMAL,72.53,GOOD,57.12,SHARP,36.73,HIGH,320x240,Apply Denoising
Arson040_x264,motion_0048.jpg,85,GOOD,1362.07,SHARP,103.15,NORMAL,72.42,GOOD,57.25,SHARP,36.91,HIGH,320x240,Apply Denoising
Arson040_x264,motion_0049.jpg,85,GOOD,1370.11,SHARP,103.33,NORMAL,72.41,GOOD,57.63,SHARP,37.02,HIGH,320x240,Apply Denoising
Arson040_x264,motion_0050.jpg,85,GOOD,1354.18,SHARP,103.55,NORMAL,72.4,GOOD,57.15,SHARP,36.8,HIGH,320x240,Apply Denoising
Arson040_x264,motion_0051.jpg,85,GOOD,1349.29,SHARP,103.69,NORMAL,72.29,GOOD,56.41,SHARP,36.73,HIGH,320x240,Apply Denoising
Arson040_x264,motion_0052.jpg,85,GOOD,1348.73,SHARP,103.69,NORMAL,72.21,GOOD,56.46,SHARP,36.73,HIGH,320x240,Apply Denoising
Arson040_x264,motion_0053.jpg,85,GOOD,1355.39,SHARP,103.87,NORMAL,72.27,GOOD,56.73,SHARP,36.82,HIGH,320x240,Apply Denoising
Arson040_x264,motion_0054.jpg,85,GOOD,1352.0,SHARP,103.78,NORMAL,72.22,GOOD,56.73,SHARP,36.77,HIGH,320x240,Apply Denoising
Arson040_x264,motion_0055.jpg,85,GOOD,1357.27,SHARP,103.57,NORMAL,72.14,GOOD,56.8,SHARP,36.84,HIGH,320x240,Apply Denoising
Arson040_x264,motion_0056.jpg,85,GOOD,1349.66,SHARP,103.32,NORMAL,72.08,GOOD,56.69,SHARP,36.74,HIGH,320x240,Apply Denoising
Arson040_x264,motion_0057.jpg,85,GOOD,1358.27,SHARP,103.11,NORMAL,72.06,GOOD,56.85,SHARP,36.85,HIGH,320x240,Apply Denoising
Arson040_x264,motion_0058.jpg,85,GOOD,1359.62,SHARP,102.97,NORMAL,72.04,GOOD,56.79,SHARP,36.87,HIGH,320x240,Apply Denoising
Arson040_x264,motion_0059.jpg,85,GOOD,1368.39,SHARP,102.85,NORMAL,72.08,GOOD,56.98,SHARP,36.99,HIGH,320x240,Apply Denoising
Arson040_x264,motion_0060.jpg,85,GOOD,1369.97,SHARP,102.82,NORMAL,72.14,GOOD,57.17,SHARP,37.01,HIGH,320x240,Apply Denoising
Arson040_x264,motion_0061.jpg,85,GOOD,1370.26,SHARP,102.82,NORMAL,72.25,GOOD,57.31,SHARP,37.02,HIGH,320x240,Apply Denoising
Arson040_x264,motion_0062.jpg,85,GOOD,1374.0,SHARP,102.87,NORMAL,72.35,GOOD,57.37,SHARP,37.07,HIGH,320x240,Apply Denoising
Arson040_x264,motion_0063.jpg,85,GOOD,1360.06,SHARP,103.15,NORMAL,72.61,GOOD,56.86,SHARP,36.88,HIGH,320x240,Apply Denoising
Arson040_x264,motion_0064.jpg,85,GOOD,1352.36,SHARP,103.21,NORMAL,72.69,GOOD,56.77,SHARP,36.77,HIGH,320x240,Apply Denoising
Arson040_x264,motion_0065.jpg,85,GOOD,1357.51,SHARP,103.31,NORMAL,72.78,GOOD,56.8,SHARP,36.84,HIGH,320x240,Apply Denoising
Arson040_x264,motion_0066.jpg,85,GOOD,1360.32,SHARP,103.38,NORMAL,72.85,GOOD,56.67,SHARP,36.88,HIGH,320x240,Apply Denoising
Arson040_x264,motion_0067.jpg,85,GOOD,1349.71,SHARP,103.39,NORMAL,72.93,GOOD,56.41,SHARP,36.74,HIGH,320x240,Apply Denoising
Arson040_x264,motion_0068.jpg,85,GOOD,1344.94,SHARP,103.37,NORMAL,73.05,GOOD,56.38,SHARP,36.67,HIGH,320x240,Apply Denoising
Arson040_x264,motion_0069.jpg,85,GOOD,1345.32,SHARP,103.49,NORMAL,73.2,GOOD,56.4,SHARP,36.68,HIGH,320x240,Apply Denoising
Arson040_x264,motion_0070.jpg,85,GOOD,1345.61,SHARP,103.55,NORMAL,73.26,GOOD,56.23,SHARP,36.68,HIGH,320x240,Apply Denoising
Arson040_x264,motion_0071.jpg,85,GOOD,1341.26,SHARP,103.71,NORMAL,73.4,GOOD,56.08,SHARP,36.62,HIGH,320x240,Apply Denoising
Arson040_x264,motion_0072.jpg,85,GOOD,1335.75,SHARP,104.19,NORMAL,73.71,GOOD,55.79,SHARP,36.55,HIGH,320x240,Apply Denoising
Arson040_x264,motion_0073.jpg,85,GOOD,1325.5,SHARP,104.45,NORMAL,73.87,GOOD,55.47,SHARP,36.41,HIGH,320x240,Apply Denoising
Arson040_x264,motion_0074.jpg,85,GOOD,1328.87,SHARP,104.59,NORMAL,73.99,GOOD,55.53,SHARP,36.45,HIGH,320x240,Apply Denoising
Arson040_x264,motion_0075.jpg,85,GOOD,1326.35,SHARP,104.74,NORMAL,74.08,GOOD,55.4,SHARP,36.42,HIGH,320x240,Apply Denoising
Arson040_x264,motion_0076.jpg,85,GOOD,1332.0,SHARP,104.81,NORMAL,74.14,GOOD,55.56,SHARP,36.5,HIGH,320x240,Apply Denoising
Arson040_x264,motion_0077.jpg,85,GOOD,1337.14,SHARP,104.91,NORMAL,74.19,GOOD,55.67,SHARP,36.57,HIGH,320x240,Apply Denoising
Arson040_x264,motion_0078.jpg,85,GOOD,1338.74,SHARP,104.95,NORMAL,74.23,GOOD,55.66,SHARP,36.59,HIGH,320x240,Apply Denoising
Arson040_x264,motion_0079.jpg,85,GOOD,1338.7,SHARP,104.97,NORMAL,74.26,GOOD,55.65,SHARP,36.59,HIGH,320x240,Apply Denoising
Arson040_x264,motion_0080.jpg,85,GOOD,1330.4,SHARP,105.02,NORMAL,74.29,GOOD,55.49,SHARP,36.47,HIGH,320x240,Apply Denoising
Arson040_x264,motion_0081.jpg,85,GOOD,1330.42,SHARP,105.01,NORMAL,74.31,GOOD,55.52,SHARP,36.47,HIGH,320x240,Apply Denoising
Arson040_x264,motion_0082.jpg,85,GOOD,1334.65,SHARP,105.02,NORMAL,74.34,GOOD,55.67,SHARP,36.53,HIGH,320x240,Apply Denoising
Arson040_x264,motion_0083.jpg,85,GOOD,1334.39,SHARP,105.18,NORMAL,74.6,GOOD,55.64,SHARP,36.53,HIGH,320x240,Apply Denoising
Arson040_x264,motion_0084.jpg,85,GOOD,1355.64,SHARP,105.16,NORMAL,74.79,GOOD,56.21,SHARP,36.82,HIGH,320x240,Apply Denoising
Arson040_x264,motion_0085.jpg,85,GOOD,1359.02,SHARP,105.04,NORMAL,74.87,GOOD,56.53,SHARP,36.86,HIGH,320x240,Apply Denoising
Arson040_x264,motion_0086.jpg,85,GOOD,1353.48,SHARP,105.11,NORMAL,74.88,GOOD,56.53,SHARP,36.79,HIGH,320x240,Apply Denoising
Arson040_x264,motion_0087.jpg,85,GOOD,1353.9,SHARP,105.24,NORMAL,74.94,GOOD,56.72,SHARP,36.8,HIGH,320x240,Apply Denoising
Arson040_x264,motion_0088.jpg,85,GOOD,1390.39,SHARP,105.6,NORMAL,75.2,GOOD,57.31,SHARP,37.29,HIGH,320x240,Apply Denoising
Arson040_x264,motion_0089.jpg,85,GOOD,1393.01,SHARP,105.73,NORMAL,75.24,GOOD,57.47,SHARP,37.32,HIGH,320x240,Apply Denoising
Arson040_x264,motion_0090.jpg,85,GOOD,1399.8,SHARP,105.88,NORMAL,75.31,GOOD,57.74,SHARP,37.41,HIGH,320x240,Apply Denoising
Arson040_x264,motion_0091.jpg,85,GOOD,1400.14,SHARP,105.89,NORMAL,75.28,GOOD,57.73,SHARP,37.42,HIGH,320x240,Apply Denoising
Arson040_x264,motion_0092.jpg,85,GOOD,1396.8,SHARP,105.9,NORMAL,75.26,GOOD,57.73,SHARP,37.37,HIGH,320x240,Apply Denoising
Arson040_x264,motion_0093.jpg,85,GOOD,1398.42,SHARP,105.93,NORMAL,75.21,GOOD,57.61,SHARP,37.4,HIGH,320x240,Apply Denoising
Arson040_x264,motion_0094.jpg,85,GOOD,1386.84,SHARP,105.95,NORMAL,75.17,GOOD,57.28,SHARP,37.24,HIGH,320x240,Apply Denoising
Arson040_x264,motion_0095.jpg,85,GOOD,1386.43,SHARP,105.95,NORMAL,75.14,GOOD,57.27,SHARP,37.23,HIGH,320x240,Apply Denoising
Arson040_x264,motion_0096.jpg,85,GOOD,1382.52,SHARP,105.97,NORMAL,75.11,GOOD,57.22,SHARP,37.18,HIGH,320x240,Apply Denoising
Arson040_x264,motion_0097.jpg,85,GOOD,1392.25,SHARP,105.96,NORMAL,75.09,GOOD,57.39,SHARP,37.31,HIGH,320x240,Apply Denoising
Arson040_x264,motion_0098.jpg,85,GOOD,1390.18,SHARP,105.94,NORMAL,75.1,GOOD,57.41,SHARP,37.29,HIGH,320x240,Apply Denoising
Arson040_x264,motion_0099.jpg,85,GOOD,1392.26,SHARP,105.95,NORMAL,75.09,GOOD,57.43,SHARP,37.31,HIGH,320x240,Apply Denoising
Arson040_x264,motion_0100.jpg,85,GOOD,1390.06,SHARP,105.97,NORMAL,75.11,GOOD,57.35,SHARP,37.28,HIGH,320x240,Apply Denoising
Arson040_x264,motion_0101.jpg,85,GOOD,1391.46,SHARP,105.97,NORMAL,75.12,GOOD,57.43,SHARP,37.3,HIGH,320x240,Apply Denoising
Arson040_x264,motion_0102.jpg,85,GOOD,1384.53,SHARP,106.04,NORMAL,75.12,GOOD,57.3,SHARP,37.21,HIGH,320x240,Apply Denoising
Arson040_x264,motion_0103.jpg,85,GOOD,1384.17,SHARP,106.09,NORMAL,75.13,GOOD,57.33,SHARP,37.2,HIGH,320x240,Apply Denoising
Arson040_x264,motion_0104.jpg,85,GOOD,1379.14,SHARP,106.18,NORMAL,75.14,GOOD,57.29,SHARP,37.14,HIGH,320x240,Apply Denoising
Arson040_x264,motion_0105.jpg,85,GOOD,1388.18,SHARP,106.24,NORMAL,75.15,GOOD,57.47,SHARP,37.26,HIGH,320x240,Apply Denoising
Arson040_x264,motion_0106.jpg,85,GOOD,1386.91,SHARP,106.31,NORMAL,75.16,GOOD,57.47,SHARP,37.24,HIGH,320x240,Apply Denoising
Arson040_x264,motion_0107.jpg,85,GOOD,1385.49,SHARP,106.36,NORMAL,75.2,GOOD,57.53,SHARP,37.22,HIGH,320x240,Apply Denoising
Arson040_x264,motion_0108.jpg,85,GOOD,1392.67,SHARP,106.44,NORMAL,75.25,GOOD,57.7,SHARP,37.32,HIGH,320x240,Apply Denoising
Arson040_x264,motion_0109.jpg,85,GOOD,1392.66,SHARP,106.51,NORMAL,75.29,GOOD,57.8,SHARP,37.32,HIGH,320x240,Apply Denoising
Arson040_x264,motion_0110.jpg,85,GOOD,1389.65,SHARP,106.51,NORMAL,75.3,GOOD,57.67,SHARP,37.28,HIGH,320x240,Apply Denoising
Arson040_x264,motion_0111.jpg,85,GOOD,1364.16,SHARP,106.51,NORMAL,75.27,GOOD,57.64,SHARP,36.93,HIGH,320x240,Apply Denoising
Arson040_x264,motion_0112.jpg,85,GOOD,1366.47,SHARP,106.5,NORMAL,75.26,GOOD,57.77,SHARP,36.97,HIGH,320x240,Apply Denoising
Arson040_x264,motion_0113.jpg,85,GOOD,1395.06,SHARP,106.63,NORMAL,75.45,GOOD,58.13,SHARP,37.35,HIGH,320x240,Apply Denoising
Arson040_x264,motion_0114.jpg,85,GOOD,1396.23,SHARP,106.68,NORMAL,75.43,GOOD,58.11,SHARP,37.37,HIGH,320x240,Apply Denoising
Arson040_x264,motion_0115.jpg,85,GOOD,1396.75,SHARP,106.71,NORMAL,75.41,GOOD,58.13,SHARP,37.37,HIGH,320x240,Apply Denoising
Arson040_x264,motion_0116.jpg,85,GOOD,1399.17,SHARP,106.76,NORMAL,75.36,GOOD,58.07,SHARP,37.41,HIGH,320x240,Apply Denoising
Arson040_x264,motion_0117.jpg,85,GOOD,1397.21,SHARP,106.77,NORMAL,75.33,GOOD,58.1,SHARP,37.38,HIGH,320x240,Apply Denoising
Arson040_x264,motion_0118.jpg,85,GOOD,1399.21,SHARP,106.73,NORMAL,75.31,GOOD,58.06,SHARP,37.41,HIGH,320x240,Apply Denoising
Arson040_x264,motion_0119.jpg,85,GOOD,1401.92,SHARP,106.75,NORMAL,75.28,GOOD,57.9,SHARP,37.44,HIGH,320x240,Apply Denoising
Arson040_x264,motion_0120.jpg,85,GOOD,1411.89,SHARP,106.79,NORMAL,75.27,GOOD,57.99,SHARP,37.58,HIGH,320x240,Apply Denoising
Arson040_x264,motion_0121.jpg,85,GOOD,1440.34,SHARP,106.57,NORMAL,75.38,GOOD,58.03,SHARP,37.95,HIGH,320x240,Apply Denoising
Arson040_x264,motion_0122.jpg,85,GOOD,1438.11,SHARP,106.48,NORMAL,75.39,GOOD,57.96,SHARP,37.92,HIGH,320x240,Apply Denoising
Arson040_x264,motion_0123.jpg,85,GOOD,1433.9,SHARP,106.49,NORMAL,75.39,GOOD,57.95,SHARP,37.87,HIGH,320x240,Apply Denoising
Arson040_x264,motion_0124.jpg,85,GOOD,1432.93,SHARP,106.47,NORMAL,75.39,GOOD,57.96,SHARP,37.85,HIGH,320x240,Apply Denoising
Arson040_x264,motion_0125.jpg,85,GOOD,1434.4,SHARP,106.47,NORMAL,75.38,GOOD,58.01,SHARP,37.87,HIGH,320x240,Apply Denoising
Arson040_x264,motion_0126.jpg,85,GOOD,1447.79,SHARP,106.42,NORMAL,75.4,GOOD,58.17,SHARP,38.05,HIGH,320x240,Apply Denoising
Arson040_x264,motion_0127.jpg,85,GOOD,1448.62,SHARP,106.41,NORMAL,75.39,GOOD,58.21,SHARP,38.06,HIGH,320x240,Apply Denoising
Arson040_x264,motion_0128.jpg,85,GOOD,1448.76,SHARP,106.38,NORMAL,75.39,GOOD,58.2,SHARP,38.06,HIGH,320x240,Apply Denoising
Arson040_x264,motion_0129.jpg,85,GOOD,1449.09,SHARP,106.43,NORMAL,75.45,GOOD,58.3,SHARP,38.07,HIGH,320x240,Apply Denoising
Arson040_x264,motion_0130.jpg,85,GOOD,1444.11,SHARP,106.45,NORMAL,75.45,GOOD,58.26,SHARP,38.0,HIGH,320x240,Apply Denoising
Arson040_x264,motion_0131.jpg,85,GOOD,1439.84,SHARP,106.44,NORMAL,75.43,GOOD,58.22,SHARP,37.95,HIGH,320x240,Apply Denoising
Arson040_x264,motion_0132.jpg,85,GOOD,1433.25,SHARP,106.44,NORMAL,75.42,GOOD,58.22,SHARP,37.86,HIGH,320x240,Apply Denoising
Arson040_x264,motion_0133.jpg,85,GOOD,1437.29,SHARP,106.4,NORMAL,75.42,GOOD,58.33,SHARP,37.91,HIGH,320x240,Apply Denoising
Arson040_x264,motion_0134.jpg,85,GOOD,1429.88,SHARP,106.43,NORMAL,75.39,GOOD,58.26,SHARP,37.81,HIGH,320x240,Apply Denoising
Arson040_x264,motion_0135.jpg,85,GOOD,1429.15,SHARP,106.41,NORMAL,75.38,GOOD,58.25,SHARP,37.8,HIGH,320x240,Apply Denoising
Arson040_x264,motion_0136.jpg,85,GOOD,1426.12,SHARP,106.41,NORMAL,75.36,GOOD,58.24,SHARP,37.76,HIGH,320x240,Apply Denoising
Arson040_x264,motion_0137.jpg,85,GOOD,1420.49,SHARP,106.31,NORMAL,75.31,GOOD,58.22,SHARP,37.69,HIGH,320x240,Apply Denoising
Arson040_x264,motion_0138.jpg,85,GOOD,1465.22,SHARP,105.49,NORMAL,75.56,GOOD,58.48,SHARP,38.28,HIGH,320x240,Apply Denoising
Arson040_x264,motion_0139.jpg,85,GOOD,1360.69,SHARP,105.49,NORMAL,74.86,GOOD,55.68,SHARP,36.89,HIGH,320x240,Apply Denoising
Arson040_x264,motion_0140.jpg,85,GOOD,1387.41,SHARP,105.31,NORMAL,74.87,GOOD,56.71,SHARP,37.25,HIGH,320x240,Apply Denoising
Arson040_x264,motion_0141.jpg,85,GOOD,1396.44,SHARP,105.3,NORMAL,74.89,GOOD,56.93,SHARP,37.37,HIGH,320x240,Apply Denoising
Arson040_x264,motion_0142.jpg,85,GOOD,1392.37,SHARP,105.3,NORMAL,74.9,GOOD,56.84,SHARP,37.31,HIGH,320x240,Apply Denoising
Arson040_x264,motion_0143.jpg,85,GOOD,1393.91,SHARP,105.29,NORMAL,74.91,GOOD,56.89,SHARP,37.34,HIGH,320x240,Apply Denoising
Arson040_x264,motion_0144.jpg,85,GOOD,1386.65,SHARP,105.3,NORMAL,74.92,GOOD,56.77,SHARP,37.24,HIGH,320x240,Apply Denoising
Arson040_x264,motion_0145.jpg,85,GOOD,1394.36,SHARP,105.24,NORMAL,74.95,GOOD,56.78,SHARP,37.34,HIGH,320x240,Apply Denoising
Arson040_x264,motion_0146.jpg,85,GOOD,1406.78,SHARP,105.3,NORMAL,75.01,GOOD,56.92,SHARP,37.51,HIGH,320x240,Apply Denoising
Arson040_x264,motion_0147.jpg,85,GOOD,1401.0,SHARP,105.29,NORMAL,75.03,GOOD,56.91,SHARP,37.43,HIGH,320x240,Apply Denoising
Arson040_x264,motion_0148.jpg,85,GOOD,1402.12,SHARP,105.3,NORMAL,75.05,GOOD,56.95,SHARP,37.44,HIGH,320x240,Apply Denoising
Arson040_x264,motion_0149.jpg,85,GOOD,1398.17,SHARP,105.32,NORMAL,75.05,GOOD,56.9,SHARP,37.39,HIGH,320x240,Apply Denoising
Arson040_x264,motion_0150.jpg,85,GOOD,1400.92,SHARP,105.3,NORMAL,75.07,GOOD,57.0,SHARP,37.43,HIGH,320x240,Apply Denoising
Arson040_x264,motion_0151.jpg,85,GOOD,1400.81,SHARP,105.31,NORMAL,75.09,GOOD,57.1,SHARP,37.43,HIGH,320x240,Apply Denoising
Arson040_x264,motion_0152.jpg,85,GOOD,1401.86,SHARP,105.33,NORMAL,75.1,GOOD,57.22,SHARP,37.44,HIGH,320x240,Apply Denoising
Arson040_x264,motion_0153.jpg,85,GOOD,1398.66,SHARP,105.4,NORMAL,75.11,GOOD,57.27,SHARP,37.4,HIGH,320x240,Apply Denoising
Arson040_x264,motion_0154.jpg,85,GOOD,1403.71,SHARP,105.45,NORMAL,75.14,GOOD,57.5,SHARP,37.47,HIGH,320x240,Apply Denoising
Arson040_x264,motion_0155.jpg,85,GOOD,1409.15,SHARP,105.5,NORMAL,75.18,GOOD,57.68,SHARP,37.54,HIGH,320x240,Apply Denoising
Arson040_x264,motion_0156.jpg,85,GOOD,1416.27,SHARP,105.52,NORMAL,75.21,GOOD,57.83,SHARP,37.63,HIGH,320x240,Apply Denoising
Arson040_x264,motion_0157.jpg,85,GOOD,1419.84,SHARP,105.57,NORMAL,75.24,GOOD,57.99,SHARP,37.68,HIGH,320x240,Apply Denoising
Arson040_x264,motion_0158.jpg,85,GOOD,1418.8,SHARP,105.64,NORMAL,75.25,GOOD,58.07,SHARP,37.67,HIGH,320x240,Apply Denoising
Arson040_x264,motion_0159.jpg,85,GOOD,1425.02,SHARP,105.71,NORMAL,75.25,GOOD,58.12,SHARP,37.75,HIGH,320x240,Apply Denoising
Arson040_x264,motion_0160.jpg,85,GOOD,1421.41,SHARP,105.76,NORMAL,75.28,GOOD,58.16,SHARP,37.7,HIGH,320x240,Apply Denoising
Arson040_x264,motion_0161.jpg,85,GOOD,1430.65,SHARP,105.77,NORMAL,75.28,GOOD,58.27,SHARP,37.82,HIGH,320x240,Apply Denoising
Arson040_x264,motion_0162.jpg,85,GOOD,1426.45,SHARP,105.9,NORMAL,75.31,GOOD,58.35,SHARP,37.77,HIGH,320x240,Apply Denoising
Arson040_x264,motion_0163.jpg,85,GOOD,1427.67,SHARP,105.91,NORMAL,75.33,GOOD,58.4,SHARP,37.78,HIGH,320x240,Apply Denoising
Arson040_x264,motion_0164.jpg,85,GOOD,1413.16,SHARP,105.92,NORMAL,75.34,GOOD,58.47,SHARP,37.59,HIGH,320x240,Apply Denoising
Arson040_x264,motion_0165.jpg,85,GOOD,1436.96,SHARP,106.06,NORMAL,75.37,GOOD,58.82,SHARP,37.91,HIGH,320x240,Apply Denoising
Arson040_x264,motion_0166.jpg,85,GOOD,1451.07,SHARP,106.27,NORMAL,75.44,GOOD,59.11,SHARP,38.09,HIGH,320x240,Apply Denoising
Arson040_x264,motion_0167.jpg,85,GOOD,1447.28,SHARP,106.28,NORMAL,75.46,GOOD,59.13,SHARP,38.04,HIGH,320x240,Apply Denoising
Arson040_x264,motion_0168.jpg,85,GOOD,1449.51,SHARP,106.35,NORMAL,75.39,GOOD,59.21,SHARP,38.07,HIGH,320x240,Apply Denoising
Arson040_x264,motion_0169.jpg,85,GOOD,1463.65,SHARP,106.55,NORMAL,75.38,GOOD,59.95,SHARP,38.26,HIGH,320x240,Apply Denoising
Arson040_x264,motion_0170.jpg,85,GOOD,1463.67,SHARP,106.53,NORMAL,75.38,GOOD,59.92,SHARP,38.26,HIGH,320x240,Apply Denoising
Arson040_x264,motion_0171.jpg,85,GOOD,1461.72,SHARP,106.5,NORMAL,75.38,GOOD,59.96,SHARP,38.23,HIGH,320x240,Apply Denoising
Arson040_x264,motion_0172.jpg,85,GOOD,1464.1,SHARP,106.46,NORMAL,75.35,GOOD,59.88,SHARP,38.26,HIGH,320x240,Apply Denoising
Arson040_x264,motion_0173.jpg,85,GOOD,1465.04,SHARP,106.44,NORMAL,75.36,GOOD,59.83,SHARP,38.28,HIGH,320x240,Apply Denoising
Arson040_x264,motion_0174.jpg,85,GOOD,1466.29,SHARP,106.45,NORMAL,75.34,GOOD,59.65,SHARP,38.29,HIGH,320x240,Apply Denoising
Arson040_x264,motion_0175.jpg,85,GOOD,1460.05,SHARP,106.57,NORMAL,75.51,GOOD,59.28,SHARP,38.21,HIGH,320x240,Apply Denoising
Arson040_x264,motion_0176.jpg,85,GOOD,1488.8,SHARP,106.84,NORMAL,75.68,GOOD,58.93,SHARP,38.58,HIGH,320x240,Apply Denoising
Arson040_x264,motion_0177.jpg,85,GOOD,1485.14,SHARP,106.72,NORMAL,75.77,GOOD,58.88,SHARP,38.54,HIGH,320x240,Apply Denoising
Arson040_x264,motion_0178.jpg,85,GOOD,1491.67,SHARP,106.7,NORMAL,75.87,GOOD,59.28,SHARP,38.62,HIGH,320x240,Apply Denoising
Arson040_x264,motion_0179.jpg,85,GOOD,1465.03,SHARP,91.91,NORMAL,74.13,GOOD,76.68,SHARP,38.28,HIGH,320x240,Apply Denoising
Arson040_x264,motion_0180.jpg,85,GOOD,1609.59,SHARP,91.84,NORMAL,74.03,GOOD,78.99,SHARP,40.12,HIGH,320x240,Apply Denoising
Arson040_x264,motion_0181.jpg,85,GOOD,1604.6,SHARP,91.4,NORMAL,73.91,GOOD,78.82,SHARP,40.06,HIGH,320x240,Apply Denoising
Arson040_x264,motion_0182.jpg,85,GOOD,1602.06,SHARP,91.67,NORMAL,73.99,GOOD,78.93,SHARP,40.03,HIGH,320x240,Apply Denoising
Arson040_x264,motion_0183.jpg,85,GOOD,1614.75,SHARP,92.17,NORMAL,74.24,GOOD,79.42,SHARP,40.18,HIGH,320x240,Apply Denoising
Arson040_x264,motion_0184.jpg,85,GOOD,1498.9,SHARP,91.36,NORMAL,73.55,GOOD,76.28,SHARP,38.72,HIGH,320x240,Apply Denoising
Arson040_x264,motion_0185.jpg,85,GOOD,1506.81,SHARP,90.79,NORMAL,73.35,GOOD,76.59,SHARP,38.82,HIGH,320x240,Apply Denoising
Arson040_x264,motion_0186.jpg,85,GOOD,1192.23,SHARP,93.79,NORMAL,75.38,GOOD,70.35,SHARP,34.53,HIGH,320x240,Apply Denoising
Arson040_x264,motion_0187.jpg,85,GOOD,1512.67,SHARP,91.21,NORMAL,73.7,GOOD,76.86,SHARP,38.89,HIGH,320x240,Apply Denoising
Arson040_x264,motion_0188.jpg,85,GOOD,1498.53,SHARP,90.94,NORMAL,73.53,GOOD,76.54,SHARP,38.71,HIGH,320x240,Apply Denoising
Arson040_x264,motion_0189.jpg,85,GOOD,1444.11,SHARP,90.76,NORMAL,73.1,GOOD,75.27,SHARP,38.0,HIGH,320x240,Apply Denoising
Arson040_x264,motion_0190.jpg,70,MODERATE,797.35,SHARP,117.71,NORMAL,83.96,GOOD,36.44,SOFT,28.24,HIGH,320x240,"Sharpen Image, Apply Denoising"
Arson040_x264,motion_0191.jpg,70,MODERATE,796.14,SHARP,115.75,NORMAL,83.18,GOOD,36.29,SOFT,28.22,HIGH,320x240,"Sharpen Image, Apply Denoising"
Arson040_x264,motion_0192.jpg,70,MODERATE,790.82,SHARP,110.2,NORMAL,81.52,GOOD,35.33,SOFT,28.12,HIGH,320x240,"Sharpen Image, Apply Denoising"
Arson040_x264,motion_0193.jpg,70,MODERATE,789.82,SHARP,109.71,NORMAL,81.29,GOOD,35.31,SOFT,28.1,HIGH,320x240,"Sharpen Image, Apply Denoising"
Arson040_x264,motion_0194.jpg,70,MODERATE,792.2,SHARP,109.04,NORMAL,81.69,GOOD,35.28,SOFT,28.15,HIGH,320x240,"Sharpen Image, Apply Denoising"
Arson040_x264,motion_0195.jpg,70,MODERATE,791.75,SHARP,109.73,NORMAL,82.28,GOOD,34.67,SOFT,28.14,HIGH,320x240,"Sharpen Image, Apply Denoising"
Arson040_x264,motion_0196.jpg,70,MODERATE,792.39,SHARP,109.85,NORMAL,82.4,GOOD,34.54,SOFT,28.15,HIGH,320x240,"Sharpen Image, Apply Denoising"
Arson040_x264,motion_0197.jpg,70,MODERATE,797.33,SHARP,109.93,NORMAL,82.75,GOOD,34.44,SOFT,28.24,HIGH,320x240,"Sharpen Image, Apply Denoising"
Arson040_x264,motion_0198.jpg,70,MODERATE,793.76,SHARP,108.65,NORMAL,82.74,GOOD,34.1,SOFT,28.17,HIGH,320x240,"Sharpen Image, Apply Denoising"
Arson040_x264,motion_0199.jpg,70,MODERATE,789.99,SHARP,103.08,NORMAL,81.18,GOOD,32.99,SOFT,28.11,HIGH,320x240,"Sharpen Image, Apply Denoising"
Arson040_x264,motion_0200.jpg,70,MODERATE,785.13,SHARP,103.35,NORMAL,81.74,GOOD,32.69,SOFT,28.02,HIGH,320x240,"Sharpen Image, Apply Denoising"
Arson040_x264,motion_0201.jpg,70,MODERATE,781.39,SHARP,102.19,NORMAL,82.42,GOOD,32.02,SOFT,27.95,HIGH,320x240,"Sharpen Image, Apply Denoising"
Arson040_x264,motion_0202.jpg,70,MODERATE,790.16,SHARP,99.59,NORMAL,82.41,GOOD,32.05,SOFT,28.11,HIGH,320x240,"Sharpen Image, Apply Denoising"
Arson040_x264,motion_0203.jpg,70,MODERATE,753.1,SHARP,99.57,NORMAL,83.1,GOOD,31.34,SOFT,27.44,HIGH,320x240,"Sharpen Image, Apply Denoising"
Arson040_x264,motion_0204.jpg,70,MODERATE,750.36,SHARP,99.8,NORMAL,83.57,GOOD,31.26,SOFT,27.39,HIGH,320x240,"Sharpen Image, Apply Denoising"
Arson040_x264,motion_0205.jpg,70,MODERATE,738.85,SHARP,93.74,NORMAL,82.57,GOOD,30.61,SOFT,27.18,HIGH,320x240,"Sharpen Image, Apply Denoising"
Arson040_x264,motion_0206.jpg,70,MODERATE,739.35,SHARP,91.49,NORMAL,81.95,GOOD,30.84,SOFT,27.19,HIGH,320x240,"Sharpen Image, Apply Denoising"
Arson040_x264,motion_0207.jpg,70,MODERATE,717.1,SHARP,85.95,NORMAL,80.55,GOOD,29.82,SOFT,26.78,HIGH,320x240,"Sharpen Image, Apply Denoising"
Arson040_x264,motion_0208.jpg,70,MODERATE,725.66,SHARP,85.64,NORMAL,80.18,GOOD,30.05,SOFT,26.94,HIGH,320x240,"Sharpen Image, Apply Denoising"
Arson040_x264,motion_0209.jpg,70,MODERATE,730.55,SHARP,83.83,NORMAL,78.77,GOOD,30.27,SOFT,27.03,HIGH,320x240,"Sharpen Image, Apply Denoising"
Arson040_x264,motion_0210.jpg,70,MODERATE,751.12,SHARP,81.53,NORMAL,77.5,GOOD,30.68,SOFT,27.41,HIGH,320x240,"Sharpen Image, Apply Denoising"
Arson040_x264,motion_0211.jpg,70,MODERATE,753.05,SHARP,81.56,NORMAL,77.45,GOOD,30.71,SOFT,27.44,HIGH,320x240,"Sharpen Image, Apply Denoising"
Arson040_x264,motion_0212.jpg,70,MODERATE,790.7,SHARP,78.75,NORMAL,76.71,GOOD,31.39,SOFT,28.12,HIGH,320x240,"Sharpen Image, Apply Denoising"
Arson040_x264,motion_0213.jpg,70,MODERATE,813.74,SHARP,75.28,NORMAL,75.58,GOOD,32.68,SOFT,28.53,HIGH,320x240,"Sharpen Image, Apply Denoising"
Arson040_x264,motion_0214.jpg,70,MODERATE,850.59,SHARP,74.4,NORMAL,75.86,GOOD,33.1,SOFT,29.16,HIGH,320x240,"Sharpen Image, Apply Denoising"
Arson040_x264,motion_0215.jpg,70,MODERATE,848.89,SHARP,73.88,NORMAL,75.74,GOOD,33.52,SOFT,29.14,HIGH,320x240,"Sharpen Image, Apply Denoising"
Arson040_x264,motion_0216.jpg,70,MODERATE,854.06,SHARP,72.8,NORMAL,75.26,GOOD,33.81,SOFT,29.22,HIGH,320x240,"Sharpen Image, Apply Denoising"
Arson040_x264,motion_0217.jpg,70,MODERATE,854.64,SHARP,72.28,NORMAL,75.0,GOOD,34.0,SOFT,29.23,HIGH,320x240,"Sharpen Image, Apply Denoising"
Arson040_x264,motion_0218.jpg,70,MODERATE,857.78,SHARP,72.1,NORMAL,74.9,GOOD,34.12,SOFT,29.29,HIGH,320x240,"Sharpen Image, Apply Denoising"
Arson040_x264,motion_0219.jpg,70,MODERATE,857.49,SHARP,72.19,NORMAL,75.05,GOOD,34.08,SOFT,29.28,HIGH,320x240,"Sharpen Image, Apply Denoising"
Arson040_x264,motion_0220.jpg,70,MODERATE,852.51,SHARP,72.16,NORMAL,75.56,GOOD,33.4,SOFT,29.2,HIGH,320x240,"Sharpen Image, Apply Denoising"
Arson040_x264,motion_0221.jpg,70,MODERATE,860.45,SHARP,72.06,NORMAL,75.9,GOOD,33.19,SOFT,29.33,HIGH,320x240,"Sharpen Image, Apply Denoising"
Arson040_x264,motion_0222.jpg,70,MODERATE,858.12,SHARP,72.2,NORMAL,76.12,GOOD,33.09,SOFT,29.29,HIGH,320x240,"Sharpen Image, Apply Denoising"
Arson040_x264,motion_0223.jpg,70,MODERATE,866.47,SHARP,72.17,NORMAL,76.58,GOOD,32.26,SOFT,29.44,HIGH,320x240,"Sharpen Image, Apply Denoising"
Arson040_x264,motion_0224.jpg,70,MODERATE,860.94,SHARP,72.38,NORMAL,76.76,GOOD,32.1,SOFT,29.34,HIGH,320x240,"Sharpen Image, Apply Denoising"
Arson040_x264,motion_0225.jpg,70,MODERATE,857.99,SHARP,72.61,NORMAL,77.03,GOOD,32.0,SOFT,29.29,HIGH,320x240,"Sharpen Image, Apply Denoising"
Arson040_x264,motion_0226.jpg,70,MODERATE,855.83,SHARP,72.77,NORMAL,77.29,GOOD,31.98,SOFT,29.25,HIGH,320x240,"Sharpen Image, Apply Denoising"
Arson040_x264,motion_0227.jpg,70,MODERATE,860.42,SHARP,73.23,NORMAL,77.72,GOOD,31.94,SOFT,29.33,HIGH,320x240,"Sharpen Image, Apply Denoising"
Arson040_x264,motion_0228.jpg,70,MODERATE,854.53,SHARP,74.79,NORMAL,78.36,GOOD,31.74,SOFT,29.23,HIGH,320x240,"Sharpen Image, Apply Denoising"
Arson040_x264,motion_0229.jpg,70,MODERATE,856.56,SHARP,76.26,NORMAL,79.04,GOOD,31.65,SOFT,29.27,HIGH,320x240,"Sharpen Image, Apply Denoising"
Arson040_x264,motion_0230.jpg,70,MODERATE,851.31,SHARP,76.45,NORMAL,79.18,GOOD,31.34,SOFT,29.18,HIGH,320x240,"Sharpen Image, Apply Denoising"
Arson040_x264,motion_0231.jpg,70,MODERATE,850.89,SHARP,76.41,NORMAL,79.12,GOOD,31.31,SOFT,29.17,HIGH,320x240,"Sharpen Image, Apply Denoising"
Arson040_x264,motion_0232.jpg,70,MODERATE,849.07,SHARP,76.22,NORMAL,79.27,GOOD,31.31,SOFT,29.14,HIGH,320x240,"Sharpen Image, Apply Denoising"
Arson040_x264,motion_0233.jpg,70,MODERATE,852.54,SHARP,76.62,NORMAL,79.66,GOOD,31.24,SOFT,29.2,HIGH,320x240,"Sharpen Image, Apply Denoising"
Arson040_x264,motion_0234.jpg,70,MODERATE,850.82,SHARP,76.86,NORMAL,79.89,GOOD,31.36,SOFT,29.17,HIGH,320x240,"Sharpen Image, Apply Denoising"
Arson040_x264,motion_0235.jpg,70,MODERATE,847.71,SHARP,75.43,NORMAL,79.36,GOOD,31.21,SOFT,29.12,HIGH,320x240,"Sharpen Image, Apply Denoising"
Arson040_x264,motion_0236.jpg,70,MODERATE,845.33,SHARP,73.45,NORMAL,78.49,GOOD,30.87,SOFT,29.07,HIGH,320x240,"Sharpen Image, Apply Denoising"
Arson040_x264,motion_0237.jpg,70,MODERATE,849.15,SHARP,72.57,NORMAL,77.35,GOOD,30.93,SOFT,29.14,HIGH,320x240,"Sharpen Image, Apply Denoising"
Arson040_x264,motion_0238.jpg,70,MODERATE,845.15,SHARP,72.61,NORMAL,77.47,GOOD,30.69,SOFT,29.07,HIGH,320x240,"Sharpen Image, Apply Denoising"
Arson040_x264,motion_0239.jpg,70,MODERATE,844.51,SHARP,72.89,NORMAL,77.97,GOOD,30.64,SOFT,29.06,HIGH,320x240,"Sharpen Image, Apply Denoising"
Arson040_x264,motion_0240.jpg,70,MODERATE,829.1,SHARP,72.83,NORMAL,78.01,GOOD,30.72,SOFT,28.79,HIGH,320x240,"Sharpen Image, Apply Denoising"
Arson040_x264,motion_0241.jpg,70,MODERATE,822.89,SHARP,70.88,NORMAL,78.09,GOOD,29.68,SOFT,28.69,HIGH,320x240,"Sharpen Image, Apply Denoising"
Arson040_x264,motion_0242.jpg,70,MODERATE,822.81,SHARP,71.1,NORMAL,78.44,GOOD,29.61,SOFT,28.68,HIGH,320x240,"Sharpen Image, Apply Denoising"
Arson040_x264,motion_0243.jpg,70,MODERATE,830.63,SHARP,70.34,NORMAL,78.01,GOOD,29.14,SOFT,28.82,HIGH,320x240,"Sharpen Image, Apply Denoising"
Arson040_x264,motion_0244.jpg,70,MODERATE,830.11,SHARP,70.26,NORMAL,78.03,GOOD,29.29,SOFT,28.81,HIGH,320x240,"Sharpen Image, Apply Denoising"
Arson040_x264,motion_0245.jpg,70,MODERATE,833.04,SHARP,70.17,NORMAL,77.96,GOOD,29.35,SOFT,28.86,HIGH,320x240,"Sharpen Image, Apply Denoising"
Arson040_x264,motion_0246.jpg,70,MODERATE,831.95,SHARP,70.06,NORMAL,77.92,GOOD,29.27,SOFT,28.84,HIGH,320x240,"Sharpen Image, Apply Denoising"
Arson040_x264,motion_0247.jpg,55,MODERATE,829.59,SHARP,67.61,DARK,77.9,GOOD,29.17,SOFT,28.8,HIGH,320x240,"Increase Brightness, Sharpen Image, Apply Denoising"
Arson040_x264,motion_0248.jpg,55,MODERATE,824.91,SHARP,67.76,DARK,77.91,GOOD,29.02,SOFT,28.72,HIGH,320x240,"Increase Brightness, Sharpen Image, Apply Denoising"
Arson040_x264,motion_0249.jpg,55,MODERATE,822.83,SHARP,68.29,DARK,78.47,GOOD,28.95,SOFT,28.69,HIGH,320x240,"Increase Brightness, Sharpen Image, Apply Denoising"
Arson040_x264,motion_0250.jpg,55,MODERATE,830.19,SHARP,68.6,DARK,78.89,GOOD,28.02,SOFT,28.81,HIGH,320x240,"Increase Brightness, Sharpen Image, Apply Denoising"
Arson040_x264,motion_0251.jpg,55,MODERATE,826.22,SHARP,68.49,DARK,78.7,GOOD,28.17,SOFT,28.74,HIGH,320x240,"Increase Brightness, Sharpen Image, Apply Denoising"
Arson040_x264,motion_0252.jpg,55,MODERATE,818.27,SHARP,67.97,DARK,77.22,GOOD,28.06,SOFT,28.61,HIGH,320x240,"Increase Brightness, Sharpen Image, Apply Denoising"
Arson040_x264,motion_0253.jpg,55,MODERATE,759.04,SHARP,66.83,DARK,74.02,GOOD,27.31,SOFT,27.55,HIGH,320x240,"Increase Brightness, Sharpen Image, Apply Denoising"
Arson040_x264,motion_0254.jpg,55,MODERATE,752.75,SHARP,66.17,DARK,72.56,GOOD,27.17,SOFT,27.44,HIGH,320x240,"Increase Brightness, Sharpen Image, Apply Denoising"
Arson040_x264,motion_0255.jpg,55,MODERATE,755.47,SHARP,64.81,DARK,70.67,GOOD,27.3,SOFT,27.49,HIGH,320x240,"Increase Brightness, Sharpen Image, Apply Denoising"
Arson040_x264,motion_0256.jpg,55,MODERATE,732.84,SHARP,64.54,DARK,69.08,GOOD,27.02,SOFT,27.07,HIGH,320x240,"Increase Brightness, Sharpen Image, Apply Denoising"
Arson040_x264,motion_0257.jpg,55,MODERATE,702.24,SHARP,64.32,DARK,68.38,GOOD,26.61,SOFT,26.5,HIGH,320x240,"Increase Brightness, Sharpen Image, Apply Denoising"
Arson040_x264,motion_0258.jpg,55,MODERATE,698.3,SHARP,63.04,DARK,67.02,GOOD,26.46,SOFT,26.43,HIGH,320x240,"Increase Brightness, Sharpen Image, Apply Denoising"
Arson040_x264,motion_0259.jpg,55,MODERATE,694.17,SHARP,62.77,DARK,65.83,GOOD,26.46,SOFT,26.35,HIGH,320x240,"Increase Brightness, Sharpen Image, Apply Denoising"
Arson040_x264,motion_0260.jpg,55,MODERATE,694.94,SHARP,62.32,DARK,64.44,GOOD,26.7,SOFT,26.36,HIGH,320x240,"Increase Brightness, Sharpen Image, Apply Denoising"
Arson040_x264,motion_0261.jpg,55,MODERATE,689.18,SHARP,61.52,DARK,62.79,GOOD,27.18,SOFT,26.25,HIGH,320x240,"Increase Brightness, Sharpen Image, Apply Denoising"
Arson040_x264,motion_0262.jpg,55,MODERATE,668.52,SHARP,60.4,DARK,60.18,GOOD,27.21,SOFT,25.86,HIGH,320x240,"Increase Brightness, Sharpen Image, Apply Denoising"
Arson040_x264,motion_0263.jpg,55,MODERATE,654.88,SHARP,59.74,DARK,59.01,GOOD,27.28,SOFT,25.59,HIGH,320x240,"Increase Brightness, Sharpen Image, Apply Denoising"
Arson040_x264,motion_0264.jpg,55,MODERATE,645.28,SHARP,58.74,DARK,56.63,GOOD,27.4,SOFT,25.4,HIGH,320x240,"Increase Brightness, Sharpen Image, Apply Denoising"
Arson040_x264,motion_0265.jpg,55,MODERATE,631.14,SHARP,58.24,DARK,55.31,GOOD,27.76,SOFT,25.12,HIGH,320x240,"Increase Brightness, Sharpen Image, Apply Denoising"
Arson040_x264,motion_0266.jpg,55,MODERATE,619.3,SHARP,58.17,DARK,54.32,GOOD,28.05,SOFT,24.89,HIGH,320x240,"Increase Brightness, Sharpen Image, Apply Denoising"
Arson040_x264,motion_0267.jpg,55,MODERATE,618.83,SHARP,57.88,DARK,53.51,GOOD,28.18,SOFT,24.88,HIGH,320x240,"Increase Brightness, Sharpen Image, Apply Denoising"
Arson040_x264,motion_0268.jpg,55,MODERATE,605.81,SHARP,57.82,DARK,52.74,GOOD,28.14,SOFT,24.61,HIGH,320x240,"Increase Brightness, Sharpen Image, Apply Denoising"
Arson040_x264,motion_0269.jpg,55,MODERATE,595.85,SHARP,57.37,DARK,52.19,GOOD,28.02,SOFT,24.41,HIGH,320x240,"Increase Brightness, Sharpen Image, Apply Denoising"
Arson040_x264,motion_0270.jpg,55,MODERATE,509.59,SHARP,56.82,DARK,50.46,GOOD,27.76,SOFT,22.57,HIGH,320x240,"Increase Brightness, Sharpen Image, Apply Denoising"
Arson040_x264,motion_0271.jpg,55,MODERATE,501.29,SHARP,56.67,DARK,49.83,GOOD,27.88,SOFT,22.39,HIGH,320x240,"Increase Brightness, Sharpen Image, Apply Denoising"
Arson040_x264,motion_0272.jpg,55,MODERATE,499.58,SHARP,56.45,DARK,49.07,GOOD,28.02,SOFT,22.35,HIGH,320x240,"Increase Brightness, Sharpen Image, Apply Denoising"
Arson040_x264,motion_0273.jpg,55,MODERATE,499.21,SHARP,56.4,DARK,48.62,GOOD,28.14,SOFT,22.34,HIGH,320x240,"Increase Brightness, Sharpen Image, Apply Denoising"
Arson040_x264,motion_0274.jpg,55,MODERATE,493.88,SHARP,56.13,DARK,48.01,GOOD,28.21,SOFT,22.22,HIGH,320x240,"Increase Brightness, Sharpen Image, Apply Denoising"
Arson040_x264,motion_0275.jpg,55,MODERATE,468.28,SHARP,55.15,DARK,46.15,GOOD,29.36,SOFT,21.64,HIGH,320x240,"Increase Brightness, Sharpen Image, Apply Denoising"
Arson040_x264,motion_0276.jpg,55,MODERATE,427.84,SHARP,54.38,DARK,45.99,GOOD,28.97,SOFT,20.68,HIGH,320x240,"Increase Brightness, Sharpen Image, Apply Denoising"
Arson040_x264,motion_0277.jpg,55,MODERATE,419.58,SHARP,54.09,DARK,45.71,GOOD,29.01,SOFT,20.48,HIGH,320x240,"Increase Brightness, Sharpen Image, Apply Denoising"
Arson040_x264,motion_0278.jpg,55,MODERATE,419.79,SHARP,53.8,DARK,45.49,GOOD,29.32,SOFT,20.49,HIGH,320x240,"Increase Brightness, Sharpen Image, Apply Denoising"
Arson040_x264,motion_0279.jpg,55,MODERATE,426.52,SHARP,53.74,DARK,45.74,GOOD,29.78,SOFT,20.65,HIGH,320x240,"Increase Brightness, Sharpen Image, Apply Denoising"
Arson040_x264,motion_0280.jpg,55,MODERATE,780.77,SHARP,49.79,DARK,66.81,GOOD,41.3,SOFT,27.94,HIGH,320x240,"Increase Brightness, Sharpen Image, Apply Denoising"
Arson040_x264,motion_0281.jpg,55,MODERATE,778.15,SHARP,49.02,DARK,66.65,GOOD,40.85,SOFT,27.9,HIGH,320x240,"Increase Brightness, Sharpen Image, Apply Denoising"
Arson040_x264,motion_0282.jpg,55,MODERATE,799.03,SHARP,48.45,DARK,66.24,GOOD,41.47,SOFT,28.27,HIGH,320x240,"Increase Brightness, Sharpen Image, Apply Denoising"
Arson040_x264,motion_0283.jpg,55,MODERATE,808.53,SHARP,48.44,DARK,66.23,GOOD,41.56,SOFT,28.43,HIGH,320x240,"Increase Brightness, Sharpen Image, Apply Denoising"
Arson040_x264,motion_0284.jpg,55,MODERATE,809.5,SHARP,48.47,DARK,66.23,GOOD,41.69,SOFT,28.45,HIGH,320x240,"Increase Brightness, Sharpen Image, Apply Denoising"
Arson040_x264,motion_0285.jpg,55,MODERATE,802.84,SHARP,48.48,DARK,66.23,GOOD,41.66,SOFT,28.33,HIGH,320x240,"Increase Brightness, Sharpen Image, Apply Denoising"
Arson040_x264,motion_0286.jpg,55,MODERATE,809.02,SHARP,48.38,DARK,66.19,GOOD,41.79,SOFT,28.44,HIGH,320x240,"Increase Brightness, Sharpen Image, Apply Denoising"
Arson040_x264,motion_0287.jpg,55,MODERATE,812.58,SHARP,48.16,DARK,65.87,GOOD,42.56,SOFT,28.51,HIGH,320x240,"Increase Brightness, Sharpen Image, Apply Denoising"
Arson040_x264,motion_0288.jpg,55,MODERATE,816.7,SHARP,48.12,DARK,65.85,GOOD,42.58,SOFT,28.58,HIGH,320x240,"Increase Brightness, Sharpen Image, Apply Denoising"
Arson040_x264,motion_0289.jpg,55,MODERATE,810.06,SHARP,48.12,DARK,65.83,GOOD,42.45,SOFT,28.46,HIGH,320x240,"Increase Brightness, Sharpen Image, Apply Denoising"
Arson040_x264,motion_0290.jpg,55,MODERATE,810.91,SHARP,48.11,DARK,65.84,GOOD,42.47,SOFT,28.48,HIGH,320x240,"Increase Brightness, Sharpen Image, Apply Denoising"
Arson040_x264,motion_0291.jpg,55,MODERATE,806.66,SHARP,48.08,DARK,65.82,GOOD,42.37,SOFT,28.4,HIGH,320x240,"Increase Brightness, Sharpen Image, Apply Denoising"
Arson040_x264,motion_0292.jpg,55,MODERATE,810.39,SHARP,48.06,DARK,65.8,GOOD,42.47,SOFT,28.47,HIGH,320x240,"Increase Brightness, Sharpen Image, Apply Denoising"
Arson040_x264,motion_0293.jpg,55,MODERATE,811.48,SHARP,48.03,DARK,65.66,GOOD,42.54,SOFT,28.49,HIGH,320x240,"Increase Brightness, Sharpen Image, Apply Denoising"
Arson040_x264,motion_0294.jpg,55,MODERATE,808.03,SHARP,48.03,DARK,65.61,GOOD,42.56,SOFT,28.43,HIGH,320x240,"Increase Brightness, Sharpen Image, Apply Denoising"
Arson040_x264,motion_0295.jpg,55,MODERATE,816.31,SHARP,48.03,DARK,65.6,GOOD,42.82,SOFT,28.57,HIGH,320x240,"Increase Brightness, Sharpen Image, Apply Denoising"
Arson040_x264,motion_0296.jpg,55,MODERATE,813.7,SHARP,48.06,DARK,65.6,GOOD,42.86,SOFT,28.53,HIGH,320x240,"Increase Brightness, Sharpen Image, Apply Denoising"
Arson040_x264,motion_0297.jpg,55,MODERATE,818.03,SHARP,48.08,DARK,65.61,GOOD,42.93,SOFT,28.6,HIGH,320x240,"Increase Brightness, Sharpen Image, Apply Denoising"
Arson040_x264,motion_0298.jpg,55,MODERATE,813.33,SHARP,48.12,DARK,65.61,GOOD,42.82,SOFT,28.52,HIGH,320x240,"Increase Brightness, Sharpen Image, Apply Denoising"
Arson040_x264,motion_0299.jpg,55,MODERATE,815.34,SHARP,48.08,DARK,65.58,GOOD,42.86,SOFT,28.55,HIGH,320x240,"Increase Brightness, Sharpen Image, Apply Denoising"
Arson040_x264,motion_0300.jpg,55,MODERATE,817.05,SHARP,48.03,DARK,65.53,GOOD,42.83,SOFT,28.58,HIGH,320x240,"Increase Brightness, Sharpen Image, Apply Denoising"
Arson040_x264,motion_0301.jpg,55,MODERATE,827.4,SHARP,47.95,DARK,65.4,GOOD,43.11,SOFT,28.76,HIGH,320x240,"Increase Brightness, Sharpen Image, Apply Denoising"
Arson040_x264,motion_0302.jpg,55,MODERATE,827.26,SHARP,47.94,DARK,65.37,GOOD,43.22,SOFT,28.76,HIGH,320x240,"Increase Brightness, Sharpen Image, Apply Denoising"
Arson040_x264,motion_0303.jpg,55,MODERATE,829.7,SHARP,47.91,DARK,65.31,GOOD,43.31,SOFT,28.8,HIGH,320x240,"Increase Brightness, Sharpen Image, Apply Denoising"
Arson040_x264,motion_0304.jpg,55,MODERATE,825.18,SHARP,47.91,DARK,65.28,GOOD,43.26,SOFT,28.73,HIGH,320x240,"Increase Brightness, Sharpen Image, Apply Denoising"
Arson040_x264,motion_0305.jpg,55,MODERATE,828.73,SHARP,47.87,DARK,65.22,GOOD,43.35,SOFT,28.79,HIGH,320x240,"Increase Brightness, Sharpen Image, Apply Denoising"
Arson040_x264,motion_0306.jpg,55,MODERATE,832.15,SHARP,47.92,DARK,65.23,GOOD,43.42,SOFT,28.85,HIGH,320x240,"Increase Brightness, Sharpen Image, Apply Denoising"
Arson040_x264,motion_0307.jpg,55,MODERATE,835.91,SHARP,47.9,DARK,65.18,GOOD,43.51,SOFT,28.91,HIGH,320x240,"Increase Brightness, Sharpen Image, Apply Denoising"
Arson040_x264,motion_0308.jpg,55,MODERATE,832.41,SHARP,47.91,DARK,65.18,GOOD,43.51,SOFT,28.85,HIGH,320x240,"Increase Brightness, Sharpen Image, Apply Denoising"
Arson040_x264,motion_0309.jpg,55,MODERATE,838.2,SHARP,47.89,DARK,65.15,GOOD,43.59,SOFT,28.95,HIGH,320x240,"Increase Brightness, Sharpen Image, Apply Denoising"
Arson040_x264,motion_0310.jpg,55,MODERATE,837.37,SHARP,47.88,DARK,65.15,GOOD,43.54,SOFT,28.94,HIGH,320x240,"Increase Brightness, Sharpen Image, Apply Denoising"
Arson040_x264,motion_0311.jpg,55,MODERATE,842.0,SHARP,47.84,DARK,65.13,GOOD,43.62,SOFT,29.02,HIGH,320x240,"Increase Brightness, Sharpen Image, Apply Denoising"
Arson040_x264,motion_0312.jpg,55,MODERATE,841.95,SHARP,47.79,DARK,65.08,GOOD,43.68,SOFT,29.02,HIGH,320x240,"Increase Brightness, Sharpen Image, Apply Denoising"
Arson040_x264,motion_0313.jpg,55,MODERATE,843.11,SHARP,47.77,DARK,65.05,GOOD,43.67,SOFT,29.04,HIGH,320x240,"Increase Brightness, Sharpen Image, Apply Denoising"
Arson040_x264,motion_0314.jpg,55,MODERATE,846.76,SHARP,47.75,DARK,65.03,GOOD,43.74,SOFT,29.1,HIGH,320x240,"Increase Brightness, Sharpen Image, Apply Denoising"
Arson040_x264,motion_0315.jpg,55,MODERATE,840.37,SHARP,47.73,DARK,64.99,GOOD,43.8,SOFT,28.99,HIGH,320x240,"Increase Brightness, Sharpen Image, Apply Denoising"
Arson040_x264,motion_0316.jpg,55,MODERATE,843.03,SHARP,47.71,DARK,64.97,GOOD,43.83,SOFT,29.03,HIGH,320x240,"Increase Brightness, Sharpen Image, Apply Denoising"
Arson040_x264,motion_0317.jpg,55,MODERATE,839.93,SHARP,47.67,DARK,64.88,GOOD,43.76,SOFT,28.98,HIGH,320x240,"Increase Brightness, Sharpen Image, Apply Denoising"
Arson040_x264,motion_0318.jpg,55,MODERATE,840.54,SHARP,47.66,DARK,64.88,GOOD,43.61,SOFT,28.99,HIGH,320x240,"Increase Brightness, Sharpen Image, Apply Denoising"
Arson040_x264,motion_0319.jpg,55,MODERATE,836.3,SHARP,47.66,DARK,64.88,GOOD,43.52,SOFT,28.92,HIGH,320x240,"Increase Brightness, Sharpen Image, Apply Denoising"
Arson040_x264,motion_0320.jpg,55,MODERATE,837.36,SHARP,47.7,DARK,64.93,GOOD,43.4,SOFT,28.94,HIGH,320x240,"Increase Brightness, Sharpen Image, Apply Denoising"
Arson040_x264,motion_0321.jpg,55,MODERATE,833.85,SHARP,47.7,DARK,64.94,GOOD,43.38,SOFT,28.88,HIGH,320x240,"Increase Brightness, Sharpen Image, Apply Denoising"
Arson040_x264,motion_0322.jpg,55,MODERATE,833.08,SHARP,47.73,DARK,64.97,GOOD,43.4,SOFT,28.86,HIGH,320x240,"Increase Brightness, Sharpen Image, Apply Denoising"
Arson040_x264,motion_0323.jpg,55,MODERATE,836.39,SHARP,47.67,DARK,64.92,GOOD,43.5,SOFT,28.92,HIGH,320x240,"Increase Brightness, Sharpen Image, Apply Denoising"
Arson040_x264,motion_0324.jpg,55,MODERATE,839.18,SHARP,47.61,DARK,64.88,GOOD,43.54,SOFT,28.97,HIGH,320x240,"Increase Brightness, Sharpen Image, Apply Denoising"
Arson040_x264,motion_0325.jpg,55,MODERATE,837.9,SHARP,47.52,DARK,64.77,GOOD,43.63,SOFT,28.95,HIGH,320x240,"Increase Brightness, Sharpen Image, Apply Denoising"
Arson040_x264,motion_0326.jpg,55,MODERATE,844.77,SHARP,47.42,DARK,64.69,GOOD,43.78,SOFT,29.06,HIGH,320x240,"Increase Brightness, Sharpen Image, Apply Denoising"
Arson040_x264,motion_0327.jpg,55,MODERATE,843.87,SHARP,47.35,DARK,64.61,GOOD,43.95,SOFT,29.05,HIGH,320x240,"Increase Brightness, Sharpen Image, Apply Denoising"
Arson040_x264,motion_0328.jpg,55,MODERATE,857.83,SHARP,47.33,DARK,64.6,GOOD,44.17,SOFT,29.29,HIGH,320x240,"Increase Brightness, Sharpen Image, Apply Denoising"
Arson040_x264,motion_0329.jpg,55,MODERATE,861.27,SHARP,47.33,DARK,64.6,GOOD,44.36,SOFT,29.35,HIGH,320x240,"Increase Brightness, Sharpen Image, Apply Denoising"
Arson040_x264,motion_0330.jpg,55,MODERATE,862.01,SHARP,47.3,DARK,64.58,GOOD,44.42,SOFT,29.36,HIGH,320x240,"Increase Brightness, Sharpen Image, Apply Denoising"
Arson040_x264,motion_0331.jpg,55,MODERATE,860.23,SHARP,47.7,DARK,65.04,GOOD,44.5,SOFT,29.33,HIGH,320x240,"Increase Brightness, Sharpen Image, Apply Denoising"
Arson040_x264,motion_0332.jpg,55,MODERATE,861.69,SHARP,47.8,DARK,65.13,GOOD,44.54,SOFT,29.35,HIGH,320x240,"Increase Brightness, Sharpen Image, Apply Denoising"
Arson040_x264,motion_0333.jpg,55,MODERATE,854.41,SHARP,47.98,DARK,65.28,GOOD,44.52,SOFT,29.23,HIGH,320x240,"Increase Brightness, Sharpen Image, Apply Denoising"
Arson040_x264,motion_0334.jpg,55,MODERATE,856.72,SHARP,48.06,DARK,65.38,GOOD,44.49,SOFT,29.27,HIGH,320x240,"Increase Brightness, Sharpen Image, Apply Denoising"
Arson040_x264,motion_0335.jpg,55,MODERATE,841.87,SHARP,48.17,DARK,65.47,GOOD,44.33,SOFT,29.02,HIGH,320x240,"Increase Brightness, Sharpen Image, Apply Denoising"
Arson040_x264,motion_0336.jpg,55,MODERATE,853.15,SHARP,48.16,DARK,65.47,GOOD,44.47,SOFT,29.21,HIGH,320x240,"Increase Brightness, Sharpen Image, Apply Denoising"
Arson040_x264,motion_0337.jpg,55,MODERATE,843.94,SHARP,48.11,DARK,65.44,GOOD,44.49,SOFT,29.05,HIGH,320x240,"Increase Brightness, Sharpen Image, Apply Denoising"
Arson040_x264,motion_0338.jpg,55,MODERATE,844.12,SHARP,48.09,DARK,65.44,GOOD,44.55,SOFT,29.05,HIGH,320x240,"Increase Brightness, Sharpen Image, Apply Denoising"
Arson040_x264,motion_0339.jpg,55,MODERATE,847.35,SHARP,48.09,DARK,65.46,GOOD,44.67,SOFT,29.11,HIGH,320x240,"Increase Brightness, Sharpen Image, Apply Denoising"
Arson040_x264,motion_0340.jpg,55,MODERATE,841.24,SHARP,48.19,DARK,65.56,GOOD,44.62,SOFT,29.0,HIGH,320x240,"Increase Brightness, Sharpen Image, Apply Denoising"
Arson040_x264,motion_0341.jpg,55,MODERATE,843.64,SHARP,48.25,DARK,65.65,GOOD,44.62,SOFT,29.05,HIGH,320x240,"Increase Brightness, Sharpen Image, Apply Denoising"
Arson040_x264,motion_0342.jpg,55,MODERATE,858.67,SHARP,48.8,DARK,65.97,GOOD,44.74,SOFT,29.3,HIGH,320x240,"Increase Brightness, Sharpen Image, Apply Denoising"
Arson040_x264,motion_0343.jpg,55,MODERATE,855.42,SHARP,48.74,DARK,65.87,GOOD,44.81,SOFT,29.25,HIGH,320x240,"Increase Brightness, Sharpen Image, Apply Denoising"
Arson040_x264,motion_0344.jpg,55,MODERATE,872.76,SHARP,48.71,DARK,65.81,GOOD,45.17,SOFT,29.54,HIGH,320x240,"Increase Brightness, Sharpen Image, Apply Denoising"
Arson040_x264,motion_0345.jpg,55,MODERATE,864.99,SHARP,48.72,DARK,65.77,GOOD,45.18,SOFT,29.41,HIGH,320x240,"Increase Brightness, Sharpen Image, Apply Denoising"
Arson040_x264,motion_0346.jpg,55,MODERATE,868.27,SHARP,48.71,DARK,65.75,GOOD,45.27,SOFT,29.47,HIGH,320x240,"Increase Brightness, Sharpen Image, Apply Denoising"
Arson040_x264,motion_0347.jpg,55,MODERATE,862.84,SHARP,48.74,DARK,65.74,GOOD,45.2,SOFT,29.37,HIGH,320x240,"Increase Brightness, Sharpen Image, Apply Denoising"
Arson040_x264,motion_0348.jpg,55,MODERATE,869.44,SHARP,48.74,DARK,65.72,GOOD,45.3,SOFT,29.49,HIGH,320x240,"Increase Brightness, Sharpen Image, Apply Denoising"
Arson040_x264,motion_0349.jpg,55,MODERATE,869.24,SHARP,48.79,DARK,65.7,GOOD,45.28,SOFT,29.48,HIGH,320x240,"Increase Brightness, Sharpen Image, Apply Denoising"
Arson040_x264,motion_0350.jpg,55,MODERATE,861.29,SHARP,48.89,DARK,65.75,GOOD,45.11,SOFT,29.35,HIGH,320x240,"Increase Brightness, Sharpen Image, Apply Denoising"
Arson040_x264,motion_0351.jpg,55,MODERATE,849.04,SHARP,48.87,DARK,65.67,GOOD,44.75,SOFT,29.14,HIGH,320x240,"Increase Brightness, Sharpen Image, Apply Denoising"
Arson040_x264,motion_0352.jpg,55,MODERATE,847.21,SHARP,48.82,DARK,65.6,GOOD,44.51,SOFT,29.11,HIGH,320x240,"Increase Brightness, Sharpen Image, Apply Denoising"
Arson040_x264,motion_0353.jpg,55,MODERATE,850.75,SHARP,48.89,DARK,65.61,GOOD,44.6,SOFT,29.17,HIGH,320x240,"Increase Brightness, Sharpen Image, Apply Denoising"
Arson040_x264,motion_0354.jpg,55,MODERATE,849.94,SHARP,48.88,DARK,65.57,GOOD,44.56,SOFT,29.15,HIGH,320x240,"Increase Brightness, Sharpen Image, Apply Denoising"
Arson040_x264,motion_0355.jpg,55,MODERATE,843.83,SHARP,48.91,DARK,65.56,GOOD,44.53,SOFT,29.05,HIGH,320x240,"Increase Brightness, Sharpen Image, Apply Denoising"
Arson040_x264,motion_0356.jpg,55,MODERATE,848.54,SHARP,48.92,DARK,65.56,GOOD,44.53,SOFT,29.13,HIGH,320x240,"Increase Brightness, Sharpen Image, Apply Denoising"
Arson040_x264,motion_0357.jpg,55,MODERATE,842.81,SHARP,48.95,DARK,65.54,GOOD,44.53,SOFT,29.03,HIGH,320x240,"Increase Brightness, Sharpen Image, Apply Denoising"
Arson040_x264,motion_0358.jpg,55,MODERATE,848.88,SHARP,48.95,DARK,65.5,GOOD,44.71,SOFT,29.14,HIGH,320x240,"Increase Brightness, Sharpen Image, Apply Denoising"
Arson040_x264,motion_0359.jpg,55,MODERATE,843.6,SHARP,48.98,DARK,65.53,GOOD,44.74,SOFT,29.04,HIGH,320x240,"Increase Brightness, Sharpen Image, Apply Denoising"
Arson040_x264,motion_0360.jpg,55,MODERATE,850.58,SHARP,49.01,DARK,65.57,GOOD,44.83,SOFT,29.16,HIGH,320x240,"Increase Brightness, Sharpen Image, Apply Denoising"
Arson040_x264,motion_0361.jpg,55,MODERATE,846.91,SHARP,49.04,DARK,65.59,GOOD,44.8,SOFT,29.1,HIGH,320x240,"Increase Brightness, Sharpen Image, Apply Denoising"
Arson040_x264,motion_0362.jpg,55,MODERATE,854.24,SHARP,49.09,DARK,65.65,GOOD,44.8,SOFT,29.23,HIGH,320x240,"Increase Brightness, Sharpen Image, Apply Denoising"
Arson040_x264,motion_0363.jpg,55,MODERATE,854.86,SHARP,49.38,DARK,65.98,GOOD,44.57,SOFT,29.24,HIGH,320x240,"Increase Brightness, Sharpen Image, Apply Denoising"
Arson040_x264,motion_0364.jpg,55,MODERATE,846.97,SHARP,49.4,DARK,65.99,GOOD,44.21,SOFT,29.1,HIGH,320x240,"Increase Brightness, Sharpen Image, Apply Denoising"
Arson040_x264,motion_0365.jpg,55,MODERATE,840.15,SHARP,49.45,DARK,66.02,GOOD,44.18,SOFT,28.99,HIGH,320x240,"Increase Brightness, Sharpen Image, Apply Denoising"
Arson040_x264,motion_0366.jpg,55,MODERATE,843.17,SHARP,49.44,DARK,66.0,GOOD,44.22,SOFT,29.04,HIGH,320x240,"Increase Brightness, Sharpen Image, Apply Denoising"
Arson040_x264,motion_0367.jpg,55,MODERATE,840.29,SHARP,49.49,DARK,66.04,GOOD,44.33,SOFT,28.99,HIGH,320x240,"Increase Brightness, Sharpen Image, Apply Denoising"
Arson040_x264,motion_0368.jpg,55,MODERATE,845.02,SHARP,49.53,DARK,66.09,GOOD,44.48,SOFT,29.07,HIGH,320x240,"Increase Brightness, Sharpen Image, Apply Denoising"
Arson040_x264,motion_0369.jpg,55,MODERATE,837.33,SHARP,49.57,DARK,66.16,GOOD,44.43,SOFT,28.94,HIGH,320x240,"Increase Brightness, Sharpen Image, Apply Denoising"
Arson040_x264,motion_0370.jpg,55,MODERATE,846.54,SHARP,49.59,DARK,66.22,GOOD,44.55,SOFT,29.1,HIGH,320x240,"Increase Brightness, Sharpen Image, Apply Denoising"
Arson040_x264,motion_0371.jpg,55,MODERATE,850.66,SHARP,49.67,DARK,66.38,GOOD,44.76,SOFT,29.17,HIGH,320x240,"Increase Brightness, Sharpen Image, Apply Denoising"
Arson040_x264,motion_0372.jpg,55,MODERATE,844.87,SHARP,49.64,DARK,66.39,GOOD,44.68,SOFT,29.07,HIGH,320x240,"Increase Brightness, Sharpen Image, Apply Denoising"
Arson040_x264,motion_0373.jpg,55,MODERATE,852.94,SHARP,49.64,DARK,66.43,GOOD,44.77,SOFT,29.21,HIGH,320x240,"Increase Brightness, Sharpen Image, Apply Denoising"
Arson040_x264,motion_0374.jpg,55,MODERATE,856.01,SHARP,49.71,DARK,66.53,GOOD,44.84,SOFT,29.26,HIGH,320x240,"Increase Brightness, Sharpen Image, Apply Denoising"
Arson040_x264,motion_0375.jpg,55,MODERATE,847.89,SHARP,49.74,DARK,66.55,GOOD,44.82,SOFT,29.12,HIGH,320x240,"Increase Brightness, Sharpen Image, Apply Denoising"
Arson040_x264,motion_0376.jpg,55,MODERATE,857.18,SHARP,49.72,DARK,66.55,GOOD,44.92,SOFT,29.28,HIGH,320x240,"Increase Brightness, Sharpen Image, Apply Denoising"
Arson040_x264,motion_0377.jpg,55,MODERATE,870.35,SHARP,50.67,DARK,67.52,GOOD,45.43,SOFT,29.5,HIGH,320x240,"Increase Brightness, Sharpen Image, Apply Denoising"
Arson040_x264,motion_0378.jpg,55,MODERATE,876.38,SHARP,50.78,DARK,67.7,GOOD,45.51,SOFT,29.6,HIGH,320x240,"Increase Brightness, Sharpen Image, Apply Denoising"
Arson040_x264,motion_0379.jpg,55,MODERATE,864.83,SHARP,51.05,DARK,68.08,GOOD,45.41,SOFT,29.41,HIGH,320x240,"Increase Brightness, Sharpen Image, Apply Denoising"
Arson040_x264,motion_0380.jpg,55,MODERATE,870.21,SHARP,51.19,DARK,68.3,GOOD,45.5,SOFT,29.5,HIGH,320x240,"Increase Brightness, Sharpen Image, Apply Denoising"
Arson040_x264,motion_0381.jpg,55,MODERATE,870.34,SHARP,51.25,DARK,68.47,GOOD,45.57,SOFT,29.5,HIGH,320x240,"Increase Brightness, Sharpen Image, Apply Denoising"
Arson040_x264,motion_0382.jpg,55,MODERATE,868.76,SHARP,51.55,DARK,68.84,GOOD,45.61,SOFT,29.47,HIGH,320x240,"Increase Brightness, Sharpen Image, Apply Denoising"
Arson040_x264,motion_0383.jpg,55,MODERATE,866.43,SHARP,51.75,DARK,68.96,GOOD,45.74,SOFT,29.44,HIGH,320x240,"Increase Brightness, Sharpen Image, Apply Denoising"
Arson040_x264,motion_0384.jpg,55,MODERATE,870.23,SHARP,51.65,DARK,68.84,GOOD,45.8,SOFT,29.5,HIGH,320x240,"Increase Brightness, Sharpen Image, Apply Denoising"
Arson040_x264,motion_0385.jpg,55,MODERATE,872.66,SHARP,51.42,DARK,68.57,GOOD,45.87,SOFT,29.54,HIGH,320x240,"Increase Brightness, Sharpen Image, Apply Denoising"
Arson040_x264,motion_0386.jpg,55,MODERATE,874.41,SHARP,51.33,DARK,68.46,GOOD,45.81,SOFT,29.57,HIGH,320x240,"Increase Brightness, Sharpen Image, Apply Denoising"
Arson040_x264,motion_0387.jpg,55,MODERATE,877.73,SHARP,51.22,DARK,68.31,GOOD,45.89,SOFT,29.63,HIGH,320x240,"Increase Brightness, Sharpen Image, Apply Denoising"
Arson040_x264,motion_0388.jpg,55,MODERATE,875.88,SHARP,50.99,DARK,68.02,GOOD,45.82,SOFT,29.6,HIGH,320x240,"Increase Brightness, Sharpen Image, Apply Denoising"
Arson040_x264,motion_0389.jpg,55,MODERATE,875.27,SHARP,50.84,DARK,67.85,GOOD,45.8,SOFT,29.59,HIGH,320x240,"Increase Brightness, Sharpen Image, Apply Denoising"
Arson040_x264,motion_0390.jpg,55,MODERATE,875.16,SHARP,50.76,DARK,67.78,GOOD,45.81,SOFT,29.58,HIGH,320x240,"Increase Brightness, Sharpen Image, Apply Denoising"
Arson040_x264,motion_0391.jpg,55,MODERATE,882.52,SHARP,50.45,DARK,67.49,GOOD,45.64,SOFT,29.71,HIGH,320x240,"Increase Brightness, Sharpen Image, Apply Denoising"
Arson040_x264,motion_0392.jpg,55,MODERATE,879.08,SHARP,50.39,DARK,67.44,GOOD,45.55,SOFT,29.65,HIGH,320x240,"Increase Brightness, Sharpen Image, Apply Denoising"
Arson040_x264,motion_0393.jpg,55,MODERATE,881.65,SHARP,50.32,DARK,67.39,GOOD,45.61,SOFT,29.69,HIGH,320x240,"Increase Brightness, Sharpen Image, Apply Denoising"
Arson040_x264,motion_0394.jpg,55,MODERATE,869.49,SHARP,50.31,DARK,67.34,GOOD,45.43,SOFT,29.49,HIGH,320x240,"Increase Brightness, Sharpen Image, Apply Denoising"
Arson040_x264,motion_0395.jpg,55,MODERATE,867.87,SHARP,50.31,DARK,67.34,GOOD,45.39,SOFT,29.46,HIGH,320x240,"Increase Brightness, Sharpen Image, Apply Denoising"
Arson040_x264,motion_0396.jpg,55,MODERATE,849.89,SHARP,50.84,DARK,67.91,GOOD,45.12,SOFT,29.15,HIGH,320x240,"Increase Brightness, Sharpen Image, Apply Denoising"
Arson040_x264,motion_0397.jpg,55,MODERATE,845.37,SHARP,52.13,DARK,69.38,GOOD,45.23,SOFT,29.08,HIGH,320x240,"Increase Brightness, Sharpen Image, Apply Denoising"
Arson040_x264,motion_0398.jpg,55,MODERATE,845.02,SHARP,53.99,DARK,71.34,GOOD,45.47,SOFT,29.07,HIGH,320x240,"Increase Brightness, Sharpen Image, Apply Denoising"
Arson040_x264,motion_0399.jpg,55,MODERATE,854.18,SHARP,55.56,DARK,72.93,GOOD,45.97,SOFT,29.23,HIGH,320x240,"Increase Brightness, Sharpen Image, Apply Denoising"
Arson040_x264,motion_0400.jpg,55,MODERATE,862.51,SHARP,57.17,DARK,74.63,GOOD,46.29,SOFT,29.37,HIGH,320x240,"Increase Brightness, Sharpen Image, Apply Denoising"
Arson040_x264,motion_0401.jpg,55,MODERATE,865.84,SHARP,57.8,DARK,75.09,GOOD,46.43,SOFT,29.43,HIGH,320x240,"Increase Brightness, Sharpen Image, Apply Denoising"
Arson040_x264,motion_0402.jpg,55,MODERATE,865.66,SHARP,58.05,DARK,75.45,GOOD,46.66,SOFT,29.42,HIGH,320x240,"Increase Brightness, Sharpen Image, Apply Denoising"
Arson040_x264,motion_0403.jpg,55,MODERATE,893.15,SHARP,60.65,DARK,78.2,GOOD,47.5,SOFT,29.89,HIGH,320x240,"Increase Brightness, Sharpen Image, Apply Denoising"
Arson040_x264,motion_0404.jpg,55,MODERATE,894.28,SHARP,59.6,DARK,77.55,GOOD,47.36,SOFT,29.9,HIGH,320x240,"Increase Brightness, Sharpen Image, Apply Denoising"
Arson040_x264,motion_0405.jpg,55,MODERATE,885.47,SHARP,58.88,DARK,76.71,GOOD,47.66,SOFT,29.76,HIGH,320x240,"Increase Brightness, Sharpen Image, Apply Denoising"
Arson040_x264,motion_0406.jpg,55,MODERATE,880.49,SHARP,58.88,DARK,76.75,GOOD,47.73,SOFT,29.67,HIGH,320x240,"Increase Brightness, Sharpen Image, Apply Denoising"
Arson040_x264,motion_0407.jpg,55,MODERATE,890.96,SHARP,59.79,DARK,77.69,GOOD,47.92,SOFT,29.85,HIGH,320x240,"Increase Brightness, Sharpen Image, Apply Denoising"
Arson040_x264,motion_0408.jpg,55,MODERATE,903.52,SHARP,61.62,DARK,79.58,GOOD,47.95,SOFT,30.06,HIGH,320x240,"Increase Brightness, Sharpen Image, Apply Denoising"
Arson040_x264,motion_0409.jpg,55,MODERATE,923.8,SHARP,63.01,DARK,81.09,GOOD,48.72,SOFT,30.39,HIGH,320x240,"Increase Brightness, Sharpen Image, Apply Denoising"
Arson040_x264,motion_0410.jpg,55,MODERATE,921.55,SHARP,62.53,DARK,80.84,GOOD,48.26,SOFT,30.36,HIGH,320x240,"Increase Brightness, Sharpen Image, Apply Denoising"
Arson040_x264,motion_0411.jpg,55,MODERATE,932.57,SHARP,61.87,DARK,80.32,GOOD,48.49,SOFT,30.54,HIGH,320x240,"Increase Brightness, Sharpen Image, Apply Denoising"
Arson040_x264,motion_0412.jpg,55,MODERATE,941.14,SHARP,62.61,DARK,81.18,GOOD,48.4,SOFT,30.68,HIGH,320x240,"Increase Brightness, Sharpen Image, Apply Denoising"
Arson040_x264,motion_0413.jpg,55,MODERATE,932.74,SHARP,62.58,DARK,81.45,GOOD,48.16,SOFT,30.54,HIGH,320x240,"Increase Brightness, Sharpen Image, Apply Denoising"
Arson040_x264,motion_0414.jpg,55,MODERATE,924.8,SHARP,62.75,DARK,81.94,GOOD,48.1,SOFT,30.41,HIGH,320x240,"Increase Brightness, Sharpen Image, Apply Denoising"
Arson040_x264,motion_0415.jpg,55,MODERATE,929.22,SHARP,63.03,DARK,82.41,GOOD,48.15,SOFT,30.48,HIGH,320x240,"Increase Brightness, Sharpen Image, Apply Denoising"
Arson040_x264,motion_0416.jpg,55,MODERATE,965.99,SHARP,62.11,DARK,81.91,GOOD,47.74,SOFT,31.08,HIGH,320x240,"Increase Brightness, Sharpen Image, Apply Denoising"
Arson040_x264,motion_0417.jpg,55,MODERATE,954.38,SHARP,60.4,DARK,81.59,GOOD,47.04,SOFT,30.89,HIGH,320x240,"Increase Brightness, Sharpen Image, Apply Denoising"
Arson040_x264,motion_0418.jpg,55,MODERATE,925.4,SHARP,58.26,DARK,80.12,GOOD,46.6,SOFT,30.42,HIGH,320x240,"Increase Brightness, Sharpen Image, Apply Denoising"
Arson040_x264,motion_0419.jpg,55,MODERATE,921.71,SHARP,58.47,DARK,80.53,GOOD,46.03,SOFT,30.36,HIGH,320x240,"Increase Brightness, Sharpen Image, Apply Denoising"
Arson040_x264,motion_0420.jpg,55,MODERATE,925.44,SHARP,58.42,DARK,79.95,GOOD,45.56,SOFT,30.42,HIGH,320x240,"Increase Brightness, Sharpen Image, Apply Denoising"
Arson040_x264,motion_0421.jpg,55,MODERATE,939.43,SHARP,58.97,DARK,80.11,GOOD,45.01,SOFT,30.65,HIGH,320x240,"Increase Brightness, Sharpen Image, Apply Denoising"
Arson040_x264,motion_0422.jpg,55,MODERATE,911.34,SHARP,59.74,DARK,80.55,GOOD,44.23,SOFT,30.19,HIGH,320x240,"Increase Brightness, Sharpen Image, Apply Denoising"
Arson040_x264,motion_0423.jpg,55,MODERATE,910.24,SHARP,60.04,DARK,80.77,GOOD,44.03,SOFT,30.17,HIGH,320x240,"Increase Brightness, Sharpen Image, Apply Denoising"
Arson040_x264,motion_0424.jpg,55,MODERATE,909.38,SHARP,59.84,DARK,80.56,GOOD,43.95,SOFT,30.16,HIGH,320x240,"Increase Brightness, Sharpen Image, Apply Denoising"
Arson040_x264,motion_0425.jpg,55,MODERATE,901.12,SHARP,59.94,DARK,80.61,GOOD,44.06,SOFT,30.02,HIGH,320x240,"Increase Brightness, Sharpen Image, Apply Denoising"
Arson040_x264,motion_0426.jpg,55,MODERATE,909.14,SHARP,59.11,DARK,79.83,GOOD,44.23,SOFT,30.15,HIGH,320x240,"Increase Brightness, Sharpen Image, Apply Denoising"
Arson040_x264,motion_0427.jpg,55,MODERATE,892.21,SHARP,59.09,DARK,79.77,GOOD,44.16,SOFT,29.87,HIGH,320x240,"Increase Brightness, Sharpen Image, Apply Denoising"
Arson040_x264,motion_0428.jpg,55,MODERATE,900.16,SHARP,59.02,DARK,79.71,GOOD,44.37,SOFT,30.0,HIGH,320x240,"Increase Brightness, Sharpen Image, Apply Denoising"
Arson040_x264,motion_0429.jpg,55,MODERATE,921.81,SHARP,58.88,DARK,79.67,GOOD,44.23,SOFT,30.36,HIGH,320x240,"Increase Brightness, Sharpen Image, Apply Denoising"
Arson040_x264,motion_0430.jpg,55,MODERATE,920.31,SHARP,59.61,DARK,80.14,GOOD,43.95,SOFT,30.34,HIGH,320x240,"Increase Brightness, Sharpen Image, Apply Denoising"
Arson040_x264,motion_0431.jpg,55,MODERATE,908.59,SHARP,59.95,DARK,80.25,GOOD,43.6,SOFT,30.14,HIGH,320x240,"Increase Brightness, Sharpen Image, Apply Denoising"
Arson040_x264,motion_0432.jpg,55,MODERATE,901.86,SHARP,59.99,DARK,80.02,GOOD,43.58,SOFT,30.03,HIGH,320x240,"Increase Brightness, Sharpen Image, Apply Denoising"
Arson040_x264,motion_0433.jpg,55,MODERATE,903.03,SHARP,59.99,DARK,79.88,GOOD,43.63,SOFT,30.05,HIGH,320x240,"Increase Brightness, Sharpen Image, Apply Denoising"
Arson040_x264,motion_0434.jpg,55,MODERATE,905.06,SHARP,59.25,DARK,79.24,GOOD,43.89,SOFT,30.08,HIGH,320x240,"Increase Brightness, Sharpen Image, Apply Denoising"
Arson040_x264,motion_0435.jpg,55,MODERATE,886.68,SHARP,58.84,DARK,78.95,GOOD,43.39,SOFT,29.78,HIGH,320x240,"Increase Brightness, Sharpen Image, Apply Denoising"
Arson040_x264,motion_0436.jpg,55,MODERATE,867.38,SHARP,57.02,DARK,77.46,GOOD,42.73,SOFT,29.45,HIGH,320x240,"Increase Brightness, Sharpen Image, Apply Denoising"
Arson040_x264,motion_0437.jpg,55,MODERATE,858.48,SHARP,56.84,DARK,77.23,GOOD,42.64,SOFT,29.3,HIGH,320x240,"Increase Brightness, Sharpen Image, Apply Denoising"
Arson040_x264,motion_0438.jpg,55,MODERATE,862.12,SHARP,56.87,DARK,77.3,GOOD,42.66,SOFT,29.36,HIGH,320x240,"Increase Brightness, Sharpen Image, Apply Denoising"
Arson040_x264,motion_0439.jpg,55,MODERATE,861.65,SHARP,56.54,DARK,77.0,GOOD,42.56,SOFT,29.35,HIGH,320x240,"Increase Brightness, Sharpen Image, Apply Denoising"
Arson040_x264,motion_0440.jpg,55,MODERATE,851.87,SHARP,55.57,DARK,75.83,GOOD,42.38,SOFT,29.19,HIGH,320x240,"Increase Brightness, Sharpen Image, Apply Denoising"
Arson040_x264,motion_0441.jpg,55,MODERATE,849.44,SHARP,55.57,DARK,75.8,GOOD,42.27,SOFT,29.15,HIGH,320x240,"Increase Brightness, Sharpen Image, Apply Denoising"
Arson040_x264,motion_0442.jpg,55,MODERATE,843.68,SHARP,55.26,DARK,75.74,GOOD,41.88,SOFT,29.05,HIGH,320x240,"Increase Brightness, Sharpen Image, Apply Denoising"
Arson040_x264,motion_0443.jpg,55,MODERATE,842.28,SHARP,55.49,DARK,76.02,GOOD,41.85,SOFT,29.02,HIGH,320x240,"Increase Brightness, Sharpen Image, Apply Denoising"
Arson040_x264,motion_0444.jpg,55,MODERATE,837.89,SHARP,55.51,DARK,76.13,GOOD,41.85,SOFT,28.95,HIGH,320x240,"Increase Brightness, Sharpen Image, Apply Denoising"
Arson040_x264,motion_0445.jpg,55,MODERATE,837.17,SHARP,54.61,DARK,75.36,GOOD,41.58,SOFT,28.93,HIGH,320x240,"Increase Brightness, Sharpen Image, Apply Denoising"
Arson040_x264,motion_0446.jpg,55,MODERATE,837.28,SHARP,54.12,DARK,75.06,GOOD,41.49,SOFT,28.94,HIGH,320x240,"Increase Brightness, Sharpen Image, Apply Denoising"
Arson040_x264,motion_0447.jpg,55,MODERATE,814.75,SHARP,52.71,DARK,73.78,GOOD,40.91,SOFT,28.54,HIGH,320x240,"Increase Brightness, Sharpen Image, Apply Denoising"
Arson040_x264,motion_0448.jpg,55,MODERATE,808.81,SHARP,54.95,DARK,75.71,GOOD,40.85,SOFT,28.44,HIGH,320x240,"Increase Brightness, Sharpen Image, Apply Denoising"
Arson040_x264,motion_0449.jpg,55,MODERATE,807.19,SHARP,55.81,DARK,76.4,GOOD,40.92,SOFT,28.41,HIGH,320x240,"Increase Brightness, Sharpen Image, Apply Denoising"
Arson040_x264,motion_0450.jpg,55,MODERATE,810.75,SHARP,57.57,DARK,77.04,GOOD,41.08,SOFT,28.47,HIGH,320x240,"Increase Brightness, Sharpen Image, Apply Denoising"
Arson040_x264,motion_0451.jpg,55,MODERATE,804.66,SHARP,57.72,DARK,77.05,GOOD,41.22,SOFT,28.37,HIGH,320x240,"Increase Brightness, Sharpen Image, Apply Denoising"
Arson040_x264,motion_0452.jpg,55,MODERATE,803.76,SHARP,56.81,DARK,76.21,GOOD,41.43,SOFT,28.35,HIGH,320x240,"Increase Brightness, Sharpen Image, Apply Denoising"
Arson040_x264,motion_0453.jpg,55,MODERATE,808.37,SHARP,55.73,DARK,75.3,GOOD,41.59,SOFT,28.43,HIGH,320x240,"Increase Brightness, Sharpen Image, Apply Denoising"
Arson040_x264,motion_0454.jpg,55,MODERATE,824.19,SHARP,55.62,DARK,75.09,GOOD,41.42,SOFT,28.71,HIGH,320x240,"Increase Brightness, Sharpen Image, Apply Denoising"
Arson040_x264,motion_0455.jpg,55,MODERATE,820.85,SHARP,55.75,DARK,75.16,GOOD,41.41,SOFT,28.65,HIGH,320x240,"Increase Brightness, Sharpen Image, Apply Denoising"
Arson040_x264,motion_0456.jpg,55,MODERATE,830.67,SHARP,56.35,DARK,75.68,GOOD,41.63,SOFT,28.82,HIGH,320x240,"Increase Brightness, Sharpen Image, Apply Denoising"
Arson040_x264,motion_0457.jpg,55,MODERATE,829.26,SHARP,56.23,DARK,75.47,GOOD,41.55,SOFT,28.8,HIGH,320x240,"Increase Brightness, Sharpen Image, Apply Denoising"
Arson040_x264,motion_0458.jpg,55,MODERATE,829.45,SHARP,55.69,DARK,74.79,GOOD,41.62,SOFT,28.8,HIGH,320x240,"Increase Brightness, Sharpen Image, Apply Denoising"
Arson040_x264,motion_0459.jpg,55,MODERATE,818.03,SHARP,54.47,DARK,73.43,GOOD,41.41,SOFT,28.6,HIGH,320x240,"Increase Brightness, Sharpen Image, Apply Denoising"
Arson040_x264,motion_0460.jpg,55,MODERATE,809.98,SHARP,52.36,DARK,71.58,GOOD,41.2,SOFT,28.46,HIGH,320x240,"Increase Brightness, Sharpen Image, Apply Denoising"
Arson040_x264,motion_0461.jpg,55,MODERATE,806.9,SHARP,52.37,DARK,71.66,GOOD,41.13,SOFT,28.41,HIGH,320x240,"Increase Brightness, Sharpen Image, Apply Denoising"
Arson040_x264,motion_0462.jpg,55,MODERATE,809.3,SHARP,54.05,DARK,73.47,GOOD,41.15,SOFT,28.45,HIGH,320x240,"Increase Brightness, Sharpen Image, Apply Denoising"
Arson040_x264,motion_0463.jpg,55,MODERATE,806.14,SHARP,54.24,DARK,73.59,GOOD,41.05,SOFT,28.39,HIGH,320x240,"Increase Brightness, Sharpen Image, Apply Denoising"
Arson040_x264,motion_0464.jpg,55,MODERATE,801.86,SHARP,54.32,DARK,73.64,GOOD,41.16,SOFT,28.32,HIGH,320x240,"Increase Brightness, Sharpen Image, Apply Denoising"
Arson040_x264,motion_0465.jpg,55,MODERATE,800.14,SHARP,54.3,DARK,73.68,GOOD,41.11,SOFT,28.29,HIGH,320x240,"Increase Brightness, Sharpen Image, Apply Denoising"
Arson040_x264,motion_0466.jpg,55,MODERATE,804.48,SHARP,53.98,DARK,73.42,GOOD,41.2,SOFT,28.36,HIGH,320x240,"Increase Brightness, Sharpen Image, Apply Denoising"
Arson040_x264,motion_0467.jpg,55,MODERATE,808.59,SHARP,54.1,DARK,73.72,GOOD,41.08,SOFT,28.44,HIGH,320x240,"Increase Brightness, Sharpen Image, Apply Denoising"
Arson040_x264,motion_0468.jpg,55,MODERATE,807.47,SHARP,53.31,DARK,72.93,GOOD,41.32,SOFT,28.42,HIGH,320x240,"Increase Brightness, Sharpen Image, Apply Denoising"
Arson040_x264,motion_0469.jpg,55,MODERATE,803.93,SHARP,53.07,DARK,72.78,GOOD,41.22,SOFT,28.35,HIGH,320x240,"Increase Brightness, Sharpen Image, Apply Denoising"
Arson040_x264,motion_0470.jpg,55,MODERATE,800.29,SHARP,53.03,DARK,72.68,GOOD,41.12,SOFT,28.29,HIGH,320x240,"Increase Brightness, Sharpen Image, Apply Denoising"
Arson040_x264,motion_0471.jpg,55,MODERATE,809.03,SHARP,52.88,DARK,72.51,GOOD,41.28,SOFT,28.44,HIGH,320x240,"Increase Brightness, Sharpen Image, Apply Denoising"
Arson040_x264,motion_0472.jpg,55,MODERATE,809.24,SHARP,51.91,DARK,71.39,GOOD,41.22,SOFT,28.45,HIGH,320x240,"Increase Brightness, Sharpen Image, Apply Denoising"
Arson040_x264,motion_0473.jpg,55,MODERATE,808.25,SHARP,52.21,DARK,71.81,GOOD,41.07,SOFT,28.43,HIGH,320x240,"Increase Brightness, Sharpen Image, Apply Denoising"
Arson040_x264,motion_0474.jpg,55,MODERATE,800.54,SHARP,52.42,DARK,71.96,GOOD,40.87,SOFT,28.29,HIGH,320x240,"Increase Brightness, Sharpen Image, Apply Denoising"
Arson040_x264,motion_0475.jpg,55,MODERATE,798.25,SHARP,52.42,DARK,71.85,GOOD,40.85,SOFT,28.25,HIGH,320x240,"Increase Brightness, Sharpen Image, Apply Denoising"
Arson040_x264,motion_0476.jpg,55,MODERATE,790.63,SHARP,52.55,DARK,71.97,GOOD,40.67,SOFT,28.12,HIGH,320x240,"Increase Brightness, Sharpen Image, Apply Denoising"
Arson040_x264,motion_0477.jpg,55,MODERATE,786.71,SHARP,52.44,DARK,71.93,GOOD,40.43,SOFT,28.05,HIGH,320x240,"Increase Brightness, Sharpen Image, Apply Denoising"
Arson040_x264,motion_0478.jpg,55,MODERATE,784.58,SHARP,52.3,DARK,71.66,GOOD,40.45,SOFT,28.01,HIGH,320x240,"Increase Brightness, Sharpen Image, Apply Denoising"
Arson040_x264,motion_0479.jpg,55,MODERATE,775.01,SHARP,52.79,DARK,72.47,GOOD,40.09,SOFT,27.84,HIGH,320x240,"Increase Brightness, Sharpen Image, Apply Denoising"
Arson040_x264,motion_0480.jpg,55,MODERATE,773.51,SHARP,53.57,DARK,73.11,GOOD,40.2,SOFT,27.81,HIGH,320x240,"Increase Brightness, Sharpen Image, Apply Denoising"
Arson040_x264,motion_0481.jpg,55,MODERATE,773.94,SHARP,53.37,DARK,72.78,GOOD,40.3,SOFT,27.82,HIGH,320x240,"Increase Brightness, Sharpen Image, Apply Denoising"
Arson040_x264,motion_0482.jpg,55,MODERATE,775.02,SHARP,53.91,DARK,73.45,GOOD,40.27,SOFT,27.84,HIGH,320x240,"Increase Brightness, Sharpen Image, Apply Denoising"
Arson040_x264,motion_0483.jpg,55,MODERATE,765.25,SHARP,53.68,DARK,73.13,GOOD,39.94,SOFT,27.66,HIGH,320x240,"Increase Brightness, Sharpen Image, Apply Denoising"
Arson040_x264,motion_0484.jpg,55,MODERATE,762.4,SHARP,52.35,DARK,71.59,GOOD,39.72,SOFT,27.61,HIGH,320x240,"Increase Brightness, Sharpen Image, Apply Denoising"
Arson040_x264,motion_0485.jpg,55,MODERATE,764.66,SHARP,51.57,DARK,70.78,GOOD,39.9,SOFT,27.65,HIGH,320x240,"Increase Brightness, Sharpen Image, Apply Denoising"
Arson040_x264,motion_0486.jpg,55,MODERATE,759.12,SHARP,51.82,DARK,70.96,GOOD,39.8,SOFT,27.55,HIGH,320x240,"Increase Brightness, Sharpen Image, Apply Denoising"
Arson040_x264,motion_0487.jpg,55,MODERATE,757.53,SHARP,52.4,DARK,71.45,GOOD,39.62,SOFT,27.52,HIGH,320x240,"Increase Brightness, Sharpen Image, Apply Denoising"
Arson040_x264,motion_0488.jpg,55,MODERATE,767.02,SHARP,52.79,DARK,71.86,GOOD,39.8,SOFT,27.7,HIGH,320x240,"Increase Brightness, Sharpen Image, Apply Denoising"
Arson040_x264,motion_0489.jpg,55,MODERATE,768.47,SHARP,51.61,DARK,70.43,GOOD,39.87,SOFT,27.72,HIGH,320x240,"Increase Brightness, Sharpen Image, Apply Denoising"
Arson040_x264,motion_0490.jpg,55,MODERATE,762.41,SHARP,51.11,DARK,69.82,GOOD,39.89,SOFT,27.61,HIGH,320x240,"Increase Brightness, Sharpen Image, Apply Denoising"
Arson040_x264,motion_0491.jpg,55,MODERATE,757.61,SHARP,50.78,DARK,69.4,GOOD,39.82,SOFT,27.52,HIGH,320x240,"Increase Brightness, Sharpen Image, Apply Denoising"
Arson040_x264,motion_0492.jpg,55,MODERATE,742.79,SHARP,50.26,DARK,68.58,GOOD,39.38,SOFT,27.25,HIGH,320x240,"Increase Brightness, Sharpen Image, Apply Denoising"
Arson040_x264,motion_0493.jpg,55,MODERATE,743.49,SHARP,49.96,DARK,68.18,GOOD,39.32,SOFT,27.27,HIGH,320x240,"Increase Brightness, Sharpen Image, Apply Denoising"
Arson040_x264,motion_0494.jpg,55,MODERATE,735.47,SHARP,49.99,DARK,68.21,GOOD,39.11,SOFT,27.12,HIGH,320x240,"Increase Brightness, Sharpen Image, Apply Denoising"
Arson040_x264,motion_0495.jpg,55,MODERATE,738.01,SHARP,50.06,DARK,68.16,GOOD,39.2,SOFT,27.17,HIGH,320x240,"Increase Brightness, Sharpen Image, Apply Denoising"
Arson040_x264,motion_0496.jpg,55,MODERATE,738.4,SHARP,49.57,DARK,67.61,GOOD,39.23,SOFT,27.17,HIGH,320x240,"Increase Brightness, Sharpen Image, Apply Denoising"
Arson040_x264,motion_0497.jpg,55,MODERATE,724.55,SHARP,49.5,DARK,67.61,GOOD,38.94,SOFT,26.92,HIGH,320x240,"Increase Brightness, Sharpen Image, Apply Denoising"
Arson040_x264,motion_0498.jpg,55,MODERATE,723.23,SHARP,49.18,DARK,67.22,GOOD,38.82,SOFT,26.89,HIGH,320x240,"Increase Brightness, Sharpen Image, Apply Denoising"
Arson040_x264,motion_0499.jpg,55,MODERATE,721.18,SHARP,49.18,DARK,67.15,GOOD,38.94,SOFT,26.85,HIGH,320x240,"Increase Brightness, Sharpen Image, Apply Denoising"
Arson040_x264,motion_0500.jpg,55,MODERATE,728.08,SHARP,49.63,DARK,67.05,GOOD,39.37,SOFT,26.98,HIGH,320x240,"Increase Brightness, Sharpen Image, Apply Denoising"
Arson040_x264,motion_0501.jpg,55,MODERATE,717.13,SHARP,49.49,DARK,66.86,GOOD,39.33,SOFT,26.78,HIGH,320x240,"Increase Brightness, Sharpen Image, Apply Denoising"
Arson040_x264,motion_0502.jpg,55,MODERATE,717.41,SHARP,49.33,DARK,66.92,GOOD,39.28,SOFT,26.78,HIGH,320x240,"Increase Brightness, Sharpen Image, Apply Denoising"
Arson040_x264,motion_0503.jpg,55,MODERATE,715.37,SHARP,49.16,DARK,66.87,GOOD,39.09,SOFT,26.75,HIGH,320x240,"Increase Brightness, Sharpen Image, Apply Denoising"
Arson040_x264,motion_0504.jpg,55,MODERATE,715.27,SHARP,48.0,DARK,65.56,GOOD,38.97,SOFT,26.74,HIGH,320x240,"Increase Brightness, Sharpen Image, Apply Denoising"
Arson040_x264,motion_0505.jpg,55,MODERATE,715.82,SHARP,48.2,DARK,65.79,GOOD,39.04,SOFT,26.75,HIGH,320x240,"Increase Brightness, Sharpen Image, Apply Denoising"
Arson040_x264,motion_0506.jpg,55,MODERATE,711.51,SHARP,47.98,DARK,65.44,GOOD,38.82,SOFT,26.67,HIGH,320x240,"Increase Brightness, Sharpen Image, Apply Denoising"
Arson040_x264,motion_0507.jpg,55,MODERATE,715.18,SHARP,47.68,DARK,65.13,GOOD,38.9,SOFT,26.74,HIGH,320x240,"Increase Brightness, Sharpen Image, Apply Denoising"
Arson040_x264,motion_0508.jpg,55,MODERATE,711.44,SHARP,47.97,DARK,65.33,GOOD,38.86,SOFT,26.67,HIGH,320x240,"Increase Brightness, Sharpen Image, Apply Denoising"
Arson040_x264,motion_0509.jpg,55,MODERATE,721.5,SHARP,48.71,DARK,65.9,GOOD,39.1,SOFT,26.86,HIGH,320x240,"Increase Brightness, Sharpen Image, Apply Denoising"
Arson040_x264,motion_0510.jpg,55,MODERATE,719.62,SHARP,49.39,DARK,66.41,GOOD,39.33,SOFT,26.83,HIGH,320x240,"Increase Brightness, Sharpen Image, Apply Denoising"
Arson040_x264,motion_0511.jpg,55,MODERATE,720.6,SHARP,49.62,DARK,66.58,GOOD,39.43,SOFT,26.84,HIGH,320x240,"Increase Brightness, Sharpen Image, Apply Denoising"
Arson040_x264,motion_0512.jpg,55,MODERATE,730.65,SHARP,49.71,DARK,66.68,GOOD,39.49,SOFT,27.03,HIGH,320x240,"Increase Brightness, Sharpen Image, Apply Denoising"
Arson040_x264,motion_0513.jpg,55,MODERATE,729.95,SHARP,49.25,DARK,66.01,GOOD,39.67,SOFT,27.02,HIGH,320x240,"Increase Brightness, Sharpen Image, Apply Denoising"
Arson040_x264,motion_0514.jpg,55,MODERATE,745.57,SHARP,48.92,DARK,65.74,GOOD,39.42,SOFT,27.31,HIGH,320x240,"Increase Brightness, Sharpen Image, Apply Denoising"
Arson040_x264,motion_0515.jpg,55,MODERATE,730.88,SHARP,48.89,DARK,65.64,GOOD,38.93,SOFT,27.03,HIGH,320x240,"Increase Brightness, Sharpen Image, Apply Denoising"
Arson040_x264,motion_0516.jpg,55,MODERATE,720.65,SHARP,48.41,DARK,65.38,GOOD,38.79,SOFT,26.84,HIGH,320x240,"Increase Brightness, Sharpen Image, Apply Denoising"
Arson040_x264,motion_0517.jpg,55,MODERATE,735.25,SHARP,48.95,DARK,66.08,GOOD,39.09,SOFT,27.12,HIGH,320x240,"Increase Brightness, Sharpen Image, Apply Denoising"
Arson040_x264,motion_0518.jpg,55,MODERATE,731.54,SHARP,48.72,DARK,65.72,GOOD,38.93,SOFT,27.05,HIGH,320x240,"Increase Brightness, Sharpen Image, Apply Denoising"
Arson040_x264,motion_0519.jpg,55,MODERATE,729.25,SHARP,48.67,DARK,65.66,GOOD,38.76,SOFT,27.0,HIGH,320x240,"Increase Brightness, Sharpen Image, Apply Denoising"
Arson040_x264,motion_0520.jpg,55,MODERATE,725.78,SHARP,48.65,DARK,65.54,GOOD,38.53,SOFT,26.94,HIGH,320x240,"Increase Brightness, Sharpen Image, Apply Denoising"
Arson040_x264,motion_0521.jpg,55,MODERATE,728.51,SHARP,48.54,DARK,65.36,GOOD,38.66,SOFT,26.99,HIGH,320x240,"Increase Brightness, Sharpen Image, Apply Denoising"
Arson040_x264,motion_0522.jpg,55,MODERATE,735.54,SHARP,48.61,DARK,65.39,GOOD,38.6,SOFT,27.12,HIGH,320x240,"Increase Brightness, Sharpen Image, Apply Denoising"
Arson040_x264,motion_0523.jpg,55,MODERATE,731.9,SHARP,48.67,DARK,65.43,GOOD,38.41,SOFT,27.05,HIGH,320x240,"Increase Brightness, Sharpen Image, Apply Denoising"
Arson040_x264,motion_0524.jpg,55,MODERATE,731.14,SHARP,48.62,DARK,65.36,GOOD,38.29,SOFT,27.04,HIGH,320x240,"Increase Brightness, Sharpen Image, Apply Denoising"
Arson040_x264,motion_0525.jpg,55,MODERATE,727.38,SHARP,48.63,DARK,65.39,GOOD,38.21,SOFT,26.97,HIGH,320x240,"Increase Brightness, Sharpen Image, Apply Denoising"
Arson040_x264,motion_0526.jpg,55,MODERATE,722.16,SHARP,48.11,DARK,64.69,GOOD,37.99,SOFT,26.87,HIGH,320x240,"Increase Brightness, Sharpen Image, Apply Denoising"
Arson040_x264,motion_0527.jpg,55,MODERATE,725.47,SHARP,47.6,DARK,64.02,GOOD,38.18,SOFT,26.93,HIGH,320x240,"Increase Brightness, Sharpen Image, Apply Denoising"
Arson040_x264,motion_0528.jpg,55,MODERATE,760.42,SHARP,51.12,DARK,67.61,GOOD,38.91,SOFT,27.58,HIGH,320x240,"Increase Brightness, Sharpen Image, Apply Denoising"
Arson040_x264,motion_0529.jpg,55,MODERATE,763.61,SHARP,52.2,DARK,68.93,GOOD,38.92,SOFT,27.63,HIGH,320x240,"Increase Brightness, Sharpen Image, Apply Denoising"
Arson040_x264,motion_0530.jpg,55,MODERATE,759.3,SHARP,50.79,DARK,67.1,GOOD,38.98,SOFT,27.56,HIGH,320x240,"Increase Brightness, Sharpen Image, Apply Denoising"
Arson040_x264,motion_0531.jpg,55,MODERATE,758.7,SHARP,50.62,DARK,66.88,GOOD,38.88,SOFT,27.54,HIGH,320x240,"Increase Brightness, Sharpen Image, Apply Denoising"
Arson040_x264,motion_0532.jpg,55,MODERATE,751.73,SHARP,51.34,DARK,67.63,GOOD,38.75,SOFT,27.42,HIGH,320x240,"Increase Brightness, Sharpen Image, Apply Denoising"
Arson040_x264,motion_0533.jpg,55,MODERATE,750.53,SHARP,52.28,DARK,68.75,GOOD,38.72,SOFT,27.4,HIGH,320x240,"Increase Brightness, Sharpen Image, Apply Denoising"
Arson040_x264,motion_0534.jpg,55,MODERATE,748.87,SHARP,51.14,DARK,67.23,GOOD,38.62,SOFT,27.37,HIGH,320x240,"Increase Brightness, Sharpen Image, Apply Denoising"
Arson040_x264,motion_0535.jpg,55,MODERATE,753.58,SHARP,52.53,DARK,69.12,GOOD,38.68,SOFT,27.45,HIGH,320x240,"Increase Brightness, Sharpen Image, Apply Denoising"
Arson040_x264,motion_0536.jpg,55,MODERATE,751.75,SHARP,52.93,DARK,69.53,GOOD,38.62,SOFT,27.42,HIGH,320x240,"Increase Brightness, Sharpen Image, Apply Denoising"
Arson040_x264,motion_0537.jpg,55,MODERATE,748.36,SHARP,52.02,DARK,68.17,GOOD,38.58,SOFT,27.36,HIGH,320x240,"Increase Brightness, Sharpen Image, Apply Denoising"
Arson040_x264,motion_0538.jpg,55,MODERATE,752.37,SHARP,51.48,DARK,67.58,GOOD,38.54,SOFT,27.43,HIGH,320x240,"Increase Brightness, Sharpen Image, Apply Denoising"
Arson040_x264,motion_0539.jpg,55,MODERATE,751.09,SHARP,52.81,DARK,69.3,GOOD,38.45,SOFT,27.41,HIGH,320x240,"Increase Brightness, Sharpen Image, Apply Denoising"
Arson040_x264,motion_0540.jpg,55,MODERATE,753.33,SHARP,53.46,DARK,69.93,GOOD,38.49,SOFT,27.45,HIGH,320x240,"Increase Brightness, Sharpen Image, Apply Denoising"
Arson040_x264,motion_0541.jpg,55,MODERATE,750.03,SHARP,53.48,DARK,69.81,GOOD,38.57,SOFT,27.39,HIGH,320x240,"Increase Brightness, Sharpen Image, Apply Denoising"
Arson040_x264,motion_0542.jpg,55,MODERATE,750.37,SHARP,52.4,DARK,68.53,GOOD,38.81,SOFT,27.39,HIGH,320x240,"Increase Brightness, Sharpen Image, Apply Denoising"
Arson040_x264,motion_0543.jpg,55,MODERATE,748.09,SHARP,52.78,DARK,68.81,GOOD,38.57,SOFT,27.35,HIGH,320x240,"Increase Brightness, Sharpen Image, Apply Denoising"
Arson040_x264,motion_0544.jpg,55,MODERATE,741.46,SHARP,52.15,DARK,67.88,GOOD,38.33,SOFT,27.23,HIGH,320x240,"Increase Brightness, Sharpen Image, Apply Denoising"
Arson040_x264,motion_0545.jpg,55,MODERATE,739.05,SHARP,52.33,DARK,68.2,GOOD,38.24,SOFT,27.19,HIGH,320x240,"Increase Brightness, Sharpen Image, Apply Denoising"
Arson040_x264,motion_0546.jpg,55,MODERATE,736.16,SHARP,52.53,DARK,68.49,GOOD,38.32,SOFT,27.13,HIGH,320x240,"Increase Brightness, Sharpen Image, Apply Denoising"
Arson040_x264,motion_0547.jpg,55,MODERATE,740.85,SHARP,51.6,DARK,67.41,GOOD,38.59,SOFT,27.22,HIGH,320x240,"Increase Brightness, Sharpen Image, Apply Denoising"
Arson040_x264,motion_0548.jpg,55,MODERATE,737.15,SHARP,51.35,DARK,67.2,GOOD,38.25,SOFT,27.15,HIGH,320x240,"Increase Brightness, Sharpen Image, Apply Denoising"
Arson040_x264,motion_0549.jpg,55,MODERATE,735.85,SHARP,51.5,DARK,67.43,GOOD,38.25,SOFT,27.13,HIGH,320x240,"Increase Brightness, Sharpen Image, Apply Denoising"
Arson040_x264,motion_0550.jpg,55,MODERATE,736.93,SHARP,50.94,DARK,67.07,GOOD,38.19,SOFT,27.15,HIGH,320x240,"Increase Brightness, Sharpen Image, Apply Denoising"
Arson040_x264,motion_0551.jpg,55,MODERATE,736.79,SHARP,51.39,DARK,67.59,GOOD,38.2,SOFT,27.14,HIGH,320x240,"Increase Brightness, Sharpen Image, Apply Denoising"
Arson040_x264,motion_0552.jpg,55,MODERATE,733.21,SHARP,51.15,DARK,67.34,GOOD,38.26,SOFT,27.08,HIGH,320x240,"Increase Brightness, Sharpen Image, Apply Denoising"
Arson040_x264,motion_0553.jpg,55,MODERATE,734.4,SHARP,50.59,DARK,66.61,GOOD,38.52,SOFT,27.1,HIGH,320x240,"Increase Brightness, Sharpen Image, Apply Denoising"
Arson040_x264,motion_0554.jpg,55,MODERATE,734.84,SHARP,50.3,DARK,66.3,GOOD,38.28,SOFT,27.11,HIGH,320x240,"Increase Brightness, Sharpen Image, Apply Denoising"
Arson040_x264,motion_0555.jpg,55,MODERATE,737.45,SHARP,50.03,DARK,65.95,GOOD,38.39,SOFT,27.16,HIGH,320x240,"Increase Brightness, Sharpen Image, Apply Denoising"
Arson040_x264,motion_0556.jpg,55,MODERATE,740.05,SHARP,49.87,DARK,65.82,GOOD,38.42,SOFT,27.2,HIGH,320x240,"Increase Brightness, Sharpen Image, Apply Denoising"
Arson040_x264,motion_0557.jpg,55,MODERATE,738.63,SHARP,49.86,DARK,65.88,GOOD,38.28,SOFT,27.18,HIGH,320x240,"Increase Brightness, Sharpen Image, Apply Denoising"
Arson040_x264,motion_0558.jpg,55,MODERATE,737.87,SHARP,50.1,DARK,66.17,GOOD,38.38,SOFT,27.16,HIGH,320x240,"Increase Brightness, Sharpen Image, Apply Denoising"
Arson040_x264,motion_0559.jpg,55,MODERATE,738.72,SHARP,50.44,DARK,66.61,GOOD,38.63,SOFT,27.18,HIGH,320x240,"Increase Brightness, Sharpen Image, Apply Denoising"
Arson040_x264,motion_0560.jpg,55,MODERATE,737.54,SHARP,50.48,DARK,66.63,GOOD,38.51,SOFT,27.16,HIGH,320x240,"Increase Brightness, Sharpen Image, Apply Denoising"
Arson040_x264,motion_0561.jpg,55,MODERATE,736.33,SHARP,50.8,DARK,67.12,GOOD,38.24,SOFT,27.14,HIGH,320x240,"Increase Brightness, Sharpen Image, Apply Denoising"
Arson040_x264,motion_0562.jpg,55,MODERATE,734.45,SHARP,50.72,DARK,66.97,GOOD,38.23,SOFT,27.1,HIGH,320x240,"Increase Brightness, Sharpen Image, Apply Denoising"
Arson040_x264,motion_0563.jpg,55,MODERATE,729.97,SHARP,51.16,DARK,67.48,GOOD,38.22,SOFT,27.02,HIGH,320x240,"Increase Brightness, Sharpen Image, Apply Denoising"
Arson040_x264,motion_0564.jpg,55,MODERATE,732.93,SHARP,51.19,DARK,67.55,GOOD,38.46,SOFT,27.07,HIGH,320x240,"Increase Brightness, Sharpen Image, Apply Denoising"
Arson040_x264,motion_0565.jpg,55,MODERATE,733.61,SHARP,50.81,DARK,67.01,GOOD,38.14,SOFT,27.09,HIGH,320x240,"Increase Brightness, Sharpen Image, Apply Denoising"
Arson040_x264,motion_0566.jpg,55,MODERATE,731.76,SHARP,50.36,DARK,66.36,GOOD,38.16,SOFT,27.05,HIGH,320x240,"Increase Brightness, Sharpen Image, Apply Denoising"
Arson040_x264,motion_0567.jpg,55,MODERATE,735.92,SHARP,50.23,DARK,66.19,GOOD,38.26,SOFT,27.13,HIGH,320x240,"Increase Brightness, Sharpen Image, Apply Denoising"
Arson040_x264,motion_0568.jpg,55,MODERATE,732.37,SHARP,50.75,DARK,66.89,GOOD,38.01,SOFT,27.06,HIGH,320x240,"Increase Brightness, Sharpen Image, Apply Denoising"
Arson040_x264,motion_0569.jpg,55,MODERATE,731.45,SHARP,51.59,DARK,67.97,GOOD,38.0,SOFT,27.05,HIGH,320x240,"Increase Brightness, Sharpen Image, Apply Denoising"
Arson040_x264,motion_0570.jpg,55,MODERATE,737.61,SHARP,52.76,DARK,69.34,GOOD,37.84,SOFT,27.16,HIGH,320x240,"Increase Brightness, Sharpen Image, Apply Denoising"
Arson040_x264,motion_0571.jpg,55,MODERATE,736.43,SHARP,52.65,DARK,69.03,GOOD,37.97,SOFT,27.14,HIGH,320x240,"Increase Brightness, Sharpen Image, Apply Denoising"
Arson040_x264,motion_0572.jpg,55,MODERATE,735.96,SHARP,52.73,DARK,69.09,GOOD,37.91,SOFT,27.13,HIGH,320x240,"Increase Brightness, Sharpen Image, Apply Denoising"
Arson040_x264,motion_0573.jpg,55,MODERATE,734.1,SHARP,52.17,DARK,68.23,GOOD,37.98,SOFT,27.09,HIGH,320x240,"Increase Brightness, Sharpen Image, Apply Denoising"
Arson040_x264,motion_0574.jpg,55,MODERATE,732.68,SHARP,51.66,DARK,67.63,GOOD,38.02,SOFT,27.07,HIGH,320x240,"Increase Brightness, Sharpen Image, Apply Denoising"
Arson040_x264,motion_0575.jpg,55,MODERATE,733.52,SHARP,51.49,DARK,67.43,GOOD,37.72,SOFT,27.08,HIGH,320x240,"Increase Brightness, Sharpen Image, Apply Denoising"
Arson040_x264,motion_0576.jpg,55,MODERATE,731.06,SHARP,51.81,DARK,67.9,GOOD,37.68,SOFT,27.04,HIGH,320x240,"Increase Brightness, Sharpen Image, Apply Denoising"
Arson040_x264,motion_0577.jpg,55,MODERATE,730.97,SHARP,52.74,DARK,69.03,GOOD,37.82,SOFT,27.04,HIGH,320x240,"Increase Brightness, Sharpen Image, Apply Denoising"
Arson040_x264,motion_0578.jpg,55,MODERATE,731.24,SHARP,52.81,DARK,69.08,GOOD,37.86,SOFT,27.04,HIGH,320x240,"Increase Brightness, Sharpen Image, Apply Denoising"
Arson040_x264,motion_0579.jpg,55,MODERATE,731.13,SHARP,52.51,DARK,68.73,GOOD,37.97,SOFT,27.04,HIGH,320x240,"Increase Brightness, Sharpen Image, Apply Denoising"
Arson040_x264,motion_0580.jpg,55,MODERATE,731.31,SHARP,52.33,DARK,68.43,GOOD,38.08,SOFT,27.04,HIGH,320x240,"Increase Brightness, Sharpen Image, Apply Denoising"
Arson040_x264,motion_0581.jpg,55,MODERATE,724.65,SHARP,52.83,DARK,68.84,GOOD,37.63,SOFT,26.92,HIGH,320x240,"Increase Brightness, Sharpen Image, Apply Denoising"
Arson040_x264,motion_0582.jpg,55,MODERATE,724.4,SHARP,53.12,DARK,69.21,GOOD,37.5,SOFT,26.91,HIGH,320x240,"Increase Brightness, Sharpen Image, Apply Denoising"
Arson040_x264,motion_0583.jpg,55,MODERATE,726.13,SHARP,53.33,DARK,69.47,GOOD,37.64,SOFT,26.95,HIGH,320x240,"Increase Brightness, Sharpen Image, Apply Denoising"
Arson040_x264,motion_0584.jpg,55,MODERATE,724.47,SHARP,52.59,DARK,68.54,GOOD,37.68,SOFT,26.92,HIGH,320x240,"Increase Brightness, Sharpen Image, Apply Denoising"
Arson040_x264,motion_0585.jpg,55,MODERATE,725.82,SHARP,52.49,DARK,68.39,GOOD,37.6,SOFT,26.94,HIGH,320x240,"Increase Brightness, Sharpen Image, Apply Denoising"
Arson040_x264,motion_0586.jpg,55,MODERATE,723.15,SHARP,52.38,DARK,68.26,GOOD,37.66,SOFT,26.89,HIGH,320x240,"Increase Brightness, Sharpen Image, Apply Denoising"
Arson040_x264,motion_0587.jpg,55,MODERATE,711.83,SHARP,51.04,DARK,66.6,GOOD,37.4,SOFT,26.68,HIGH,320x240,"Increase Brightness, Sharpen Image, Apply Denoising"
Arson040_x264,motion_0588.jpg,55,MODERATE,713.13,SHARP,50.23,DARK,65.73,GOOD,37.44,SOFT,26.7,HIGH,320x240,"Increase Brightness, Sharpen Image, Apply Denoising"
Arson040_x264,motion_0589.jpg,55,MODERATE,714.71,SHARP,49.97,DARK,65.38,GOOD,37.35,SOFT,26.73,HIGH,320x240,"Increase Brightness, Sharpen Image, Apply Denoising"
Arson040_x264,motion_0590.jpg,55,MODERATE,716.3,SHARP,50.89,DARK,66.63,GOOD,37.4,SOFT,26.76,HIGH,320x240,"Increase Brightness, Sharpen Image, Apply Denoising"
Arson040_x264,motion_0591.jpg,55,MODERATE,715.45,SHARP,52.17,DARK,68.16,GOOD,37.45,SOFT,26.75,HIGH,320x240,"Increase Brightness, Sharpen Image, Apply Denoising"
Arson040_x264,motion_0592.jpg,55,MODERATE,718.23,SHARP,51.66,DARK,67.55,GOOD,37.43,SOFT,26.8,HIGH,320x240,"Increase Brightness, Sharpen Image, Apply Denoising"
Arson040_x264,motion_0593.jpg,55,MODERATE,715.25,SHARP,51.75,DARK,67.7,GOOD,37.44,SOFT,26.74,HIGH,320x240,"Increase Brightness, Sharpen Image, Apply Denoising"
Arson040_x264,motion_0594.jpg,55,MODERATE,714.82,SHARP,51.35,DARK,67.11,GOOD,37.52,SOFT,26.74,HIGH,320x240,"Increase Brightness, Sharpen Image, Apply Denoising"
Arson040_x264,motion_0595.jpg,55,MODERATE,713.38,SHARP,51.47,DARK,67.27,GOOD,37.63,SOFT,26.71,HIGH,320x240,"Increase Brightness, Sharpen Image, Apply Denoising"
Arson040_x264,motion_0596.jpg,55,MODERATE,716.17,SHARP,51.49,DARK,67.37,GOOD,37.86,SOFT,26.76,HIGH,320x240,"Increase Brightness, Sharpen Image, Apply Denoising"
Arson040_x264,motion_0597.jpg,55,MODERATE,720.34,SHARP,51.62,DARK,67.67,GOOD,37.89,SOFT,26.84,HIGH,320x240,"Increase Brightness, Sharpen Image, Apply Denoising"
Arson040_x264,motion_0598.jpg,55,MODERATE,713.82,SHARP,51.2,DARK,67.12,GOOD,37.54,SOFT,26.72,HIGH,320x240,"Increase Brightness, Sharpen Image, Apply Denoising"
Arson040_x264,motion_0599.jpg,55,MODERATE,716.14,SHARP,50.48,DARK,66.26,GOOD,37.35,SOFT,26.76,HIGH,320x240,"Increase Brightness, Sharpen Image, Apply Denoising"
Arson040_x264,motion_0600.jpg,55,MODERATE,708.46,SHARP,51.33,DARK,67.72,GOOD,37.46,SOFT,26.62,HIGH,320x240,"Increase Brightness, Sharpen Image, Apply Denoising"
Arson040_x264,motion_0601.jpg,55,MODERATE,722.28,SHARP,51.72,DARK,68.3,GOOD,37.86,SOFT,26.88,HIGH,320x240,"Increase Brightness, Sharpen Image, Apply Denoising"
Arson040_x264,motion_0602.jpg,55,MODERATE,722.75,SHARP,52.01,DARK,68.57,GOOD,38.0,SOFT,26.88,HIGH,320x240,"Increase Brightness, Sharpen Image, Apply Denoising"
Arson040_x264,motion_0603.jpg,55,MODERATE,721.78,SHARP,51.69,DARK,68.03,GOOD,38.07,SOFT,26.87,HIGH,320x240,"Increase Brightness, Sharpen Image, Apply Denoising"
Arson040_x264,motion_0604.jpg,55,MODERATE,721.03,SHARP,51.19,DARK,67.5,GOOD,38.02,SOFT,26.85,HIGH,320x240,"Increase Brightness, Sharpen Image, Apply Denoising"
Arson040_x264,motion_0605.jpg,55,MODERATE,723.06,SHARP,51.22,DARK,67.57,GOOD,38.15,SOFT,26.89,HIGH,320x240,"Increase Brightness, Sharpen Image, Apply Denoising"
Arson040_x264,motion_0606.jpg,55,MODERATE,721.76,SHARP,51.1,DARK,67.44,GOOD,38.01,SOFT,26.87,HIGH,320x240,"Increase Brightness, Sharpen Image, Apply Denoising"
Arson040_x264,motion_0607.jpg,55,MODERATE,722.59,SHARP,51.23,DARK,67.62,GOOD,37.9,SOFT,26.88,HIGH,320x240,"Increase Brightness, Sharpen Image, Apply Denoising"
Arson040_x264,motion_0608.jpg,55,MODERATE,721.23,SHARP,51.2,DARK,67.61,GOOD,37.89,SOFT,26.86,HIGH,320x240,"Increase Brightness, Sharpen Image, Apply Denoising"
Arson040_x264,motion_0609.jpg,55,MODERATE,721.55,SHARP,51.45,DARK,67.86,GOOD,37.96,SOFT,26.86,HIGH,320x240,"Increase Brightness, Sharpen Image, Apply Denoising"
Arson040_x264,motion_0610.jpg,55,MODERATE,720.21,SHARP,51.46,DARK,67.89,GOOD,37.8,SOFT,26.84,HIGH,320x240,"Increase Brightness, Sharpen Image, Apply Denoising"
Arson040_x264,motion_0611.jpg,55,MODERATE,717.72,SHARP,51.65,DARK,68.06,GOOD,37.8,SOFT,26.79,HIGH,320x240,"Increase Brightness, Sharpen Image, Apply Denoising"
Arson040_x264,motion_0612.jpg,55,MODERATE,723.68,SHARP,52.12,DARK,68.66,GOOD,37.89,SOFT,26.9,HIGH,320x240,"Increase Brightness, Sharpen Image, Apply Denoising"
Arson040_x264,motion_0613.jpg,55,MODERATE,740.27,SHARP,53.45,DARK,69.97,GOOD,37.47,SOFT,27.21,HIGH,320x240,"Increase Brightness, Sharpen Image, Apply Denoising"
Arson040_x264,motion_0614.jpg,55,MODERATE,733.12,SHARP,52.8,DARK,69.09,GOOD,37.43,SOFT,27.08,HIGH,320x240,"Increase Brightness, Sharpen Image, Apply Denoising"
Arson040_x264,motion_0615.jpg,55,MODERATE,733.91,SHARP,53.16,DARK,69.54,GOOD,37.59,SOFT,27.09,HIGH,320x240,"Increase Brightness, Sharpen Image, Apply Denoising"
Arson040_x264,motion_0616.jpg,55,MODERATE,732.94,SHARP,53.12,DARK,69.53,GOOD,37.77,SOFT,27.07,HIGH,320x240,"Increase Brightness, Sharpen Image, Apply Denoising"
Arson040_x264,motion_0617.jpg,55,MODERATE,732.06,SHARP,53.19,DARK,69.38,GOOD,38.0,SOFT,27.06,HIGH,320x240,"Increase Brightness, Sharpen Image, Apply Denoising"
Arson040_x264,motion_0618.jpg,55,MODERATE,735.13,SHARP,53.03,DARK,69.29,GOOD,37.82,SOFT,27.11,HIGH,320x240,"Increase Brightness, Sharpen Image, Apply Denoising"
Arson040_x264,motion_0619.jpg,55,MODERATE,726.74,SHARP,52.13,DARK,68.15,GOOD,37.61,SOFT,26.96,HIGH,320x240,"Increase Brightness, Sharpen Image, Apply Denoising"
Arson040_x264,motion_0620.jpg,55,MODERATE,728.15,SHARP,51.6,DARK,67.57,GOOD,37.76,SOFT,26.98,HIGH,320x240,"Increase Brightness, Sharpen Image, Apply Denoising"
Arson040_x264,motion_0621.jpg,55,MODERATE,725.75,SHARP,52.33,DARK,68.6,GOOD,37.87,SOFT,26.94,HIGH,320x240,"Increase Brightness, Sharpen Image, Apply Denoising"
Arson040_x264,motion_0622.jpg,55,MODERATE,722.31,SHARP,52.57,DARK,68.66,GOOD,38.15,SOFT,26.88,HIGH,320x240,"Increase Brightness, Sharpen Image, Apply Denoising"
Arson040_x264,motion_0623.jpg,55,MODERATE,717.97,SHARP,52.55,DARK,68.65,GOOD,37.91,SOFT,26.8,HIGH,320x240,"Increase Brightness, Sharpen Image, Apply Denoising"
Arson040_x264,motion_0624.jpg,55,MODERATE,717.75,SHARP,52.23,DARK,68.16,GOOD,37.96,SOFT,26.79,HIGH,320x240,"Increase Brightness, Sharpen Image, Apply Denoising"
Arson040_x264,motion_0625.jpg,55,MODERATE,717.78,SHARP,52.7,DARK,68.78,GOOD,38.16,SOFT,26.79,HIGH,320x240,"Increase Brightness, Sharpen Image, Apply Denoising"
Arson040_x264,motion_0626.jpg,55,MODERATE,721.75,SHARP,52.65,DARK,68.69,GOOD,38.33,SOFT,26.87,HIGH,320x240,"Increase Brightness, Sharpen Image, Apply Denoising"
Arson040_x264,motion_0627.jpg,55,MODERATE,720.57,SHARP,52.47,DARK,68.46,GOOD,37.97,SOFT,26.84,HIGH,320x240,"Increase Brightness, Sharpen Image, Apply Denoising"
Arson040_x264,motion_0628.jpg,55,MODERATE,718.94,SHARP,52.24,DARK,68.16,GOOD,37.98,SOFT,26.81,HIGH,320x240,"Increase Brightness, Sharpen Image, Apply Denoising"
Arson040_x264,motion_0629.jpg,55,MODERATE,720.97,SHARP,52.21,DARK,68.1,GOOD,37.98,SOFT,26.85,HIGH,320x240,"Increase Brightness, Sharpen Image, Apply Denoising"
Arson040_x264,motion_0630.jpg,55,MODERATE,717.4,SHARP,51.28,DARK,67.21,GOOD,37.88,SOFT,26.78,HIGH,320x240,"Increase Brightness, Sharpen Image, Apply Denoising"
Arson040_x264,motion_0631.jpg,55,MODERATE,714.3,SHARP,51.28,DARK,67.23,GOOD,37.83,SOFT,26.73,HIGH,320x240,"Increase Brightness, Sharpen Image, Apply Denoising"
Arson040_x264,motion_0632.jpg,55,MODERATE,715.69,SHARP,51.29,DARK,67.3,GOOD,37.92,SOFT,26.75,HIGH,320x240,"Increase Brightness, Sharpen Image, Apply Denoising"
Arson040_x264,motion_0633.jpg,55,MODERATE,714.15,SHARP,50.66,DARK,66.5,GOOD,37.82,SOFT,26.72,HIGH,320x240,"Increase Brightness, Sharpen Image, Apply Denoising"
Arson040_x264,motion_0634.jpg,55,MODERATE,714.38,SHARP,49.96,DARK,65.73,GOOD,37.75,SOFT,26.73,HIGH,320x240,"Increase Brightness, Sharpen Image, Apply Denoising"
Arson040_x264,motion_0635.jpg,55,MODERATE,713.6,SHARP,50.61,DARK,66.58,GOOD,37.76,SOFT,26.71,HIGH,320x240,"Increase Brightness, Sharpen Image, Apply Denoising"
Arson040_x264,motion_0636.jpg,55,MODERATE,713.3,SHARP,51.26,DARK,67.28,GOOD,37.69,SOFT,26.71,HIGH,320x240,"Increase Brightness, Sharpen Image, Apply Denoising"
Arson040_x264,motion_0637.jpg,55,MODERATE,717.14,SHARP,52.14,DARK,68.41,GOOD,37.77,SOFT,26.78,HIGH,320x240,"Increase Brightness, Sharpen Image, Apply Denoising"
Arson040_x264,motion_0638.jpg,55,MODERATE,716.94,SHARP,52.32,DARK,68.51,GOOD,37.87,SOFT,26.78,HIGH,320x240,"Increase Brightness, Sharpen Image, Apply Denoising"
Arson040_x264,motion_0639.jpg,55,MODERATE,722.68,SHARP,52.14,DARK,68.37,GOOD,38.0,SOFT,26.88,HIGH,320x240,"Increase Brightness, Sharpen Image, Apply Denoising"
Arson040_x264,motion_0640.jpg,55,MODERATE,716.22,SHARP,52.15,DARK,68.44,GOOD,37.65,SOFT,26.76,HIGH,320x240,"Increase Brightness, Sharpen Image, Apply Denoising"
Arson040_x264,motion_0641.jpg,55,MODERATE,716.25,SHARP,51.78,DARK,68.0,GOOD,37.61,SOFT,26.76,HIGH,320x240,"Increase Brightness, Sharpen Image, Apply Denoising"
Arson040_x264,motion_0642.jpg,55,MODERATE,709.73,SHARP,49.71,DARK,65.51,GOOD,37.37,SOFT,26.64,HIGH,320x240,"Increase Brightness, Sharpen Image, Apply Denoising"
Arson040_x264,motion_0643.jpg,55,MODERATE,708.68,SHARP,49.87,DARK,65.81,GOOD,37.19,SOFT,26.62,HIGH,320x240,"Increase Brightness, Sharpen Image, Apply Denoising"
Arson040_x264,motion_0644.jpg,55,MODERATE,705.48,SHARP,50.35,DARK,66.49,GOOD,36.99,SOFT,26.56,HIGH,320x240,"Increase Brightness, Sharpen Image, Apply Denoising"
Arson040_x264,motion_0645.jpg,55,MODERATE,705.38,SHARP,50.82,DARK,67.0,GOOD,37.06,SOFT,26.56,HIGH,320x240,"Increase Brightness, Sharpen Image, Apply Denoising"
Arson040_x264,motion_0646.jpg,55,MODERATE,705.12,SHARP,50.95,DARK,67.09,GOOD,37.12,SOFT,26.55,HIGH,320x240,"Increase Brightness, Sharpen Image, Apply Denoising"
Arson040_x264,motion_0647.jpg,55,MODERATE,705.82,SHARP,50.97,DARK,67.02,GOOD,37.28,SOFT,26.57,HIGH,320x240,"Increase Brightness, Sharpen Image, Apply Denoising"
Arson040_x264,motion_0648.jpg,55,MODERATE,714.98,SHARP,52.53,DARK,69.08,GOOD,37.2,SOFT,26.74,HIGH,320x240,"Increase Brightness, Sharpen Image, Apply Denoising"
Arson040_x264,motion_0649.jpg,55,MODERATE,714.49,SHARP,53.84,DARK,70.4,GOOD,37.0,SOFT,26.73,HIGH,320x240,"Increase Brightness, Sharpen Image, Apply Denoising"
Arson040_x264,motion_0650.jpg,55,MODERATE,714.68,SHARP,53.82,DARK,70.28,GOOD,37.17,SOFT,26.73,HIGH,320x240,"Increase Brightness, Sharpen Image, Apply Denoising"
Arson040_x264,motion_0651.jpg,55,MODERATE,715.53,SHARP,52.0,DARK,67.84,GOOD,37.08,SOFT,26.75,HIGH,320x240,"Increase Brightness, Sharpen Image, Apply Denoising"
Arson040_x264,motion_0652.jpg,55,MODERATE,712.26,SHARP,50.91,DARK,66.71,GOOD,36.99,SOFT,26.69,HIGH,320x240,"Increase Brightness, Sharpen Image, Apply Denoising"
Arson040_x264,motion_0653.jpg,55,MODERATE,710.88,SHARP,51.57,DARK,67.58,GOOD,37.15,SOFT,26.66,HIGH,320x240,"Increase Brightness, Sharpen Image, Apply Denoising"
Arson040_x264,motion_0654.jpg,55,MODERATE,713.6,SHARP,50.93,DARK,66.76,GOOD,37.07,SOFT,26.71,HIGH,320x240,"Increase Brightness, Sharpen Image, Apply Denoising"
Arson040_x264,motion_0655.jpg,55,MODERATE,719.55,SHARP,51.34,DARK,67.53,GOOD,37.06,SOFT,26.82,HIGH,320x240,"Increase Brightness, Sharpen Image, Apply Denoising"
Arson040_x264,motion_0656.jpg,55,MODERATE,716.94,SHARP,50.37,DARK,66.24,GOOD,36.91,SOFT,26.78,HIGH,320x240,"Increase Brightness, Sharpen Image, Apply Denoising"
Arson040_x264,motion_0657.jpg,55,MODERATE,717.14,SHARP,50.22,DARK,66.05,GOOD,37.06,SOFT,26.78,HIGH,320x240,"Increase Brightness, Sharpen Image, Apply Denoising"
Arson040_x264,motion_0658.jpg,55,MODERATE,714.06,SHARP,50.35,DARK,66.22,GOOD,36.91,SOFT,26.72,HIGH,320x240,"Increase Brightness, Sharpen Image, Apply Denoising"
Arson040_x264,motion_0659.jpg,55,MODERATE,714.63,SHARP,51.81,DARK,67.96,GOOD,36.99,SOFT,26.73,HIGH,320x240,"Increase Brightness, Sharpen Image, Apply Denoising"
Arson040_x264,motion_0660.jpg,55,MODERATE,701.57,SHARP,49.65,DARK,65.21,GOOD,36.34,SOFT,26.49,HIGH,320x240,"Increase Brightness, Sharpen Image, Apply Denoising"
Arson040_x264,motion_0661.jpg,55,MODERATE,708.2,SHARP,49.67,DARK,65.59,GOOD,36.4,SOFT,26.61,HIGH,320x240,"Increase Brightness, Sharpen Image, Apply Denoising"
Arson040_x264,motion_0662.jpg,55,MODERATE,710.21,SHARP,51.59,DARK,67.76,GOOD,36.31,SOFT,26.65,HIGH,320x240,"Increase Brightness, Sharpen Image, Apply Denoising"
Arson040_x264,motion_0663.jpg,55,MODERATE,711.44,SHARP,52.64,DARK,69.0,GOOD,36.37,SOFT,26.67,HIGH,320x240,"Increase Brightness, Sharpen Image, Apply Denoising"
Arson040_x264,motion_0664.jpg,55,MODERATE,705.41,SHARP,51.02,DARK,66.98,GOOD,36.33,SOFT,26.56,HIGH,320x240,"Increase Brightness, Sharpen Image, Apply Denoising"
Arson040_x264,motion_0665.jpg,55,MODERATE,701.2,SHARP,48.97,DARK,64.61,GOOD,36.26,SOFT,26.48,HIGH,320x240,"Increase Brightness, Sharpen Image, Apply Denoising"
Arson040_x264,motion_0666.jpg,55,MODERATE,706.48,SHARP,49.88,DARK,65.86,GOOD,36.44,SOFT,26.58,HIGH,320x240,"Increase Brightness, Sharpen Image, Apply Denoising"
Arson040_x264,motion_0667.jpg,55,MODERATE,712.89,SHARP,51.54,DARK,67.77,GOOD,36.76,SOFT,26.7,HIGH,320x240,"Increase Brightness, Sharpen Image, Apply Denoising"
Arson040_x264,motion_0668.jpg,55,MODERATE,713.26,SHARP,51.06,DARK,66.92,GOOD,36.76,SOFT,26.71,HIGH,320x240,"Increase Brightness, Sharpen Image, Apply Denoising"
Arson040_x264,motion_0669.jpg,55,MODERATE,712.13,SHARP,51.31,DARK,67.34,GOOD,36.83,SOFT,26.69,HIGH,320x240,"Increase Brightness, Sharpen Image, Apply Denoising"
Arson040_x264,motion_0670.jpg,55,MODERATE,716.67,SHARP,51.03,DARK,66.96,GOOD,36.96,SOFT,26.77,HIGH,320x240,"Increase Brightness, Sharpen Image, Apply Denoising"
Arson040_x264,motion_0671.jpg,55,MODERATE,715.34,SHARP,52.47,DARK,68.67,GOOD,36.93,SOFT,26.75,HIGH,320x240,"Increase Brightness, Sharpen Image, Apply Denoising"
Arson040_x264,motion_0672.jpg,55,MODERATE,709.89,SHARP,51.51,DARK,67.33,GOOD,36.81,SOFT,26.64,HIGH,320x240,"Increase Brightness, Sharpen Image, Apply Denoising"
Arson040_x264,motion_0673.jpg,55,MODERATE,705.86,SHARP,49.98,DARK,65.57,GOOD,36.67,SOFT,26.57,HIGH,320x240,"Increase Brightness, Sharpen Image, Apply Denoising"
Arson040_x264,motion_0674.jpg,55,MODERATE,703.48,SHARP,49.81,DARK,65.42,GOOD,36.44,SOFT,26.52,HIGH,320x240,"Increase Brightness, Sharpen Image, Apply Denoising"
Arson040_x264,motion_0675.jpg,55,MODERATE,700.82,SHARP,51.78,DARK,67.9,GOOD,36.35,SOFT,26.47,HIGH,320x240,"Increase Brightness, Sharpen Image, Apply Denoising"
Arson040_x264,motion_0676.jpg,55,MODERATE,702.42,SHARP,50.82,DARK,66.56,GOOD,36.48,SOFT,26.5,HIGH,320x240,"Increase Brightness, Sharpen Image, Apply Denoising"
Arson040_x264,motion_0677.jpg,55,MODERATE,701.84,SHARP,50.84,DARK,66.46,GOOD,36.5,SOFT,26.49,HIGH,320x240,"Increase Brightness, Sharpen Image, Apply Denoising"
Arson040_x264,motion_0678.jpg,55,MODERATE,703.96,SHARP,52.38,DARK,68.35,GOOD,36.6,SOFT,26.53,HIGH,320x240,"Increase Brightness, Sharpen Image, Apply Denoising"
Arson040_x264,motion_0679.jpg,55,MODERATE,695.96,SHARP,50.78,DARK,66.3,GOOD,36.47,SOFT,26.38,HIGH,320x240,"Increase Brightness, Sharpen Image, Apply Denoising"
Arson040_x264,motion_0680.jpg,55,MODERATE,702.18,SHARP,50.82,DARK,66.56,GOOD,36.84,SOFT,26.5,HIGH,320x240,"Increase Brightness, Sharpen Image, Apply Denoising"
Arson040_x264,motion_0681.jpg,55,MODERATE,699.25,SHARP,50.89,DARK,66.59,GOOD,36.61,SOFT,26.44,HIGH,320x240,"Increase Brightness, Sharpen Image, Apply Denoising"
Arson040_x264,motion_0682.jpg,55,MODERATE,695.92,SHARP,51.69,DARK,67.57,GOOD,36.73,SOFT,26.38,HIGH,320x240,"Increase Brightness, Sharpen Image, Apply Denoising"
Arson040_x264,motion_0683.jpg,55,MODERATE,701.78,SHARP,52.01,DARK,67.94,GOOD,36.93,SOFT,26.49,HIGH,320x240,"Increase Brightness, Sharpen Image, Apply Denoising"
Arson040_x264,motion_0684.jpg,55,MODERATE,703.41,SHARP,52.15,DARK,68.01,GOOD,37.11,SOFT,26.52,HIGH,320x240,"Increase Brightness, Sharpen Image, Apply Denoising"
Arson040_x264,motion_0685.jpg,55,MODERATE,709.14,SHARP,51.18,DARK,66.54,GOOD,36.73,SOFT,26.63,HIGH,320x240,"Increase Brightness, Sharpen Image, Apply Denoising"
Arson040_x264,motion_0686.jpg,55,MODERATE,707.04,SHARP,50.4,DARK,65.75,GOOD,36.73,SOFT,26.59,HIGH,320x240,"Increase Brightness, Sharpen Image, Apply Denoising"
Arson040_x264,motion_0687.jpg,55,MODERATE,705.98,SHARP,50.03,DARK,65.24,GOOD,36.7,SOFT,26.57,HIGH,320x240,"Increase Brightness, Sharpen Image, Apply Denoising"
Arson040_x264,motion_0688.jpg,55,MODERATE,705.2,SHARP,49.73,DARK,64.88,GOOD,36.67,SOFT,26.56,HIGH,320x240,"Increase Brightness, Sharpen Image, Apply Denoising"
Arson040_x264,motion_0689.jpg,55,MODERATE,690.56,SHARP,50.96,DARK,66.58,GOOD,36.42,SOFT,26.28,HIGH,320x240,"Increase Brightness, Sharpen Image, Apply Denoising"
Arson040_x264,motion_0690.jpg,55,MODERATE,692.77,SHARP,50.91,DARK,66.43,GOOD,36.56,SOFT,26.32,HIGH,320x240,"Increase Brightness, Sharpen Image, Apply Denoising"
Arson040_x264,motion_0691.jpg,55,MODERATE,691.77,SHARP,50.85,DARK,66.23,GOOD,36.4,SOFT,26.3,HIGH,320x240,"Increase Brightness, Sharpen Image, Apply Denoising"
Arson040_x264,motion_0692.jpg,55,MODERATE,688.52,SHARP,50.43,DARK,65.43,GOOD,36.41,SOFT,26.24,HIGH,320x240,"Increase Brightness, Sharpen Image, Apply Denoising"
Arson040_x264,motion_0693.jpg,55,MODERATE,687.26,SHARP,48.86,DARK,63.52,GOOD,36.37,SOFT,26.22,HIGH,320x240,"Increase Brightness, Sharpen Image, Apply Denoising"
Arson040_x264,motion_0694.jpg,55,MODERATE,693.54,SHARP,49.64,DARK,64.61,GOOD,36.65,SOFT,26.34,HIGH,320x240,"Increase Brightness, Sharpen Image, Apply Denoising"
Arson040_x264,motion_0695.jpg,55,MODERATE,690.12,SHARP,49.83,DARK,64.76,GOOD,36.62,SOFT,26.27,HIGH,320x240,"Increase Brightness, Sharpen Image, Apply Denoising"
Arson040_x264,motion_0696.jpg,55,MODERATE,690.8,SHARP,50.11,DARK,65.12,GOOD,36.74,SOFT,26.28,HIGH,320x240,"Increase Brightness, Sharpen Image, Apply Denoising"
Arson040_x264,motion_0697.jpg,55,MODERATE,694.14,SHARP,51.24,DARK,66.53,GOOD,36.67,SOFT,26.35,HIGH,320x240,"Increase Brightness, Sharpen Image, Apply Denoising"
Arson040_x264,motion_0698.jpg,55,MODERATE,692.5,SHARP,50.82,DARK,65.4,GOOD,36.86,SOFT,26.32,HIGH,320x240,"Increase Brightness, Sharpen Image, Apply Denoising"
Arson040_x264,motion_0699.jpg,55,MODERATE,692.68,SHARP,49.98,DARK,64.16,GOOD,36.76,SOFT,26.32,HIGH,320x240,"Increase Brightness, Sharpen Image, Apply Denoising"
Arson040_x264,motion_0700.jpg,55,MODERATE,689.23,SHARP,49.92,DARK,64.04,GOOD,36.68,SOFT,26.25,HIGH,320x240,"Increase Brightness, Sharpen Image, Apply Denoising"
Arson040_x264,motion_0701.jpg,55,MODERATE,687.63,SHARP,50.0,DARK,64.06,GOOD,36.67,SOFT,26.22,HIGH,320x240,"Increase Brightness, Sharpen Image, Apply Denoising"
Arson040_x264,motion_0702.jpg,55,MODERATE,694.38,SHARP,50.77,DARK,64.89,GOOD,37.16,SOFT,26.35,HIGH,320x240,"Increase Brightness, Sharpen Image, Apply Denoising"
Arson040_x264,motion_0703.jpg,55,MODERATE,694.92,SHARP,50.35,DARK,64.24,GOOD,37.24,SOFT,26.36,HIGH,320x240,"Increase Brightness, Sharpen Image, Apply Denoising"
Arson040_x264,motion_0704.jpg,55,MODERATE,695.38,SHARP,50.93,DARK,65.03,GOOD,37.42,SOFT,26.37,HIGH,320x240,"Increase Brightness, Sharpen Image, Apply Denoising"
Arson040_x264,motion_0705.jpg,55,MODERATE,693.99,SHARP,50.23,DARK,63.98,GOOD,37.19,SOFT,26.34,HIGH,320x240,"Increase Brightness, Sharpen Image, Apply Denoising"
Arson040_x264,motion_0706.jpg,55,MODERATE,691.74,SHARP,49.17,DARK,62.45,GOOD,37.22,SOFT,26.3,HIGH,320x240,"Increase Brightness, Sharpen Image, Apply Denoising"
Arson040_x264,motion_0707.jpg,55,MODERATE,690.63,SHARP,49.62,DARK,63.11,GOOD,37.29,SOFT,26.28,HIGH,320x240,"Increase Brightness, Sharpen Image, Apply Denoising"
Arson040_x264,motion_0708.jpg,55,MODERATE,704.51,SHARP,49.69,DARK,62.77,GOOD,37.86,SOFT,26.54,HIGH,320x240,"Increase Brightness, Sharpen Image, Apply Denoising"
Arson040_x264,motion_0709.jpg,55,MODERATE,703.99,SHARP,49.72,DARK,62.8,GOOD,37.87,SOFT,26.53,HIGH,320x240,"Increase Brightness, Sharpen Image, Apply Denoising"
Arson040_x264,motion_0710.jpg,55,MODERATE,707.45,SHARP,49.62,DARK,62.58,GOOD,37.91,SOFT,26.6,HIGH,320x240,"Increase Brightness, Sharpen Image, Apply Denoising"
Arson040_x264,motion_0711.jpg,55,MODERATE,715.54,SHARP,49.23,DARK,61.84,GOOD,37.83,SOFT,26.75,HIGH,320x240,"Increase Brightness, Sharpen Image, Apply Denoising"
Arson040_x264,motion_0712.jpg,55,MODERATE,725.07,SHARP,51.09,DARK,63.99,GOOD,38.43,SOFT,26.93,HIGH,320x240,"Increase Brightness, Sharpen Image, Apply Denoising"
Arson040_x264,motion_0713.jpg,55,MODERATE,724.05,SHARP,50.9,DARK,63.85,GOOD,38.46,SOFT,26.91,HIGH,320x240,"Increase Brightness, Sharpen Image, Apply Denoising"
Arson040_x264,motion_0714.jpg,55,MODERATE,726.06,SHARP,50.96,DARK,64.02,GOOD,38.52,SOFT,26.95,HIGH,320x240,"Increase Brightness, Sharpen Image, Apply Denoising"
Arson040_x264,motion_0715.jpg,55,MODERATE,722.73,SHARP,51.16,DARK,64.21,GOOD,38.41,SOFT,26.88,HIGH,320x240,"Increase Brightness, Sharpen Image, Apply Denoising"
Arson040_x264,motion_0716.jpg,55,MODERATE,726.74,SHARP,51.11,DARK,64.15,GOOD,38.49,SOFT,26.96,HIGH,320x240,"Increase Brightness, Sharpen Image, Apply Denoising"
Arson040_x264,motion_0717.jpg,55,MODERATE,737.33,SHARP,51.96,DARK,65.19,GOOD,38.67,SOFT,27.15,HIGH,320x240,"Increase Brightness, Sharpen Image, Apply Denoising"
Arson040_x264,motion_0718.jpg,55,MODERATE,736.03,SHARP,51.36,DARK,64.26,GOOD,38.63,SOFT,27.13,HIGH,320x240,"Increase Brightness, Sharpen Image, Apply Denoising"
Arson040_x264,motion_0719.jpg,55,MODERATE,733.99,SHARP,51.27,DARK,63.99,GOOD,38.63,SOFT,27.09,HIGH,320x240,"Increase Brightness, Sharpen Image, Apply Denoising"
Arson040_x264,motion_0720.jpg,55,MODERATE,736.5,SHARP,51.43,DARK,64.24,GOOD,38.6,SOFT,27.14,HIGH,320x240,"Increase Brightness, Sharpen Image, Apply Denoising"
Arson040_x264,motion_0721.jpg,55,MODERATE,729.36,SHARP,52.56,DARK,65.79,GOOD,38.36,SOFT,27.01,HIGH,320x240,"Increase Brightness, Sharpen Image, Apply Denoising"
Arson040_x264,motion_0722.jpg,55,MODERATE,720.84,SHARP,50.19,DARK,63.0,GOOD,37.79,SOFT,26.85,HIGH,320x240,"Increase Brightness, Sharpen Image, Apply Denoising"
Arson040_x264,motion_0723.jpg,55,MODERATE,719.44,SHARP,51.02,DARK,64.18,GOOD,37.82,SOFT,26.82,HIGH,320x240,"Increase Brightness, Sharpen Image, Apply Denoising"
Arson040_x264,motion_0724.jpg,55,MODERATE,707.27,SHARP,51.21,DARK,63.8,GOOD,37.75,SOFT,26.59,HIGH,320x240,"Increase Brightness, Sharpen Image, Apply Denoising"
Arson040_x264,motion_0725.jpg,55,MODERATE,708.92,SHARP,52.0,DARK,64.76,GOOD,37.86,SOFT,26.63,HIGH,320x240,"Increase Brightness, Sharpen Image, Apply Denoising"
Arson040_x264,motion_0726.jpg,55,MODERATE,712.68,SHARP,53.53,DARK,66.58,GOOD,37.96,SOFT,26.7,HIGH,320x240,"Increase Brightness, Sharpen Image, Apply Denoising"
Arson040_x264,motion_0727.jpg,55,MODERATE,704.94,SHARP,50.59,DARK,62.66,GOOD,37.81,SOFT,26.55,HIGH,320x240,"Increase Brightness, Sharpen Image, Apply Denoising"
Arson040_x264,motion_0728.jpg,55,MODERATE,708.64,SHARP,50.13,DARK,62.15,GOOD,37.9,SOFT,26.62,HIGH,320x240,"Increase Brightness, Sharpen Image, Apply Denoising"
Arson040_x264,motion_0729.jpg,55,MODERATE,709.73,SHARP,49.99,DARK,62.12,GOOD,37.94,SOFT,26.64,HIGH,320x240,"Increase Brightness, Sharpen Image, Apply Denoising"
Arson040_x264,motion_0730.jpg,55,MODERATE,711.35,SHARP,50.98,DARK,63.49,GOOD,38.12,SOFT,26.67,HIGH,320x240,"Increase Brightness, Sharpen Image, Apply Denoising"
Arson040_x264,motion_0731.jpg,55,MODERATE,709.02,SHARP,51.87,DARK,64.51,GOOD,38.25,SOFT,26.63,HIGH,320x240,"Increase Brightness, Sharpen Image, Apply Denoising"
Arson040_x264,motion_0732.jpg,55,MODERATE,706.66,SHARP,51.74,DARK,64.28,GOOD,38.1,SOFT,26.58,HIGH,320x240,"Increase Brightness, Sharpen Image, Apply Denoising"
Arson040_x264,motion_0733.jpg,55,MODERATE,705.55,SHARP,51.53,DARK,63.93,GOOD,38.4,SOFT,26.56,HIGH,320x240,"Increase Brightness, Sharpen Image, Apply Denoising"
Arson040_x264,motion_0734.jpg,55,MODERATE,707.87,SHARP,50.99,DARK,63.22,GOOD,38.63,SOFT,26.61,HIGH,320x240,"Increase Brightness, Sharpen Image, Apply Denoising"
Arson040_x264,motion_0735.jpg,55,MODERATE,713.92,SHARP,51.62,DARK,64.13,GOOD,39.31,SOFT,26.72,HIGH,320x240,"Increase Brightness, Sharpen Image, Apply Denoising"
Arson040_x264,motion_0736.jpg,55,MODERATE,713.26,SHARP,51.71,DARK,64.23,GOOD,39.26,SOFT,26.71,HIGH,320x240,"Increase Brightness, Sharpen Image, Apply Denoising"
Arson040_x264,motion_0737.jpg,55,MODERATE,720.73,SHARP,53.14,DARK,66.05,GOOD,39.49,SOFT,26.85,HIGH,320x240,"Increase Brightness, Sharpen Image, Apply Denoising"
Arson040_x264,motion_0738.jpg,55,MODERATE,716.85,SHARP,52.92,DARK,65.71,GOOD,39.27,SOFT,26.77,HIGH,320x240,"Increase Brightness, Sharpen Image, Apply Denoising"
Arson040_x264,motion_0739.jpg,55,MODERATE,704.79,SHARP,51.5,DARK,63.8,GOOD,38.84,SOFT,26.55,HIGH,320x240,"Increase Brightness, Sharpen Image, Apply Denoising"
Arson040_x264,motion_0740.jpg,55,MODERATE,707.59,SHARP,50.97,DARK,63.21,GOOD,39.03,SOFT,26.6,HIGH,320x240,"Increase Brightness, Sharpen Image, Apply Denoising"
Arson040_x264,motion_0741.jpg,55,MODERATE,711.84,SHARP,51.33,DARK,63.73,GOOD,39.27,SOFT,26.68,HIGH,320x240,"Increase Brightness, Sharpen Image, Apply Denoising"
Arson040_x264,motion_0742.jpg,55,MODERATE,717.86,SHARP,52.13,DARK,64.89,GOOD,39.44,SOFT,26.79,HIGH,320x240,"Increase Brightness, Sharpen Image, Apply Denoising"
Arson040_x264,motion_0743.jpg,55,MODERATE,715.48,SHARP,52.46,DARK,65.21,GOOD,39.37,SOFT,26.75,HIGH,320x240,"Increase Brightness, Sharpen Image, Apply Denoising"
Arson040_x264,motion_0744.jpg,55,MODERATE,719.26,SHARP,53.12,DARK,66.01,GOOD,39.54,SOFT,26.82,HIGH,320x240,"Increase Brightness, Sharpen Image, Apply Denoising"
Arson040_x264,motion_0745.jpg,55,MODERATE,717.48,SHARP,53.11,DARK,65.88,GOOD,39.59,SOFT,26.79,HIGH,320x240,"Increase Brightness, Sharpen Image, Apply Denoising"
Arson040_x264,motion_0746.jpg,55,MODERATE,721.35,SHARP,52.32,DARK,64.7,GOOD,39.74,SOFT,26.86,HIGH,320x240,"Increase Brightness, Sharpen Image, Apply Denoising"
Arson040_x264,motion_0747.jpg,55,MODERATE,723.89,SHARP,52.24,DARK,64.51,GOOD,39.58,SOFT,26.91,HIGH,320x240,"Increase Brightness, Sharpen Image, Apply Denoising"
Arson040_x264,motion_0748.jpg,55,MODERATE,717.31,SHARP,49.79,DARK,61.75,GOOD,39.18,SOFT,26.78,HIGH,320x240,"Increase Brightness, Sharpen Image, Apply Denoising"
Arson040_x264,motion_0749.jpg,55,MODERATE,717.7,SHARP,49.83,DARK,61.94,GOOD,39.19,SOFT,26.79,HIGH,320x240,"Increase Brightness, Sharpen Image, Apply Denoising"
Arson040_x264,motion_0750.jpg,55,MODERATE,718.61,SHARP,50.37,DARK,62.6,GOOD,39.26,SOFT,26.81,HIGH,320x240,"Increase Brightness, Sharpen Image, Apply Denoising"
Arson040_x264,motion_0751.jpg,55,MODERATE,723.68,SHARP,50.41,DARK,62.69,GOOD,39.38,SOFT,26.9,HIGH,320x240,"Increase Brightness, Sharpen Image, Apply Denoising"
Arson040_x264,motion_0752.jpg,55,MODERATE,723.4,SHARP,49.88,DARK,62.22,GOOD,39.25,SOFT,26.9,HIGH,320x240,"Increase Brightness, Sharpen Image, Apply Denoising"
Arson040_x264,motion_0753.jpg,55,MODERATE,730.2,SHARP,51.44,DARK,64.21,GOOD,39.47,SOFT,27.02,HIGH,320x240,"Increase Brightness, Sharpen Image, Apply Denoising"
Arson040_x264,motion_0754.jpg,55,MODERATE,736.63,SHARP,53.83,DARK,66.77,GOOD,39.68,SOFT,27.14,HIGH,320x240,"Increase Brightness, Sharpen Image, Apply Denoising"
Arson040_x264,motion_0755.jpg,55,MODERATE,729.56,SHARP,53.75,DARK,66.46,GOOD,39.55,SOFT,27.01,HIGH,320x240,"Increase Brightness, Sharpen Image, Apply Denoising"
Arson040_x264,motion_0756.jpg,55,MODERATE,738.4,SHARP,53.8,DARK,66.57,GOOD,39.66,SOFT,27.17,HIGH,320x240,"Increase Brightness, Sharpen Image, Apply Denoising"
Arson040_x264,motion_0757.jpg,55,MODERATE,733.87,SHARP,53.64,DARK,66.31,GOOD,39.59,SOFT,27.09,HIGH,320x240,"Increase Brightness, Sharpen Image, Apply Denoising"
Arson040_x264,motion_0758.jpg,55,MODERATE,735.12,SHARP,51.59,DARK,63.86,GOOD,39.34,SOFT,27.11,HIGH,320x240,"Increase Brightness, Sharpen Image, Apply Denoising"
Arson040_x264,motion_0759.jpg,55,MODERATE,731.21,SHARP,51.65,DARK,63.91,GOOD,39.18,SOFT,27.04,HIGH,320x240,"Increase Brightness, Sharpen Image, Apply Denoising"
Arson040_x264,motion_0760.jpg,55,MODERATE,734.58,SHARP,52.16,DARK,64.76,GOOD,39.31,SOFT,27.1,HIGH,320x240,"Increase Brightness, Sharpen Image, Apply Denoising"
Arson040_x264,motion_0761.jpg,55,MODERATE,732.28,SHARP,52.93,DARK,65.51,GOOD,39.19,SOFT,27.06,HIGH,320x240,"Increase Brightness, Sharpen Image, Apply Denoising"
Arson040_x264,motion_0762.jpg,55,MODERATE,734.75,SHARP,51.71,DARK,64.01,GOOD,39.09,SOFT,27.11,HIGH,320x240,"Increase Brightness, Sharpen Image, Apply Denoising"
Arson040_x264,motion_0763.jpg,55,MODERATE,728.26,SHARP,52.13,DARK,64.58,GOOD,39.08,SOFT,26.99,HIGH,320x240,"Increase Brightness, Sharpen Image, Apply Denoising"
Arson040_x264,motion_0764.jpg,55,MODERATE,732.94,SHARP,52.48,DARK,65.05,GOOD,39.09,SOFT,27.07,HIGH,320x240,"Increase Brightness, Sharpen Image, Apply Denoising"
Arson040_x264,motion_0765.jpg,55,MODERATE,725.18,SHARP,52.85,DARK,65.42,GOOD,38.97,SOFT,26.93,HIGH,320x240,"Increase Brightness, Sharpen Image, Apply Denoising"
Arson040_x264,motion_0766.jpg,55,MODERATE,726.21,SHARP,53.51,DARK,66.01,GOOD,39.14,SOFT,26.95,HIGH,320x240,"Increase Brightness, Sharpen Image, Apply Denoising"
Arson040_x264,motion_0767.jpg,55,MODERATE,728.65,SHARP,53.59,DARK,65.93,GOOD,39.2,SOFT,26.99,HIGH,320x240,"Increase Brightness, Sharpen Image, Apply Denoising"
Arson040_x264,motion_0768.jpg,55,MODERATE,722.47,SHARP,52.49,DARK,64.56,GOOD,39.07,SOFT,26.88,HIGH,320x240,"Increase Brightness, Sharpen Image, Apply Denoising"
Arson040_x264,motion_0769.jpg,55,MODERATE,723.76,SHARP,52.95,DARK,65.08,GOOD,39.17,SOFT,26.9,HIGH,320x240,"Increase Brightness, Sharpen Image, Apply Denoising"
Arson040_x264,motion_0770.jpg,55,MODERATE,731.0,SHARP,53.44,DARK,65.71,GOOD,39.17,SOFT,27.04,HIGH,320x240,"Increase Brightness, Sharpen Image, Apply Denoising"
Arson040_x264,motion_0771.jpg,55,MODERATE,725.23,SHARP,53.89,DARK,66.4,GOOD,38.8,SOFT,26.93,HIGH,320x240,"Increase Brightness, Sharpen Image, Apply Denoising"
Arson040_x264,motion_0772.jpg,55,MODERATE,716.77,SHARP,54.17,DARK,66.22,GOOD,38.43,SOFT,26.77,HIGH,320x240,"Increase Brightness, Sharpen Image, Apply Denoising"
Arson040_x264,motion_0773.jpg,55,MODERATE,719.21,SHARP,55.21,DARK,67.54,GOOD,38.63,SOFT,26.82,HIGH,320x240,"Increase Brightness, Sharpen Image, Apply Denoising"
Arson040_x264,motion_0774.jpg,55,MODERATE,713.67,SHARP,56.4,DARK,68.62,GOOD,38.39,SOFT,26.71,HIGH,320x240,"Increase Brightness, Sharpen Image, Apply Denoising"
Arson040_x264,motion_0775.jpg,55,MODERATE,715.14,SHARP,55.13,DARK,67.11,GOOD,38.44,SOFT,26.74,HIGH,320x240,"Increase Brightness, Sharpen Image, Apply Denoising"
Arson040_x264,motion_0776.jpg,55,MODERATE,712.44,SHARP,54.92,DARK,66.88,GOOD,38.45,SOFT,26.69,HIGH,320x240,"Increase Brightness, Sharpen Image, Apply Denoising"
Arson040_x264,motion_0777.jpg,55,MODERATE,717.73,SHARP,55.26,DARK,67.25,GOOD,38.37,SOFT,26.79,HIGH,320x240,"Increase Brightness, Sharpen Image, Apply Denoising"
Arson040_x264,motion_0778.jpg,55,MODERATE,711.32,SHARP,56.14,DARK,68.09,GOOD,38.4,SOFT,26.67,HIGH,320x240,"Increase Brightness, Sharpen Image, Apply Denoising"
Arson040_x264,motion_0779.jpg,55,MODERATE,710.91,SHARP,57.24,DARK,69.01,GOOD,38.27,SOFT,26.66,HIGH,320x240,"Increase Brightness, Sharpen Image, Apply Denoising"
Arson040_x264,motion_0780.jpg,55,MODERATE,706.78,SHARP,57.45,DARK,69.15,GOOD,38.03,SOFT,26.59,HIGH,320x240,"Increase Brightness, Sharpen Image, Apply Denoising"
Arson040_x264,motion_0781.jpg,55,MODERATE,710.19,SHARP,57.18,DARK,69.35,GOOD,38.02,SOFT,26.65,HIGH,320x240,"Increase Brightness, Sharpen Image, Apply Denoising"
Arson040_x264,motion_0782.jpg,55,MODERATE,715.81,SHARP,59.28,DARK,71.83,GOOD,38.04,SOFT,26.75,HIGH,320x240,"Increase Brightness, Sharpen Image, Apply Denoising"
Arson040_x264,motion_0783.jpg,55,MODERATE,707.45,SHARP,54.16,DARK,67.16,GOOD,37.55,SOFT,26.6,HIGH,320x240,"Increase Brightness, Sharpen Image, Apply Denoising"
Arson040_x264,motion_0784.jpg,55,MODERATE,699.24,SHARP,52.52,DARK,65.26,GOOD,37.62,SOFT,26.44,HIGH,320x240,"Increase Brightness, Sharpen Image, Apply Denoising"
Arson040_x264,motion_0785.jpg,55,MODERATE,687.27,SHARP,51.58,DARK,64.48,GOOD,37.45,SOFT,26.22,HIGH,320x240,"Increase Brightness, Sharpen Image, Apply Denoising"
Arson040_x264,motion_0786.jpg,55,MODERATE,690.92,SHARP,50.5,DARK,63.58,GOOD,37.78,SOFT,26.29,HIGH,320x240,"Increase Brightness, Sharpen Image, Apply Denoising"
Arson040_x264,motion_0787.jpg,55,MODERATE,693.5,SHARP,51.45,DARK,64.86,GOOD,37.87,SOFT,26.33,HIGH,320x240,"Increase Brightness, Sharpen Image, Apply Denoising"
Arson040_x264,motion_0788.jpg,55,MODERATE,694.46,SHARP,51.95,DARK,65.57,GOOD,37.93,SOFT,26.35,HIGH,320x240,"Increase Brightness, Sharpen Image, Apply Denoising"
Arson040_x264,motion_0789.jpg,55,MODERATE,697.54,SHARP,52.18,DARK,65.87,GOOD,37.94,SOFT,26.41,HIGH,320x240,"Increase Brightness, Sharpen Image, Apply Denoising"
Arson040_x264,motion_0790.jpg,55,MODERATE,702.65,SHARP,53.24,DARK,66.81,GOOD,38.1,SOFT,26.51,HIGH,320x240,"Increase Brightness, Sharpen Image, Apply Denoising"
Arson040_x264,motion_0791.jpg,55,MODERATE,704.0,SHARP,53.21,DARK,66.67,GOOD,37.98,SOFT,26.53,HIGH,320x240,"Increase Brightness, Sharpen Image, Apply Denoising"
Arson040_x264,motion_0792.jpg,55,MODERATE,706.21,SHARP,52.66,DARK,65.96,GOOD,37.98,SOFT,26.57,HIGH,320x240,"Increase Brightness, Sharpen Image, Apply Denoising"
Arson040_x264,motion_0793.jpg,55,MODERATE,708.41,SHARP,50.77,DARK,63.98,GOOD,38.08,SOFT,26.62,HIGH,320x240,"Increase Brightness, Sharpen Image, Apply Denoising"
Arson040_x264,motion_0794.jpg,55,MODERATE,708.7,SHARP,50.36,DARK,63.58,GOOD,37.94,SOFT,26.62,HIGH,320x240,"Increase Brightness, Sharpen Image, Apply Denoising"
Arson040_x264,motion_0795.jpg,55,MODERATE,702.2,SHARP,50.27,DARK,63.45,GOOD,37.78,SOFT,26.5,HIGH,320x240,"Increase Brightness, Sharpen Image, Apply Denoising"
Arson040_x264,motion_0796.jpg,55,MODERATE,690.58,SHARP,48.98,DARK,62.1,GOOD,37.62,SOFT,26.28,HIGH,320x240,"Increase Brightness, Sharpen Image, Apply Denoising"
Arson040_x264,motion_0797.jpg,55,MODERATE,699.95,SHARP,52.49,DARK,65.93,GOOD,38.09,SOFT,26.46,HIGH,320x240,"Increase Brightness, Sharpen Image, Apply Denoising"
Arson040_x264,motion_0798.jpg,55,MODERATE,699.28,SHARP,53.83,DARK,67.02,GOOD,38.07,SOFT,26.44,HIGH,320x240,"Increase Brightness, Sharpen Image, Apply Denoising"
Arson040_x264,motion_0799.jpg,55,MODERATE,700.52,SHARP,53.08,DARK,65.76,GOOD,38.15,SOFT,26.47,HIGH,320x240,"Increase Brightness, Sharpen Image, Apply Denoising"
Arson040_x264,motion_0800.jpg,55,MODERATE,699.37,SHARP,51.8,DARK,64.26,GOOD,38.12,SOFT,26.45,HIGH,320x240,"Increase Brightness, Sharpen Image, Apply Denoising"
Arson040_x264,motion_0801.jpg,55,MODERATE,700.11,SHARP,51.95,DARK,64.46,GOOD,38.09,SOFT,26.46,HIGH,320x240,"Increase Brightness, Sharpen Image, Apply Denoising"
Arson040_x264,motion_0802.jpg,55,MODERATE,700.05,SHARP,52.37,DARK,65.07,GOOD,38.29,SOFT,26.46,HIGH,320x240,"Increase Brightness, Sharpen Image, Apply Denoising"
Arson040_x264,motion_0803.jpg,55,MODERATE,700.34,SHARP,52.04,DARK,64.56,GOOD,38.35,SOFT,26.46,HIGH,320x240,"Increase Brightness, Sharpen Image, Apply Denoising"
Arson040_x264,motion_0804.jpg,55,MODERATE,710.11,SHARP,50.91,DARK,63.35,GOOD,38.44,SOFT,26.65,HIGH,320x240,"Increase Brightness, Sharpen Image, Apply Denoising"
Arson040_x264,motion_0805.jpg,55,MODERATE,707.99,SHARP,50.87,DARK,63.35,GOOD,38.34,SOFT,26.61,HIGH,320x240,"Increase Brightness, Sharpen Image, Apply Denoising"
Arson040_x264,motion_0806.jpg,55,MODERATE,714.0,SHARP,50.87,DARK,63.24,GOOD,38.56,SOFT,26.72,HIGH,320x240,"Increase Brightness, Sharpen Image, Apply Denoising"
Arson040_x264,motion_0807.jpg,55,MODERATE,713.26,SHARP,50.92,DARK,63.34,GOOD,38.59,SOFT,26.71,HIGH,320x240,"Increase Brightness, Sharpen Image, Apply Denoising"
Arson040_x264,motion_0808.jpg,55,MODERATE,711.45,SHARP,51.63,DARK,64.28,GOOD,38.67,SOFT,26.67,HIGH,320x240,"Increase Brightness, Sharpen Image, Apply Denoising"
Arson040_x264,motion_0809.jpg,55,MODERATE,709.49,SHARP,51.86,DARK,64.52,GOOD,38.78,SOFT,26.64,HIGH,320x240,"Increase Brightness, Sharpen Image, Apply Denoising"
Arson040_x264,motion_0810.jpg,55,MODERATE,705.35,SHARP,51.82,DARK,64.49,GOOD,38.71,SOFT,26.56,HIGH,320x240,"Increase Brightness, Sharpen Image, Apply Denoising"
Arson040_x264,motion_0811.jpg,55,MODERATE,706.86,SHARP,50.66,DARK,62.96,GOOD,38.45,SOFT,26.59,HIGH,320x240,"Increase Brightness, Sharpen Image, Apply Denoising"
Arson040_x264,motion_0812.jpg,55,MODERATE,706.03,SHARP,49.89,DARK,62.15,GOOD,38.33,SOFT,26.57,HIGH,320x240,"Increase Brightness, Sharpen Image, Apply Denoising"
Arson040_x264,motion_0813.jpg,55,MODERATE,708.95,SHARP,50.24,DARK,62.74,GOOD,38.34,SOFT,26.63,HIGH,320x240,"Increase Brightness, Sharpen Image, Apply Denoising"
Arson040_x264,motion_0814.jpg,55,MODERATE,716.24,SHARP,50.53,DARK,63.31,GOOD,38.53,SOFT,26.76,HIGH,320x240,"Increase Brightness, Sharpen Image, Apply Denoising"
Arson040_x264,motion_0815.jpg,55,MODERATE,719.42,SHARP,51.13,DARK,64.04,GOOD,38.55,SOFT,26.82,HIGH,320x240,"Increase Brightness, Sharpen Image, Apply Denoising"
Arson040_x264,motion_0816.jpg,55,MODERATE,727.0,SHARP,51.54,DARK,64.55,GOOD,38.73,SOFT,26.96,HIGH,320x240,"Increase Brightness, Sharpen Image, Apply Denoising"
Arson040_x264,motion_0817.jpg,55,MODERATE,726.5,SHARP,52.45,DARK,65.46,GOOD,38.72,SOFT,26.95,HIGH,320x240,"Increase Brightness, Sharpen Image, Apply Denoising"
Arson040_x264,motion_0818.jpg,55,MODERATE,725.68,SHARP,52.02,DARK,64.96,GOOD,38.75,SOFT,26.94,HIGH,320x240,"Increase Brightness, Sharpen Image, Apply Denoising"
Arson040_x264,motion_0819.jpg,55,MODERATE,739.18,SHARP,52.25,DARK,65.18,GOOD,38.94,SOFT,27.19,HIGH,320x240,"Increase Brightness, Sharpen Image, Apply Denoising"
Arson040_x264,motion_0820.jpg,55,MODERATE,739.37,SHARP,52.5,DARK,65.5,GOOD,38.95,SOFT,27.19,HIGH,320x240,"Increase Brightness, Sharpen Image, Apply Denoising"
Arson040_x264,motion_0821.jpg,55,MODERATE,739.14,SHARP,53.05,DARK,66.17,GOOD,38.98,SOFT,27.19,HIGH,320x240,"Increase Brightness, Sharpen Image, Apply Denoising"
Arson040_x264,motion_0822.jpg,55,MODERATE,738.93,SHARP,52.81,DARK,65.81,GOOD,39.01,SOFT,27.18,HIGH,320x240,"Increase Brightness, Sharpen Image, Apply Denoising"
Arson040_x264,motion_0823.jpg,55,MODERATE,733.99,SHARP,52.36,DARK,65.3,GOOD,39.08,SOFT,27.09,HIGH,320x240,"Increase Brightness, Sharpen Image, Apply Denoising"
Arson040_x264,motion_0824.jpg,55,MODERATE,730.12,SHARP,52.24,DARK,65.17,GOOD,39.07,SOFT,27.02,HIGH,320x240,"Increase Brightness, Sharpen Image, Apply Denoising"
Arson040_x264,motion_0825.jpg,55,MODERATE,724.56,SHARP,51.64,DARK,64.34,GOOD,38.75,SOFT,26.92,HIGH,320x240,"Increase Brightness, Sharpen Image, Apply Denoising"
Arson040_x264,motion_0826.jpg,55,MODERATE,722.02,SHARP,51.51,DARK,64.36,GOOD,38.56,SOFT,26.87,HIGH,320x240,"Increase Brightness, Sharpen Image, Apply Denoising"
Arson040_x264,motion_0827.jpg,55,MODERATE,713.52,SHARP,50.93,DARK,63.57,GOOD,38.38,SOFT,26.71,HIGH,320x240,"Increase Brightness, Sharpen Image, Apply Denoising"
Arson040_x264,motion_0828.jpg,55,MODERATE,714.59,SHARP,50.81,DARK,63.44,GOOD,38.35,SOFT,26.73,HIGH,320x240,"Increase Brightness, Sharpen Image, Apply Denoising"
Arson040_x264,motion_0829.jpg,55,MODERATE,717.3,SHARP,52.02,DARK,65.1,GOOD,38.43,SOFT,26.78,HIGH,320x240,"Increase Brightness, Sharpen Image, Apply Denoising"
Arson040_x264,motion_0830.jpg,55,MODERATE,713.41,SHARP,52.02,DARK,64.99,GOOD,38.42,SOFT,26.71,HIGH,320x240,"Increase Brightness, Sharpen Image, Apply Denoising"
Arson040_x264,motion_0831.jpg,55,MODERATE,710.81,SHARP,51.5,DARK,64.17,GOOD,38.22,SOFT,26.66,HIGH,320x240,"Increase Brightness, Sharpen Image, Apply Denoising"
Arson040_x264,motion_0832.jpg,55,MODERATE,712.64,SHARP,52.53,DARK,65.62,GOOD,38.38,SOFT,26.7,HIGH,320x240,"Increase Brightness, Sharpen Image, Apply Denoising"
Arson040_x264,motion_0833.jpg,55,MODERATE,716.52,SHARP,52.26,DARK,65.21,GOOD,38.53,SOFT,26.77,HIGH,320x240,"Increase Brightness, Sharpen Image, Apply Denoising"
Arson040_x264,motion_0834.jpg,55,MODERATE,715.4,SHARP,52.18,DARK,65.14,GOOD,38.52,SOFT,26.75,HIGH,320x240,"Increase Brightness, Sharpen Image, Apply Denoising"
Arson040_x264,motion_0835.jpg,55,MODERATE,725.77,SHARP,52.15,DARK,65.15,GOOD,38.69,SOFT,26.94,HIGH,320x240,"Increase Brightness, Sharpen Image, Apply Denoising"
Arson040_x264,motion_0836.jpg,55,MODERATE,724.05,SHARP,51.84,DARK,64.72,GOOD,38.78,SOFT,26.91,HIGH,320x240,"Increase Brightness, Sharpen Image, Apply Denoising"
Arson040_x264,motion_0837.jpg,55,MODERATE,722.67,SHARP,51.99,DARK,65.0,GOOD,38.77,SOFT,26.88,HIGH,320x240,"Increase Brightness, Sharpen Image, Apply Denoising"
Arson040_x264,motion_0838.jpg,55,MODERATE,724.55,SHARP,52.07,DARK,65.16,GOOD,38.84,SOFT,26.92,HIGH,320x240,"Increase Brightness, Sharpen Image, Apply Denoising"
Arson040_x264,motion_0839.jpg,55,MODERATE,722.27,SHARP,52.11,DARK,65.22,GOOD,38.69,SOFT,26.88,HIGH,320x240,"Increase Brightness, Sharpen Image, Apply Denoising"
Arson040_x264,motion_0840.jpg,55,MODERATE,722.46,SHARP,51.78,DARK,64.82,GOOD,38.56,SOFT,26.88,HIGH,320x240,"Increase Brightness, Sharpen Image, Apply Denoising"
Arson040_x264,motion_0841.jpg,55,MODERATE,713.22,SHARP,51.13,DARK,64.1,GOOD,38.56,SOFT,26.71,HIGH,320x240,"Increase Brightness, Sharpen Image, Apply Denoising"
Arson040_x264,motion_0842.jpg,55,MODERATE,712.27,SHARP,51.13,DARK,64.09,GOOD,38.59,SOFT,26.69,HIGH,320x240,"Increase Brightness, Sharpen Image, Apply Denoising"
Arson040_x264,motion_0843.jpg,55,MODERATE,712.69,SHARP,51.45,DARK,64.63,GOOD,38.7,SOFT,26.7,HIGH,320x240,"Increase Brightness, Sharpen Image, Apply Denoising"
Arson040_x264,motion_0844.jpg,55,MODERATE,719.98,SHARP,52.43,DARK,66.08,GOOD,38.79,SOFT,26.83,HIGH,320x240,"Increase Brightness, Sharpen Image, Apply Denoising"
Arson040_x264,motion_0845.jpg,55,MODERATE,716.5,SHARP,52.58,DARK,66.13,GOOD,38.84,SOFT,26.77,HIGH,320x240,"Increase Brightness, Sharpen Image, Apply Denoising"
Arson040_x264,motion_0846.jpg,55,MODERATE,713.5,SHARP,51.66,DARK,64.8,GOOD,38.59,SOFT,26.71,HIGH,320x240,"Increase Brightness, Sharpen Image, Apply Denoising"
Arson040_x264,motion_0847.jpg,55,MODERATE,713.39,SHARP,51.91,DARK,65.34,GOOD,38.58,SOFT,26.71,HIGH,320x240,"Increase Brightness, Sharpen Image, Apply Denoising"
Arson040_x264,motion_0848.jpg,55,MODERATE,711.93,SHARP,50.58,DARK,63.45,GOOD,38.49,SOFT,26.68,HIGH,320x240,"Increase Brightness, Sharpen Image, Apply Denoising"
Arson040_x264,motion_0849.jpg,55,MODERATE,718.94,SHARP,51.55,DARK,64.82,GOOD,38.69,SOFT,26.81,HIGH,320x240,"Increase Brightness, Sharpen Image, Apply Denoising"
Arson040_x264,motion_0850.jpg,55,MODERATE,719.64,SHARP,52.25,DARK,65.57,GOOD,38.69,SOFT,26.83,HIGH,320x240,"Increase Brightness, Sharpen Image, Apply Denoising"
Arson040_x264,motion_0851.jpg,55,MODERATE,718.61,SHARP,50.86,DARK,63.61,GOOD,38.49,SOFT,26.81,HIGH,320x240,"Increase Brightness, Sharpen Image, Apply Denoising"
Arson040_x264,motion_0852.jpg,55,MODERATE,717.39,SHARP,50.7,DARK,63.48,GOOD,38.63,SOFT,26.78,HIGH,320x240,"Increase Brightness, Sharpen Image, Apply Denoising"
Arson040_x264,motion_0853.jpg,55,MODERATE,719.94,SHARP,52.14,DARK,65.23,GOOD,38.81,SOFT,26.83,HIGH,320x240,"Increase Brightness, Sharpen Image, Apply Denoising"
Arson040_x264,motion_0854.jpg,55,MODERATE,719.95,SHARP,51.5,DARK,64.06,GOOD,38.86,SOFT,26.83,HIGH,320x240,"Increase Brightness, Sharpen Image, Apply Denoising"
Arson040_x264,motion_0855.jpg,55,MODERATE,713.3,SHARP,53.38,DARK,66.67,GOOD,38.68,SOFT,26.71,HIGH,320x240,"Increase Brightness, Sharpen Image, Apply Denoising"
Arson040_x264,motion_0856.jpg,55,MODERATE,712.47,SHARP,53.13,DARK,66.23,GOOD,38.72,SOFT,26.69,HIGH,320x240,"Increase Brightness, Sharpen Image, Apply Denoising"
Arson040_x264,motion_0857.jpg,55,MODERATE,712.96,SHARP,52.59,DARK,65.35,GOOD,38.71,SOFT,26.7,HIGH,320x240,"Increase Brightness, Sharpen Image, Apply Denoising"
Arson040_x264,motion_0858.jpg,55,MODERATE,716.62,SHARP,53.42,DARK,66.46,GOOD,38.7,SOFT,26.77,HIGH,320x240,"Increase Brightness, Sharpen Image, Apply Denoising"
Arson040_x264,motion_0859.jpg,55,MODERATE,714.33,SHARP,52.71,DARK,65.33,GOOD,38.56,SOFT,26.73,HIGH,320x240,"Increase Brightness, Sharpen Image, Apply Denoising"
Arson040_x264,motion_0860.jpg,55,MODERATE,711.43,SHARP,52.28,DARK,64.7,GOOD,38.54,SOFT,26.67,HIGH,320x240,"Increase Brightness, Sharpen Image, Apply Denoising"
Arson040_x264,motion_0861.jpg,55,MODERATE,714.66,SHARP,53.13,DARK,65.81,GOOD,38.55,SOFT,26.73,HIGH,320x240,"Increase Brightness, Sharpen Image, Apply Denoising"
Arson040_x264,motion_0862.jpg,55,MODERATE,705.25,SHARP,52.56,DARK,64.8,GOOD,38.15,SOFT,26.56,HIGH,320x240,"Increase Brightness, Sharpen Image, Apply Denoising"
Arson040_x264,motion_0863.jpg,55,MODERATE,701.54,SHARP,52.5,DARK,64.74,GOOD,38.14,SOFT,26.49,HIGH,320x240,"Increase Brightness, Sharpen Image, Apply Denoising"
Arson040_x264,motion_0864.jpg,55,MODERATE,693.91,SHARP,50.97,DARK,62.85,GOOD,37.93,SOFT,26.34,HIGH,320x240,"Increase Brightness, Sharpen Image, Apply Denoising"
Arson040_x264,motion_0865.jpg,55,MODERATE,694.06,SHARP,50.35,DARK,62.2,GOOD,38.06,SOFT,26.35,HIGH,320x240,"Increase Brightness, Sharpen Image, Apply Denoising"
Arson040_x264,motion_0866.jpg,55,MODERATE,695.56,SHARP,50.45,DARK,62.4,GOOD,38.07,SOFT,26.37,HIGH,320x240,"Increase Brightness, Sharpen Image, Apply Denoising"
Arson040_x264,motion_0867.jpg,55,MODERATE,697.46,SHARP,51.28,DARK,63.66,GOOD,38.1,SOFT,26.41,HIGH,320x240,"Increase Brightness, Sharpen Image, Apply Denoising"
Arson040_x264,motion_0868.jpg,55,MODERATE,695.08,SHARP,50.48,DARK,62.57,GOOD,37.94,SOFT,26.36,HIGH,320x240,"Increase Brightness, Sharpen Image, Apply Denoising"
Arson040_x264,motion_0869.jpg,55,MODERATE,693.35,SHARP,49.74,DARK,61.55,GOOD,37.83,SOFT,26.33,HIGH,320x240,"Increase Brightness, Sharpen Image, Apply Denoising"
Arson040_x264,motion_0870.jpg,55,MODERATE,685.67,SHARP,49.2,DARK,60.89,GOOD,37.61,SOFT,26.19,HIGH,320x240,"Increase Brightness, Sharpen Image, Apply Denoising"
Arson040_x264,motion_0871.jpg,55,MODERATE,674.34,SHARP,48.63,DARK,60.4,GOOD,37.3,SOFT,25.97,HIGH,320x240,"Increase Brightness, Sharpen Image, Apply Denoising"
Arson040_x264,motion_0872.jpg,55,MODERATE,694.82,SHARP,50.55,DARK,63.53,GOOD,38.21,SOFT,26.36,HIGH,320x240,"Increase Brightness, Sharpen Image, Apply Denoising"
Arson040_x264,motion_0873.jpg,55,MODERATE,694.74,SHARP,50.88,DARK,63.83,GOOD,38.06,SOFT,26.36,HIGH,320x240,"Increase Brightness, Sharpen Image, Apply Denoising"
Arson040_x264,motion_0874.jpg,55,MODERATE,697.27,SHARP,51.14,DARK,64.14,GOOD,38.14,SOFT,26.41,HIGH,320x240,"Increase Brightness, Sharpen Image, Apply Denoising"
Arson040_x264,motion_0875.jpg,55,MODERATE,696.4,SHARP,50.85,DARK,63.57,GOOD,38.17,SOFT,26.39,HIGH,320x240,"Increase Brightness, Sharpen Image, Apply Denoising"
Arson040_x264,motion_0876.jpg,55,MODERATE,699.4,SHARP,50.73,DARK,63.37,GOOD,38.3,SOFT,26.45,HIGH,320x240,"Increase Brightness, Sharpen Image, Apply Denoising"
Arson040_x264,motion_0877.jpg,55,MODERATE,710.99,SHARP,55.32,DARK,68.26,GOOD,38.8,SOFT,26.66,HIGH,320x240,"Increase Brightness, Sharpen Image, Apply Denoising"
Arson040_x264,motion_0878.jpg,55,MODERATE,704.91,SHARP,55.78,DARK,68.65,GOOD,38.68,SOFT,26.55,HIGH,320x240,"Increase Brightness, Sharpen Image, Apply Denoising"
Arson040_x264,motion_0879.jpg,55,MODERATE,704.88,SHARP,54.83,DARK,67.37,GOOD,38.54,SOFT,26.55,HIGH,320x240,"Increase Brightness, Sharpen Image, Apply Denoising"
Arson040_x264,motion_0880.jpg,55,MODERATE,703.47,SHARP,55.14,DARK,67.92,GOOD,38.48,SOFT,26.52,HIGH,320x240,"Increase Brightness, Sharpen Image, Apply Denoising"
Arson040_x264,motion_0881.jpg,55,MODERATE,700.92,SHARP,54.73,DARK,67.21,GOOD,38.24,SOFT,26.47,HIGH,320x240,"Increase Brightness, Sharpen Image, Apply Denoising"
Arson040_x264,motion_0882.jpg,55,MODERATE,709.66,SHARP,58.09,DARK,70.67,GOOD,38.26,SOFT,26.64,HIGH,320x240,"Increase Brightness, Sharpen Image, Apply Denoising"
Arson040_x264,motion_0883.jpg,55,MODERATE,702.56,SHARP,56.61,DARK,68.41,GOOD,37.92,SOFT,26.51,HIGH,320x240,"Increase Brightness, Sharpen Image, Apply Denoising"
Arson040_x264,motion_0884.jpg,55,MODERATE,707.1,SHARP,58.78,DARK,71.05,GOOD,37.97,SOFT,26.59,HIGH,320x240,"Increase Brightness, Sharpen Image, Apply Denoising"
Arson040_x264,motion_0885.jpg,55,MODERATE,704.24,SHARP,56.86,DARK,69.14,GOOD,37.68,SOFT,26.54,HIGH,320x240,"Increase Brightness, Sharpen Image, Apply Denoising"
Arson040_x264,motion_0886.jpg,55,MODERATE,697.11,SHARP,56.01,DARK,68.03,GOOD,37.53,SOFT,26.4,HIGH,320x240,"Increase Brightness, Sharpen Image, Apply Denoising"
Arson040_x264,motion_0887.jpg,55,MODERATE,693.28,SHARP,53.98,DARK,65.75,GOOD,37.58,SOFT,26.33,HIGH,320x240,"Increase Brightness, Sharpen Image, Apply Denoising"
Arson040_x264,motion_0888.jpg,55,MODERATE,692.06,SHARP,54.24,DARK,66.14,GOOD,37.5,SOFT,26.31,HIGH,320x240,"Increase Brightness, Sharpen Image, Apply Denoising"
Arson040_x264,motion_0889.jpg,55,MODERATE,692.69,SHARP,55.78,DARK,67.95,GOOD,37.57,SOFT,26.32,HIGH,320x240,"Increase Brightness, Sharpen Image, Apply Denoising"
Arson040_x264,motion_0890.jpg,55,MODERATE,692.57,SHARP,56.69,DARK,69.03,GOOD,37.52,SOFT,26.32,HIGH,320x240,"Increase Brightness, Sharpen Image, Apply Denoising"
Arson040_x264,motion_0891.jpg,55,MODERATE,693.06,SHARP,55.8,DARK,67.66,GOOD,37.55,SOFT,26.33,HIGH,320x240,"Increase Brightness, Sharpen Image, Apply Denoising"
Arson040_x264,motion_0892.jpg,55,MODERATE,694.29,SHARP,56.39,DARK,68.46,GOOD,37.61,SOFT,26.35,HIGH,320x240,"Increase Brightness, Sharpen Image, Apply Denoising"
Arson040_x264,motion_0893.jpg,55,MODERATE,698.72,SHARP,58.2,DARK,70.57,GOOD,37.77,SOFT,26.43,HIGH,320x240,"Increase Brightness, Sharpen Image, Apply Denoising"
Arson040_x264,motion_0894.jpg,55,MODERATE,693.92,SHARP,58.33,DARK,70.72,GOOD,37.67,SOFT,26.34,HIGH,320x240,"Increase Brightness, Sharpen Image, Apply Denoising"
Arson040_x264,motion_0895.jpg,55,MODERATE,704.88,SHARP,62.41,DARK,74.95,GOOD,38.1,SOFT,26.55,HIGH,320x240,"Increase Brightness, Sharpen Image, Apply Denoising"
Arson040_x264,motion_0896.jpg,55,MODERATE,702.4,SHARP,59.14,DARK,72.56,GOOD,37.48,SOFT,26.5,HIGH,320x240,"Increase Brightness, Sharpen Image, Apply Denoising"
Arson040_x264,motion_0897.jpg,55,MODERATE,704.0,SHARP,60.49,DARK,74.31,GOOD,37.67,SOFT,26.53,HIGH,320x240,"Increase Brightness, Sharpen Image, Apply Denoising"
Arson040_x264,motion_0898.jpg,55,MODERATE,712.38,SHARP,67.51,DARK,80.37,GOOD,37.3,SOFT,26.69,HIGH,320x240,"Increase Brightness, Sharpen Image, Apply Denoising"
Arson040_x264,motion_0899.jpg,55,MODERATE,716.76,SHARP,64.39,DARK,78.18,GOOD,37.35,SOFT,26.77,HIGH,320x240,"Increase Brightness, Sharpen Image, Apply Denoising"
Arson040_x264,motion_0900.jpg,55,MODERATE,720.65,SHARP,60.23,DARK,74.19,GOOD,37.16,SOFT,26.84,HIGH,320x240,"Increase Brightness, Sharpen Image, Apply Denoising"
Arson040_x264,motion_0901.jpg,55,MODERATE,706.93,SHARP,58.06,DARK,72.13,GOOD,37.04,SOFT,26.59,HIGH,320x240,"Increase Brightness, Sharpen Image, Apply Denoising"
Arson040_x264,motion_0902.jpg,55,MODERATE,661.44,SHARP,54.09,DARK,69.62,GOOD,36.46,SOFT,25.72,HIGH,320x240,"Increase Brightness, Sharpen Image, Apply Denoising"
Arson040_x264,motion_0903.jpg,55,MODERATE,650.54,SHARP,53.59,DARK,69.14,GOOD,36.34,SOFT,25.51,HIGH,320x240,"Increase Brightness, Sharpen Image, Apply Denoising"
Arson040_x264,motion_0904.jpg,55,MODERATE,671.03,SHARP,53.75,DARK,69.6,GOOD,36.52,SOFT,25.9,HIGH,320x240,"Increase Brightness, Sharpen Image, Apply Denoising"
Arson040_x264,motion_0905.jpg,55,MODERATE,669.31,SHARP,53.6,DARK,69.33,GOOD,36.31,SOFT,25.87,HIGH,320x240,"Increase Brightness, Sharpen Image, Apply Denoising"
Arson040_x264,motion_0906.jpg,55,MODERATE,668.09,SHARP,53.43,DARK,69.22,GOOD,36.38,SOFT,25.85,HIGH,320x240,"Increase Brightness, Sharpen Image, Apply Denoising"
Arson040_x264,motion_0907.jpg,55,MODERATE,672.06,SHARP,53.84,DARK,69.77,GOOD,36.52,SOFT,25.92,HIGH,320x240,"Increase Brightness, Sharpen Image, Apply Denoising"
Arson040_x264,motion_0908.jpg,55,MODERATE,674.5,SHARP,55.58,DARK,71.7,GOOD,36.5,SOFT,25.97,HIGH,320x240,"Increase Brightness, Sharpen Image, Apply Denoising"
Arson040_x264,motion_0909.jpg,55,MODERATE,680.12,SHARP,55.31,DARK,71.18,GOOD,36.51,SOFT,26.08,HIGH,320x240,"Increase Brightness, Sharpen Image, Apply Denoising"
Arson040_x264,motion_0910.jpg,55,MODERATE,675.66,SHARP,54.15,DARK,69.78,GOOD,36.53,SOFT,25.99,HIGH,320x240,"Increase Brightness, Sharpen Image, Apply Denoising"
Arson040_x264,motion_0911.jpg,55,MODERATE,689.24,SHARP,55.33,DARK,71.51,GOOD,36.31,SOFT,26.25,HIGH,320x240,"Increase Brightness, Sharpen Image, Apply Denoising"
Arson040_x264,motion_0912.jpg,55,MODERATE,683.33,SHARP,54.64,DARK,70.56,GOOD,36.32,SOFT,26.14,HIGH,320x240,"Increase Brightness, Sharpen Image, Apply Denoising"
Arson040_x264,motion_0913.jpg,55,MODERATE,678.75,SHARP,53.79,DARK,69.62,GOOD,36.43,SOFT,26.05,HIGH,320x240,"Increase Brightness, Sharpen Image, Apply Denoising"
Arson040_x264,motion_0914.jpg,55,MODERATE,677.9,SHARP,53.57,DARK,69.66,GOOD,35.95,SOFT,26.04,HIGH,320x240,"Increase Brightness, Sharpen Image, Apply Denoising"
Arson040_x264,motion_0915.jpg,55,MODERATE,675.26,SHARP,53.87,DARK,70.21,GOOD,35.78,SOFT,25.99,HIGH,320x240,"Increase Brightness, Sharpen Image, Apply Denoising"
Arson040_x264,motion_0916.jpg,55,MODERATE,671.58,SHARP,54.09,DARK,70.58,GOOD,35.84,SOFT,25.91,HIGH,320x240,"Increase Brightness, Sharpen Image, Apply Denoising"
Assault018_x264,motion_0000.jpg,70,MODERATE,913.78,SHARP,75.69,NORMAL,80.43,GOOD,44.7,SOFT,30.23,HIGH,320x240,"Sharpen Image, Apply Denoising"
Assault018_x264,motion_0001.jpg,70,MODERATE,937.52,SHARP,75.63,NORMAL,80.43,GOOD,45.27,SOFT,30.62,HIGH,320x240,"Sharpen Image, Apply Denoising"
Assault018_x264,motion_0002.jpg,70,MODERATE,941.17,SHARP,75.42,NORMAL,80.34,GOOD,45.59,SOFT,30.68,HIGH,320x240,"Sharpen Image, Apply Denoising"
Assault018_x264,motion_0003.jpg,70,MODERATE,940.83,SHARP,75.32,NORMAL,80.28,GOOD,45.7,SOFT,30.67,HIGH,320x240,"Sharpen Image, Apply Denoising"
Assault018_x264,motion_0004.jpg,70,MODERATE,944.41,SHARP,75.25,NORMAL,80.24,GOOD,45.88,SOFT,30.73,HIGH,320x240,"Sharpen Image, Apply Denoising"
Assault018_x264,motion_0005.jpg,70,MODERATE,944.67,SHARP,75.2,NORMAL,80.21,GOOD,46.0,SOFT,30.74,HIGH,320x240,"Sharpen Image, Apply Denoising"
Assault018_x264,motion_0006.jpg,70,MODERATE,947.22,SHARP,75.1,NORMAL,80.16,GOOD,46.1,SOFT,30.78,HIGH,320x240,"Sharpen Image, Apply Denoising"
Assault018_x264,motion_0007.jpg,70,MODERATE,946.42,SHARP,74.96,NORMAL,80.08,GOOD,46.19,SOFT,30.76,HIGH,320x240,"Sharpen Image, Apply Denoising"
Assault018_x264,motion_0008.jpg,70,MODERATE,948.9,SHARP,74.87,NORMAL,80.04,GOOD,46.39,SOFT,30.8,HIGH,320x240,"Sharpen Image, Apply Denoising"
Assault018_x264,motion_0009.jpg,70,MODERATE,951.76,SHARP,74.82,NORMAL,80.0,GOOD,46.54,SOFT,30.85,HIGH,320x240,"Sharpen Image, Apply Denoising"
Assault018_x264,motion_0010.jpg,70,MODERATE,955.42,SHARP,74.73,NORMAL,79.94,GOOD,46.72,SOFT,30.91,HIGH,320x240,"Sharpen Image, Apply Denoising"
Assault018_x264,motion_0011.jpg,70,MODERATE,954.52,SHARP,74.73,NORMAL,79.95,GOOD,46.46,SOFT,30.9,HIGH,320x240,"Sharpen Image, Apply Denoising"
Assault018_x264,motion_0012.jpg,70,MODERATE,949.4,SHARP,74.61,NORMAL,79.87,GOOD,46.17,SOFT,30.81,HIGH,320x240,"Sharpen Image, Apply Denoising"
Assault018_x264,motion_0013.jpg,70,MODERATE,949.26,SHARP,74.33,NORMAL,79.62,GOOD,46.1,SOFT,30.81,HIGH,320x240,"Sharpen Image, Apply Denoising"
Assault018_x264,motion_0014.jpg,70,MODERATE,947.37,SHARP,74.34,NORMAL,79.62,GOOD,46.15,SOFT,30.78,HIGH,320x240,"Sharpen Image, Apply Denoising"
Assault018_x264,motion_0015.jpg,70,MODERATE,948.98,SHARP,74.37,NORMAL,79.63,GOOD,46.21,SOFT,30.81,HIGH,320x240,"Sharpen Image, Apply Denoising"
Assault018_x264,motion_0016.jpg,70,MODERATE,952.82,SHARP,74.22,NORMAL,79.56,GOOD,46.54,SOFT,30.87,HIGH,320x240,"Sharpen Image, Apply Denoising"
Assault018_x264,motion_0017.jpg,70,MODERATE,950.51,SHARP,74.29,NORMAL,79.54,GOOD,46.41,SOFT,30.83,HIGH,320x240,"Sharpen Image, Apply Denoising"
Assault018_x264,motion_0018.jpg,70,MODERATE,950.71,SHARP,74.32,NORMAL,79.54,GOOD,46.45,SOFT,30.83,HIGH,320x240,"Sharpen Image, Apply Denoising"
Assault018_x264,motion_0019.jpg,70,MODERATE,952.31,SHARP,74.0,NORMAL,79.31,GOOD,46.82,SOFT,30.86,HIGH,320x240,"Sharpen Image, Apply Denoising"
Assault018_x264,motion_0020.jpg,70,MODERATE,947.4,SHARP,73.68,NORMAL,79.1,GOOD,46.48,SOFT,30.78,HIGH,320x240,"Sharpen Image, Apply Denoising"
Assault018_x264,motion_0021.jpg,70,MODERATE,947.08,SHARP,73.53,NORMAL,79.0,GOOD,46.25,SOFT,30.77,HIGH,320x240,"Sharpen Image, Apply Denoising"
Assault018_x264,motion_0022.jpg,70,MODERATE,946.36,SHARP,73.36,NORMAL,78.91,GOOD,46.24,SOFT,30.76,HIGH,320x240,"Sharpen Image, Apply Denoising"
Assault018_x264,motion_0023.jpg,70,MODERATE,948.0,SHARP,73.24,NORMAL,78.82,GOOD,46.33,SOFT,30.79,HIGH,320x240,"Sharpen Image, Apply Denoising"
Assault018_x264,motion_0024.jpg,70,MODERATE,952.04,SHARP,72.65,NORMAL,78.49,GOOD,46.96,SOFT,30.86,HIGH,320x240,"Sharpen Image, Apply Denoising"
Assault018_x264,motion_0025.jpg,70,MODERATE,959.21,SHARP,72.3,NORMAL,78.37,GOOD,48.14,SOFT,30.97,HIGH,320x240,"Sharpen Image, Apply Denoising"
Assault018_x264,motion_0026.jpg,70,MODERATE,958.53,SHARP,72.38,NORMAL,78.48,GOOD,48.3,SOFT,30.96,HIGH,320x240,"Sharpen Image, Apply Denoising"
Assault018_x264,motion_0027.jpg,70,MODERATE,968.84,SHARP,72.35,NORMAL,78.59,GOOD,48.97,SOFT,31.13,HIGH,320x240,"Sharpen Image, Apply Denoising"
Assault018_x264,motion_0028.jpg,70,MODERATE,974.86,SHARP,72.44,NORMAL,78.69,GOOD,49.04,SOFT,31.22,HIGH,320x240,"Sharpen Image, Apply Denoising"
Assault018_x264,motion_0029.jpg,70,MODERATE,968.62,SHARP,72.48,NORMAL,78.7,GOOD,48.78,SOFT,31.12,HIGH,320x240,"Sharpen Image, Apply Denoising"
Assault018_x264,motion_0030.jpg,70,MODERATE,965.97,SHARP,72.84,NORMAL,78.87,GOOD,48.99,SOFT,31.08,HIGH,320x240,"Sharpen Image, Apply Denoising"
Assault018_x264,motion_0031.jpg,70,MODERATE,966.03,SHARP,72.8,NORMAL,78.83,GOOD,48.79,SOFT,31.08,HIGH,320x240,"Sharpen Image, Apply Denoising"
Assault018_x264,motion_0032.jpg,70,MODERATE,963.88,SHARP,72.81,NORMAL,78.8,GOOD,48.74,SOFT,31.05,HIGH,320x240,"Sharpen Image, Apply Denoising"
Assault018_x264,motion_0033.jpg,70,MODERATE,980.19,SHARP,72.73,NORMAL,78.84,GOOD,49.62,SOFT,31.31,HIGH,320x240,"Sharpen Image, Apply Denoising"
Assault018_x264,motion_0034.jpg,70,MODERATE,982.73,SHARP,72.73,NORMAL,78.85,GOOD,49.6,SOFT,31.35,HIGH,320x240,"Sharpen Image, Apply Denoising"
Assault018_x264,motion_0035.jpg,70,MODERATE,984.79,SHARP,72.78,NORMAL,78.88,GOOD,49.46,SOFT,31.38,HIGH,320x240,"Sharpen Image, Apply Denoising"
Assault018_x264,motion_0036.jpg,70,MODERATE,987.34,SHARP,72.87,NORMAL,78.96,GOOD,49.32,SOFT,31.42,HIGH,320x240,"Sharpen Image, Apply Denoising"
Assault018_x264,motion_0037.jpg,70,MODERATE,986.61,SHARP,72.97,NORMAL,79.04,GOOD,49.18,SOFT,31.41,HIGH,320x240,"Sharpen Image, Apply Denoising"
Assault018_x264,motion_0038.jpg,70,MODERATE,989.61,SHARP,73.03,NORMAL,79.08,GOOD,49.2,SOFT,31.46,HIGH,320x240,"Sharpen Image, Apply Denoising"
Assault018_x264,motion_0039.jpg,70,MODERATE,993.05,SHARP,73.1,NORMAL,79.17,GOOD,49.1,SOFT,31.51,HIGH,320x240,"Sharpen Image, Apply Denoising"
Assault018_x264,motion_0040.jpg,70,MODERATE,997.14,SHARP,73.19,NORMAL,79.26,GOOD,48.97,SOFT,31.58,HIGH,320x240,"Sharpen Image, Apply Denoising"
Assault018_x264,motion_0041.jpg,70,MODERATE,999.19,SHARP,73.28,NORMAL,79.3,GOOD,48.97,SOFT,31.61,HIGH,320x240,"Sharpen Image, Apply Denoising"
Assault018_x264,motion_0042.jpg,70,MODERATE,998.67,SHARP,73.37,NORMAL,79.35,GOOD,49.08,SOFT,31.6,HIGH,320x240,"Sharpen Image, Apply Denoising"
Assault018_x264,motion_0043.jpg,70,MODERATE,998.42,SHARP,73.39,NORMAL,79.35,GOOD,49.08,SOFT,31.6,HIGH,320x240,"Sharpen Image, Apply Denoising"
Assault018_x264,motion_0044.jpg,70,MODERATE,997.52,SHARP,73.49,NORMAL,79.39,GOOD,48.91,SOFT,31.58,HIGH,320x240,"Sharpen Image, Apply Denoising"
Assault018_x264,motion_0045.jpg,70,MODERATE,999.15,SHARP,73.6,NORMAL,79.46,GOOD,48.8,SOFT,31.61,HIGH,320x240,"Sharpen Image, Apply Denoising"
Assault018_x264,motion_0046.jpg,70,MODERATE,998.87,SHARP,73.72,NORMAL,79.52,GOOD,48.75,SOFT,31.6,HIGH,320x240,"Sharpen Image, Apply Denoising"
Assault018_x264,motion_0047.jpg,70,MODERATE,999.36,SHARP,73.76,NORMAL,79.54,GOOD,48.67,SOFT,31.61,HIGH,320x240,"Sharpen Image, Apply Denoising"
Assault018_x264,motion_0048.jpg,70,MODERATE,998.57,SHARP,73.78,NORMAL,79.58,GOOD,48.57,SOFT,31.6,HIGH,320x240,"Sharpen Image, Apply Denoising"
Assault018_x264,motion_0049.jpg,70,MODERATE,998.3,SHARP,73.87,NORMAL,79.63,GOOD,48.52,SOFT,31.6,HIGH,320x240,"Sharpen Image, Apply Denoising"
Assault018_x264,motion_0050.jpg,70,MODERATE,995.81,SHARP,73.85,NORMAL,79.65,GOOD,48.43,SOFT,31.56,HIGH,320x240,"Sharpen Image, Apply Denoising"
Assault018_x264,motion_0051.jpg,70,MODERATE,997.99,SHARP,74.32,NORMAL,79.99,GOOD,47.83,SOFT,31.59,HIGH,320x240,"Sharpen Image, Apply Denoising"
Assault018_x264,motion_0052.jpg,70,MODERATE,997.06,SHARP,74.31,NORMAL,80.01,GOOD,47.87,SOFT,31.58,HIGH,320x240,"Sharpen Image, Apply Denoising"
Assault018_x264,motion_0053.jpg,35,POOR,0.01,BLURRY,0.0,DARK,0.03,LOW,0.01,SOFT,0.07,LOW,320x240,"Apply Deblurring, Increase Brightness, Enhance Contrast, Sharpen Image"
Assault025_x264,motion_0000.jpg,85,GOOD,2026.59,SHARP,102.43,NORMAL,86.21,GOOD,101.62,SHARP,45.02,HIGH,320x240,Apply Denoising
Assault025_x264,motion_0001.jpg,85,GOOD,2027.69,SHARP,102.54,NORMAL,86.22,GOOD,101.54,SHARP,45.03,HIGH,320x240,Apply Denoising
Assault025_x264,motion_0002.jpg,85,GOOD,2028.67,SHARP,102.67,NORMAL,86.2,GOOD,101.41,SHARP,45.04,HIGH,320x240,Apply Denoising
Assault025_x264,motion_0003.jpg,85,GOOD,2033.43,SHARP,102.73,NORMAL,86.19,GOOD,101.45,SHARP,45.09,HIGH,320x240,Apply Denoising
Assault025_x264,motion_0004.jpg,85,GOOD,2045.54,SHARP,102.82,NORMAL,86.22,GOOD,101.74,SHARP,45.23,HIGH,320x240,Apply Denoising
Assault025_x264,motion_0005.jpg,85,GOOD,2058.29,SHARP,102.81,NORMAL,86.23,GOOD,101.86,SHARP,45.37,HIGH,320x240,Apply Denoising
Assault025_x264,motion_0006.jpg,85,GOOD,2058.36,SHARP,102.72,NORMAL,86.19,GOOD,101.74,SHARP,45.37,HIGH,320x240,Apply Denoising
Assault025_x264,motion_0007.jpg,85,GOOD,2052.32,SHARP,102.66,NORMAL,86.13,GOOD,101.38,SHARP,45.3,HIGH,320x240,Apply Denoising
Assault025_x264,motion_0008.jpg,85,GOOD,2049.47,SHARP,102.55,NORMAL,86.05,GOOD,101.23,SHARP,45.27,HIGH,320x240,Apply Denoising
Assault025_x264,motion_0009.jpg,85,GOOD,2036.89,SHARP,102.44,NORMAL,85.97,GOOD,100.95,SHARP,45.13,HIGH,320x240,Apply Denoising
Assault025_x264,motion_0010.jpg,85,GOOD,2028.13,SHARP,102.35,NORMAL,85.93,GOOD,100.87,SHARP,45.03,HIGH,320x240,Apply Denoising
Assault025_x264,motion_0011.jpg,85,GOOD,2017.69,SHARP,102.27,NORMAL,85.91,GOOD,100.53,SHARP,44.92,HIGH,320x240,Apply Denoising
Assault025_x264,motion_0012.jpg,85,GOOD,2024.57,SHARP,102.18,NORMAL,85.87,GOOD,100.68,SHARP,45.0,HIGH,320x240,Apply Denoising
Assault025_x264,motion_0013.jpg,85,GOOD,2022.66,SHARP,102.01,NORMAL,85.83,GOOD,100.79,SHARP,44.97,HIGH,320x240,Apply Denoising
Assault025_x264,motion_0014.jpg,85,GOOD,2028.77,SHARP,101.86,NORMAL,85.79,GOOD,100.98,SHARP,45.04,HIGH,320x240,Apply Denoising
Assault025_x264,motion_0015.jpg,85,GOOD,2033.0,SHARP,101.77,NORMAL,85.76,GOOD,101.02,SHARP,45.09,HIGH,320x240,Apply Denoising
Assault025_x264,motion_0016.jpg,85,GOOD,2025.03,SHARP,101.7,NORMAL,85.77,GOOD,100.73,SHARP,45.0,HIGH,320x240,Apply Denoising
Assault025_x264,motion_0017.jpg,85,GOOD,2031.73,SHARP,101.73,NORMAL,85.79,GOOD,100.86,SHARP,45.07,HIGH,320x240,Apply Denoising
Assault025_x264,motion_0018.jpg,85,GOOD,2024.75,SHARP,101.77,NORMAL,85.84,GOOD,100.9,SHARP,45.0,HIGH,320x240,Apply Denoising
Assault025_x264,motion_0019.jpg,85,GOOD,2025.39,SHARP,101.82,NORMAL,85.88,GOOD,100.98,SHARP,45.0,HIGH,320x240,Apply Denoising
Assault025_x264,motion_0020.jpg,85,GOOD,2026.57,SHARP,101.82,NORMAL,85.93,GOOD,101.04,SHARP,45.02,HIGH,320x240,Apply Denoising
Assault025_x264,motion_0021.jpg,85,GOOD,2026.89,SHARP,101.83,NORMAL,85.97,GOOD,100.84,SHARP,45.02,HIGH,320x240,Apply Denoising
Assault025_x264,motion_0022.jpg,85,GOOD,2036.17,SHARP,101.93,NORMAL,86.01,GOOD,100.77,SHARP,45.12,HIGH,320x240,Apply Denoising
Assault025_x264,motion_0023.jpg,85,GOOD,2046.66,SHARP,102.08,NORMAL,86.06,GOOD,100.94,SHARP,45.24,HIGH,320x240,Apply Denoising
Assault025_x264,motion_0024.jpg,85,GOOD,2047.77,SHARP,102.26,NORMAL,86.13,GOOD,101.36,SHARP,45.25,HIGH,320x240,Apply Denoising
Assault025_x264,motion_0025.jpg,85,GOOD,2054.98,SHARP,102.71,NORMAL,86.33,GOOD,101.81,SHARP,45.33,HIGH,320x240,Apply Denoising
Assault025_x264,motion_0026.jpg,85,GOOD,2061.51,SHARP,102.88,NORMAL,86.51,GOOD,102.18,SHARP,45.4,HIGH,320x240,Apply Denoising
Assault025_x264,motion_0027.jpg,85,GOOD,2061.97,SHARP,102.83,NORMAL,86.5,GOOD,102.43,SHARP,45.41,HIGH,320x240,Apply Denoising
Assault025_x264,motion_0028.jpg,85,GOOD,2056.0,SHARP,102.63,NORMAL,86.34,GOOD,102.07,SHARP,45.34,HIGH,320x240,Apply Denoising
Assault025_x264,motion_0029.jpg,85,GOOD,2058.33,SHARP,102.72,NORMAL,86.38,GOOD,101.94,SHARP,45.37,HIGH,320x240,Apply Denoising
Assault025_x264,motion_0030.jpg,85,GOOD,2062.02,SHARP,102.69,NORMAL,86.38,GOOD,101.87,SHARP,45.41,HIGH,320x240,Apply Denoising
Assault025_x264,motion_0031.jpg,85,GOOD,2065.92,SHARP,102.56,NORMAL,86.24,GOOD,101.62,SHARP,45.45,HIGH,320x240,Apply Denoising
Assault025_x264,motion_0032.jpg,85,GOOD,2066.47,SHARP,102.57,NORMAL,86.26,GOOD,101.63,SHARP,45.46,HIGH,320x240,Apply Denoising
Assault025_x264,motion_0033.jpg,85,GOOD,2059.76,SHARP,102.62,NORMAL,86.28,GOOD,101.61,SHARP,45.38,HIGH,320x240,Apply Denoising
Assault025_x264,motion_0034.jpg,85,GOOD,2055.58,SHARP,102.7,NORMAL,86.31,GOOD,101.67,SHARP,45.34,HIGH,320x240,Apply Denoising
Assault025_x264,motion_0035.jpg,85,GOOD,2052.61,SHARP,102.75,NORMAL,86.37,GOOD,101.71,SHARP,45.31,HIGH,320x240,Apply Denoising
Assault025_x264,motion_0036.jpg,85,GOOD,2062.93,SHARP,102.69,NORMAL,86.25,GOOD,101.98,SHARP,45.42,HIGH,320x240,Apply Denoising
Assault025_x264,motion_0037.jpg,85,GOOD,2065.31,SHARP,102.75,NORMAL,86.26,GOOD,102.11,SHARP,45.45,HIGH,320x240,Apply Denoising
Assault025_x264,motion_0038.jpg,85,GOOD,2060.64,SHARP,102.89,NORMAL,86.32,GOOD,102.11,SHARP,45.39,HIGH,320x240,Apply Denoising
Assault025_x264,motion_0039.jpg,85,GOOD,2077.98,SHARP,102.99,NORMAL,86.3,GOOD,102.08,SHARP,45.58,HIGH,320x240,Apply Denoising
Assault025_x264,motion_0040.jpg,85,GOOD,2064.08,SHARP,102.82,NORMAL,86.17,GOOD,101.28,SHARP,45.43,HIGH,320x240,Apply Denoising
Assault025_x264,motion_0041.jpg,85,GOOD,2058.68,SHARP,102.85,NORMAL,86.19,GOOD,101.05,SHARP,45.37,HIGH,320x240,Apply Denoising
Assault025_x264,motion_0042.jpg,85,GOOD,2054.79,SHARP,102.89,NORMAL,86.2,GOOD,100.84,SHARP,45.33,HIGH,320x240,Apply Denoising
Assault025_x264,motion_0043.jpg,85,GOOD,2053.3,SHARP,102.81,NORMAL,86.16,GOOD,100.83,SHARP,45.31,HIGH,320x240,Apply Denoising
Assault025_x264,motion_0044.jpg,85,GOOD,2059.42,SHARP,102.81,NORMAL,86.16,GOOD,101.31,SHARP,45.38,HIGH,320x240,Apply Denoising
Assault025_x264,motion_0045.jpg,85,GOOD,2061.69,SHARP,102.89,NORMAL,86.15,GOOD,101.71,SHARP,45.41,HIGH,320x240,Apply Denoising
Assault025_x264,motion_0046.jpg,85,GOOD,2064.83,SHARP,102.97,NORMAL,86.17,GOOD,101.93,SHARP,45.44,HIGH,320x240,Apply Denoising
Assault025_x264,motion_0047.jpg,85,GOOD,2065.82,SHARP,103.08,NORMAL,86.17,GOOD,101.82,SHARP,45.45,HIGH,320x240,Apply Denoising
Assault025_x264,motion_0048.jpg,85,GOOD,2069.49,SHARP,103.15,NORMAL,86.18,GOOD,101.75,SHARP,45.49,HIGH,320x240,Apply Denoising
Assault025_x264,motion_0049.jpg,85,GOOD,2067.32,SHARP,103.11,NORMAL,86.17,GOOD,101.56,SHARP,45.47,HIGH,320x240,Apply Denoising
Assault025_x264,motion_0050.jpg,85,GOOD,2063.17,SHARP,103.02,NORMAL,86.15,GOOD,101.31,SHARP,45.42,HIGH,320x240,Apply Denoising
Assault025_x264,motion_0051.jpg,85,GOOD,2069.28,SHARP,102.93,NORMAL,86.12,GOOD,101.38,SHARP,45.49,HIGH,320x240,Apply Denoising
Assault025_x264,motion_0052.jpg,85,GOOD,2073.83,SHARP,103.0,NORMAL,86.17,GOOD,101.44,SHARP,45.54,HIGH,320x240,Apply Denoising
Assault025_x264,motion_0053.jpg,85,GOOD,2072.68,SHARP,103.04,NORMAL,86.19,GOOD,101.47,SHARP,45.53,HIGH,320x240,Apply Denoising
Assault025_x264,motion_0054.jpg,85,GOOD,2075.42,SHARP,103.03,NORMAL,86.2,GOOD,101.57,SHARP,45.56,HIGH,320x240,Apply Denoising
Assault025_x264,motion_0055.jpg,85,GOOD,2076.19,SHARP,103.12,NORMAL,86.14,GOOD,101.62,SHARP,45.57,HIGH,320x240,Apply Denoising
Assault025_x264,motion_0056.jpg,85,GOOD,2078.21,SHARP,103.03,NORMAL,86.24,GOOD,101.61,SHARP,45.59,HIGH,320x240,Apply Denoising
Assault025_x264,motion_0057.jpg,85,GOOD,2078.1,SHARP,102.94,NORMAL,86.22,GOOD,101.76,SHARP,45.59,HIGH,320x240,Apply Denoising
Assault025_x264,motion_0058.jpg,85,GOOD,2083.99,SHARP,102.8,NORMAL,86.17,GOOD,102.02,SHARP,45.65,HIGH,320x240,Apply Denoising
Assault025_x264,motion_0059.jpg,85,GOOD,2082.43,SHARP,102.75,NORMAL,86.15,GOOD,102.05,SHARP,45.63,HIGH,320x240,Apply Denoising
Assault025_x264,motion_0060.jpg,85,GOOD,2081.21,SHARP,102.7,NORMAL,86.11,GOOD,101.82,SHARP,45.62,HIGH,320x240,Apply Denoising
Assault025_x264,motion_0061.jpg,85,GOOD,2078.76,SHARP,102.58,NORMAL,86.05,GOOD,101.76,SHARP,45.59,HIGH,320x240,Apply Denoising
Assault025_x264,motion_0062.jpg,85,GOOD,2078.76,SHARP,102.48,NORMAL,86.02,GOOD,101.93,SHARP,45.59,HIGH,320x240,Apply Denoising
Assault025_x264,motion_0063.jpg,85,GOOD,2090.7,SHARP,102.34,NORMAL,85.97,GOOD,102.3,SHARP,45.72,HIGH,320x240,Apply Denoising
Assault025_x264,motion_0064.jpg,85,GOOD,2087.89,SHARP,102.28,NORMAL,85.93,GOOD,102.42,SHARP,45.69,HIGH,320x240,Apply Denoising
Assault025_x264,motion_0065.jpg,85,GOOD,2088.69,SHARP,102.28,NORMAL,85.93,GOOD,102.52,SHARP,45.7,HIGH,320x240,Apply Denoising
Assault025_x264,motion_0066.jpg,85,GOOD,2081.87,SHARP,102.22,NORMAL,85.91,GOOD,102.5,SHARP,45.63,HIGH,320x240,Apply Denoising
Assault025_x264,motion_0067.jpg,85,GOOD,2080.12,SHARP,102.17,NORMAL,85.89,GOOD,102.53,SHARP,45.61,HIGH,320x240,Apply Denoising
Assault025_x264,motion_0068.jpg,85,GOOD,2073.03,SHARP,101.99,NORMAL,85.8,GOOD,102.3,SHARP,45.53,HIGH,320x240,Apply Denoising
Assault025_x264,motion_0069.jpg,85,GOOD,2063.25,SHARP,101.95,NORMAL,85.78,GOOD,101.94,SHARP,45.42,HIGH,320x240,Apply Denoising
Assault025_x264,motion_0070.jpg,85,GOOD,2068.96,SHARP,101.88,NORMAL,85.79,GOOD,101.93,SHARP,45.49,HIGH,320x240,Apply Denoising
Assault025_x264,motion_0071.jpg,85,GOOD,2072.51,SHARP,101.85,NORMAL,85.8,GOOD,102.19,SHARP,45.52,HIGH,320x240,Apply Denoising
Assault025_x264,motion_0072.jpg,85,GOOD,2081.74,SHARP,101.76,NORMAL,85.77,GOOD,102.48,SHARP,45.63,HIGH,320x240,Apply Denoising
Assault025_x264,motion_0073.jpg,85,GOOD,2087.39,SHARP,101.66,NORMAL,85.76,GOOD,102.58,SHARP,45.69,HIGH,320x240,Apply Denoising
Assault025_x264,motion_0074.jpg,85,GOOD,2082.04,SHARP,101.58,NORMAL,85.76,GOOD,102.49,SHARP,45.63,HIGH,320x240,Apply Denoising
Assault025_x264,motion_0075.jpg,85,GOOD,2074.68,SHARP,101.5,NORMAL,85.75,GOOD,102.39,SHARP,45.55,HIGH,320x240,Apply Denoising
Assault025_x264,motion_0076.jpg,85,GOOD,2076.26,SHARP,101.47,NORMAL,85.76,GOOD,102.35,SHARP,45.57,HIGH,320x240,Apply Denoising
Assault025_x264,motion_0077.jpg,85,GOOD,2078.33,SHARP,101.38,NORMAL,85.73,GOOD,102.27,SHARP,45.59,HIGH,320x240,Apply Denoising
Assault025_x264,motion_0078.jpg,85,GOOD,2080.12,SHARP,101.49,NORMAL,85.65,GOOD,102.28,SHARP,45.61,HIGH,320x240,Apply Denoising
Assault025_x264,motion_0079.jpg,85,GOOD,2076.24,SHARP,101.48,NORMAL,85.74,GOOD,102.34,SHARP,45.57,HIGH,320x240,Apply Denoising
Assault025_x264,motion_0080.jpg,85,GOOD,2070.4,SHARP,101.46,NORMAL,85.72,GOOD,102.28,SHARP,45.5,HIGH,320x240,Apply Denoising
Assault025_x264,motion_0081.jpg,85,GOOD,2071.25,SHARP,101.57,NORMAL,85.76,GOOD,102.22,SHARP,45.51,HIGH,320x240,Apply Denoising
Assault025_x264,motion_0082.jpg,85,GOOD,2081.29,SHARP,101.67,NORMAL,85.83,GOOD,102.32,SHARP,45.62,HIGH,320x240,Apply Denoising
Assault025_x264,motion_0083.jpg,85,GOOD,2088.69,SHARP,101.73,NORMAL,85.86,GOOD,102.37,SHARP,45.7,HIGH,320x240,Apply Denoising
Assault025_x264,motion_0084.jpg,85,GOOD,2068.67,SHARP,101.71,NORMAL,85.86,GOOD,102.37,SHARP,45.48,HIGH,320x240,Apply Denoising
Assault025_x264,motion_0085.jpg,85,GOOD,2057.71,SHARP,101.52,NORMAL,85.72,GOOD,102.37,SHARP,45.36,HIGH,320x240,Apply Denoising
Assault025_x264,motion_0086.jpg,85,GOOD,2052.05,SHARP,101.2,NORMAL,85.48,GOOD,102.41,SHARP,45.3,HIGH,320x240,Apply Denoising
Assault025_x264,motion_0087.jpg,85,GOOD,2079.07,SHARP,100.99,NORMAL,85.36,GOOD,103.73,SHARP,45.6,HIGH,320x240,Apply Denoising
Assault025_x264,motion_0088.jpg,85,GOOD,2106.25,SHARP,100.99,NORMAL,85.5,GOOD,104.34,SHARP,45.89,HIGH,320x240,Apply Denoising
Assault025_x264,motion_0089.jpg,85,GOOD,2072.93,SHARP,101.17,NORMAL,85.76,GOOD,104.57,SHARP,45.53,HIGH,320x240,Apply Denoising
Assault025_x264,motion_0090.jpg,85,GOOD,2063.23,SHARP,101.13,NORMAL,85.95,GOOD,104.44,SHARP,45.42,HIGH,320x240,Apply Denoising
Assault025_x264,motion_0091.jpg,85,GOOD,2113.63,SHARP,101.35,NORMAL,86.22,GOOD,105.37,SHARP,45.97,HIGH,320x240,Apply Denoising
Assault025_x264,motion_0092.jpg,85,GOOD,2036.46,SHARP,101.52,NORMAL,86.34,GOOD,104.37,SHARP,45.13,HIGH,320x240,Apply Denoising
Assault025_x264,motion_0093.jpg,85,GOOD,2023.16,SHARP,101.63,NORMAL,86.25,GOOD,103.17,SHARP,44.98,HIGH,320x240,Apply Denoising
Assault025_x264,motion_0094.jpg,85,GOOD,1978.47,SHARP,101.84,NORMAL,86.36,GOOD,102.24,SHARP,44.48,HIGH,320x240,Apply Denoising
Assault025_x264,motion_0095.jpg,85,GOOD,2014.2,SHARP,102.2,NORMAL,86.61,GOOD,103.26,SHARP,44.88,HIGH,320x240,Apply Denoising
Assault025_x264,motion_0096.jpg,85,GOOD,2020.0,SHARP,102.13,NORMAL,86.65,GOOD,102.59,SHARP,44.94,HIGH,320x240,Apply Denoising
Assault025_x264,motion_0097.jpg,85,GOOD,2043.49,SHARP,102.02,NORMAL,86.95,GOOD,102.7,SHARP,45.21,HIGH,320x240,Apply Denoising
Assault025_x264,motion_0098.jpg,85,GOOD,2069.66,SHARP,102.36,NORMAL,87.09,GOOD,103.18,SHARP,45.49,HIGH,320x240,Apply Denoising
Assault025_x264,motion_0099.jpg,85,GOOD,2066.98,SHARP,102.34,NORMAL,86.99,GOOD,103.03,SHARP,45.46,HIGH,320x240,Apply Denoising
Assault025_x264,motion_0100.jpg,85,GOOD,2081.98,SHARP,102.61,NORMAL,87.0,GOOD,103.04,SHARP,45.63,HIGH,320x240,Apply Denoising
Assault025_x264,motion_0101.jpg,85,GOOD,2092.79,SHARP,103.15,NORMAL,86.94,GOOD,103.47,SHARP,45.75,HIGH,320x240,Apply Denoising
Assault025_x264,motion_0102.jpg,85,GOOD,2116.62,SHARP,103.55,NORMAL,86.95,GOOD,103.61,SHARP,46.01,HIGH,320x240,Apply Denoising
Assault025_x264,motion_0103.jpg,85,GOOD,2122.07,SHARP,103.59,NORMAL,86.96,GOOD,103.76,SHARP,46.07,HIGH,320x240,Apply Denoising
Assault025_x264,motion_0104.jpg,85,GOOD,2119.49,SHARP,103.55,NORMAL,86.99,GOOD,103.91,SHARP,46.04,HIGH,320x240,Apply Denoising
Assault025_x264,motion_0105.jpg,85,GOOD,2122.35,SHARP,103.56,NORMAL,87.06,GOOD,104.04,SHARP,46.07,HIGH,320x240,Apply Denoising
Assault025_x264,motion_0106.jpg,85,GOOD,2125.4,SHARP,103.61,NORMAL,87.1,GOOD,104.23,SHARP,46.1,HIGH,320x240,Apply Denoising
Assault025_x264,motion_0107.jpg,85,GOOD,2134.79,SHARP,103.6,NORMAL,87.09,GOOD,104.66,SHARP,46.2,HIGH,320x240,Apply Denoising
Assault025_x264,motion_0108.jpg,85,GOOD,2140.75,SHARP,103.73,NORMAL,87.17,GOOD,105.08,SHARP,46.27,HIGH,320x240,Apply Denoising
Assault025_x264,motion_0109.jpg,85,GOOD,2129.98,SHARP,103.82,NORMAL,87.23,GOOD,105.08,SHARP,46.15,HIGH,320x240,Apply Denoising
Assault025_x264,motion_0110.jpg,85,GOOD,2124.53,SHARP,104.03,NORMAL,87.29,GOOD,105.12,SHARP,46.09,HIGH,320x240,Apply Denoising
Assault025_x264,motion_0111.jpg,85,GOOD,2124.22,SHARP,104.07,NORMAL,87.3,GOOD,105.11,SHARP,46.09,HIGH,320x240,Apply Denoising
Assault025_x264,motion_0112.jpg,85,GOOD,2126.53,SHARP,104.05,NORMAL,87.26,GOOD,105.1,SHARP,46.11,HIGH,320x240,Apply Denoising
Assault025_x264,motion_0113.jpg,85,GOOD,2117.92,SHARP,103.98,NORMAL,87.22,GOOD,105.09,SHARP,46.02,HIGH,320x240,Apply Denoising
Assault025_x264,motion_0114.jpg,85,GOOD,2115.11,SHARP,103.92,NORMAL,87.21,GOOD,104.91,SHARP,45.99,HIGH,320x240,Apply Denoising
Assault025_x264,motion_0115.jpg,85,GOOD,2122.6,SHARP,103.76,NORMAL,87.19,GOOD,104.65,SHARP,46.07,HIGH,320x240,Apply Denoising
Assault025_x264,motion_0116.jpg,85,GOOD,2119.16,SHARP,103.59,NORMAL,87.08,GOOD,104.38,SHARP,46.03,HIGH,320x240,Apply Denoising
Assault025_x264,motion_0117.jpg,85,GOOD,2117.24,SHARP,103.43,NORMAL,86.98,GOOD,104.28,SHARP,46.01,HIGH,320x240,Apply Denoising
Assault025_x264,motion_0118.jpg,85,GOOD,2117.16,SHARP,103.22,NORMAL,86.87,GOOD,104.05,SHARP,46.01,HIGH,320x240,Apply Denoising
Assault025_x264,motion_0119.jpg,85,GOOD,2124.99,SHARP,103.15,NORMAL,86.83,GOOD,104.11,SHARP,46.1,HIGH,320x240,Apply Denoising
Assault025_x264,motion_0120.jpg,85,GOOD,2117.89,SHARP,103.13,NORMAL,86.85,GOOD,104.01,SHARP,46.02,HIGH,320x240,Apply Denoising
Assault025_x264,motion_0121.jpg,85,GOOD,2113.12,SHARP,103.19,NORMAL,86.91,GOOD,103.98,SHARP,45.97,HIGH,320x240,Apply Denoising
Assault025_x264,motion_0122.jpg,85,GOOD,2114.14,SHARP,103.29,NORMAL,86.94,GOOD,104.02,SHARP,45.98,HIGH,320x240,Apply Denoising
Assault025_x264,motion_0123.jpg,85,GOOD,2112.29,SHARP,103.37,NORMAL,86.99,GOOD,104.01,SHARP,45.96,HIGH,320x240,Apply Denoising
Assault025_x264,motion_0124.jpg,85,GOOD,2113.13,SHARP,103.46,NORMAL,87.04,GOOD,103.95,SHARP,45.97,HIGH,320x240,Apply Denoising
Assault025_x264,motion_0125.jpg,85,GOOD,2119.83,SHARP,103.53,NORMAL,87.08,GOOD,103.99,SHARP,46.04,HIGH,320x240,Apply Denoising
Assault025_x264,motion_0126.jpg,85,GOOD,2122.2,SHARP,103.47,NORMAL,87.06,GOOD,104.17,SHARP,46.07,HIGH,320x240,Apply Denoising
Assault025_x264,motion_0127.jpg,85,GOOD,2119.45,SHARP,103.51,NORMAL,87.08,GOOD,104.28,SHARP,46.04,HIGH,320x240,Apply Denoising
Assault025_x264,motion_0128.jpg,85,GOOD,2091.25,SHARP,103.53,NORMAL,87.01,GOOD,103.37,SHARP,45.73,HIGH,320x240,Apply Denoising
Assault025_x264,motion_0129.jpg,85,GOOD,2090.82,SHARP,103.57,NORMAL,87.02,GOOD,103.15,SHARP,45.73,HIGH,320x240,Apply Denoising
Assault025_x264,motion_0130.jpg,85,GOOD,2087.76,SHARP,103.58,NORMAL,87.02,GOOD,103.03,SHARP,45.69,HIGH,320x240,Apply Denoising
Assault025_x264,motion_0131.jpg,85,GOOD,2082.75,SHARP,103.51,NORMAL,87.0,GOOD,102.67,SHARP,45.64,HIGH,320x240,Apply Denoising
Assault025_x264,motion_0132.jpg,85,GOOD,2082.57,SHARP,103.5,NORMAL,87.01,GOOD,102.71,SHARP,45.64,HIGH,320x240,Apply Denoising
Assault025_x264,motion_0133.jpg,85,GOOD,2074.25,SHARP,103.5,NORMAL,87.01,GOOD,102.88,SHARP,45.54,HIGH,320x240,Apply Denoising
Assault025_x264,motion_0134.jpg,85,GOOD,2066.2,SHARP,103.5,NORMAL,86.98,GOOD,102.52,SHARP,45.46,HIGH,320x240,Apply Denoising
Assault025_x264,motion_0135.jpg,85,GOOD,2062.97,SHARP,103.69,NORMAL,87.05,GOOD,102.69,SHARP,45.42,HIGH,320x240,Apply Denoising
Assault025_x264,motion_0136.jpg,85,GOOD,2059.16,SHARP,103.94,NORMAL,87.15,GOOD,102.77,SHARP,45.38,HIGH,320x240,Apply Denoising
Assault025_x264,motion_0137.jpg,85,GOOD,2067.55,SHARP,104.13,NORMAL,87.25,GOOD,102.8,SHARP,45.47,HIGH,320x240,Apply Denoising
Assault025_x264,motion_0138.jpg,85,GOOD,2059.4,SHARP,104.11,NORMAL,87.24,GOOD,102.28,SHARP,45.38,HIGH,320x240,Apply Denoising
Assault025_x264,motion_0139.jpg,85,GOOD,2060.39,SHARP,104.08,NORMAL,87.21,GOOD,102.06,SHARP,45.39,HIGH,320x240,Apply Denoising
Assault025_x264,motion_0140.jpg,85,GOOD,2064.04,SHARP,103.98,NORMAL,87.14,GOOD,102.03,SHARP,45.43,HIGH,320x240,Apply Denoising
Assault025_x264,motion_0141.jpg,85,GOOD,2060.52,SHARP,103.88,NORMAL,87.08,GOOD,101.97,SHARP,45.39,HIGH,320x240,Apply Denoising
Assault025_x264,motion_0142.jpg,85,GOOD,2051.87,SHARP,103.87,NORMAL,87.05,GOOD,102.0,SHARP,45.3,HIGH,320x240,Apply Denoising
Assault025_x264,motion_0143.jpg,85,GOOD,2054.39,SHARP,103.72,NORMAL,86.96,GOOD,102.14,SHARP,45.33,HIGH,320x240,Apply Denoising
Assault025_x264,motion_0144.jpg,85,GOOD,2053.78,SHARP,103.68,NORMAL,86.91,GOOD,102.22,SHARP,45.32,HIGH,320x240,Apply Denoising
Assault025_x264,motion_0145.jpg,85,GOOD,2059.66,SHARP,103.64,NORMAL,86.89,GOOD,102.18,SHARP,45.38,HIGH,320x240,Apply Denoising
Assault025_x264,motion_0146.jpg,85,GOOD,2058.6,SHARP,103.55,NORMAL,86.85,GOOD,101.83,SHARP,45.37,HIGH,320x240,Apply Denoising
Assault025_x264,motion_0147.jpg,85,GOOD,2057.35,SHARP,103.47,NORMAL,86.82,GOOD,101.55,SHARP,45.36,HIGH,320x240,Apply Denoising
Assault025_x264,motion_0148.jpg,85,GOOD,2055.48,SHARP,103.45,NORMAL,86.79,GOOD,101.48,SHARP,45.34,HIGH,320x240,Apply Denoising
Assault025_x264,motion_0149.jpg,85,GOOD,2055.14,SHARP,103.52,NORMAL,86.85,GOOD,101.51,SHARP,45.33,HIGH,320x240,Apply Denoising
Assault025_x264,motion_0150.jpg,85,GOOD,2050.39,SHARP,103.65,NORMAL,86.92,GOOD,101.48,SHARP,45.28,HIGH,320x240,Apply Denoising
Assault025_x264,motion_0151.jpg,85,GOOD,2046.02,SHARP,103.48,NORMAL,86.83,GOOD,101.48,SHARP,45.23,HIGH,320x240,Apply Denoising
Assault025_x264,motion_0152.jpg,85,GOOD,2044.74,SHARP,103.56,NORMAL,86.9,GOOD,101.64,SHARP,45.22,HIGH,320x240,Apply Denoising
Assault025_x264,motion_0153.jpg,85,GOOD,2048.3,SHARP,103.64,NORMAL,86.97,GOOD,101.77,SHARP,45.26,HIGH,320x240,Apply Denoising
Assault025_x264,motion_0154.jpg,85,GOOD,2050.49,SHARP,103.54,NORMAL,86.88,GOOD,101.65,SHARP,45.28,HIGH,320x240,Apply Denoising
Assault025_x264,motion_0155.jpg,85,GOOD,2063.98,SHARP,103.69,NORMAL,86.93,GOOD,101.6,SHARP,45.43,HIGH,320x240,Apply Denoising
Assault025_x264,motion_0156.jpg,85,GOOD,2065.39,SHARP,103.74,NORMAL,86.95,GOOD,101.32,SHARP,45.45,HIGH,320x240,Apply Denoising
Assault025_x264,motion_0157.jpg,85,GOOD,2052.11,SHARP,103.76,NORMAL,86.99,GOOD,101.38,SHARP,45.3,HIGH,320x240,Apply Denoising
Assault025_x264,motion_0158.jpg,85,GOOD,2054.43,SHARP,103.75,NORMAL,86.99,GOOD,101.69,SHARP,45.33,HIGH,320x240,Apply Denoising
Assault025_x264,motion_0159.jpg,85,GOOD,2058.74,SHARP,103.62,NORMAL,86.91,GOOD,101.63,SHARP,45.37,HIGH,320x240,Apply Denoising
Assault025_x264,motion_0160.jpg,85,GOOD,2042.64,SHARP,103.62,NORMAL,86.87,GOOD,101.24,SHARP,45.2,HIGH,320x240,Apply Denoising
Assault025_x264,motion_0161.jpg,85,GOOD,2036.28,SHARP,103.5,NORMAL,86.77,GOOD,100.73,SHARP,45.13,HIGH,320x240,Apply Denoising
Assault025_x264,motion_0162.jpg,85,GOOD,2032.87,SHARP,103.41,NORMAL,86.71,GOOD,100.46,SHARP,45.09,HIGH,320x240,Apply Denoising
Assault025_x264,motion_0163.jpg,85,GOOD,2022.97,SHARP,103.32,NORMAL,86.63,GOOD,100.29,SHARP,44.98,HIGH,320x240,Apply Denoising
Assault025_x264,motion_0164.jpg,85,GOOD,2020.9,SHARP,103.24,NORMAL,86.56,GOOD,100.09,SHARP,44.95,HIGH,320x240,Apply Denoising
Assault025_x264,motion_0165.jpg,85,GOOD,2015.12,SHARP,103.18,NORMAL,86.55,GOOD,99.77,SHARP,44.89,HIGH,320x240,Apply Denoising
Assault025_x264,motion_0166.jpg,85,GOOD,2024.05,SHARP,103.0,NORMAL,86.51,GOOD,100.07,SHARP,44.99,HIGH,320x240,Apply Denoising
Assault025_x264,motion_0167.jpg,85,GOOD,2024.4,SHARP,103.06,NORMAL,86.54,GOOD,99.72,SHARP,44.99,HIGH,320x240,Apply Denoising
Assault025_x264,motion_0168.jpg,85,GOOD,2025.88,SHARP,103.02,NORMAL,86.52,GOOD,99.51,SHARP,45.01,HIGH,320x240,Apply Denoising
Assault025_x264,motion_0169.jpg,85,GOOD,2026.98,SHARP,102.9,NORMAL,86.42,GOOD,99.59,SHARP,45.02,HIGH,320x240,Apply Denoising
Assault025_x264,motion_0170.jpg,85,GOOD,2035.13,SHARP,102.82,NORMAL,86.36,GOOD,99.94,SHARP,45.11,HIGH,320x240,Apply Denoising
Assault025_x264,motion_0171.jpg,85,GOOD,2041.87,SHARP,102.77,NORMAL,86.36,GOOD,100.02,SHARP,45.19,HIGH,320x240,Apply Denoising
Assault025_x264,motion_0172.jpg,85,GOOD,2043.87,SHARP,102.79,NORMAL,86.41,GOOD,100.23,SHARP,45.21,HIGH,320x240,Apply Denoising
Assault025_x264,motion_0173.jpg,85,GOOD,2053.36,SHARP,102.76,NORMAL,86.43,GOOD,100.45,SHARP,45.31,HIGH,320x240,Apply Denoising
Assault025_x264,motion_0174.jpg,85,GOOD,2063.42,SHARP,102.68,NORMAL,86.42,GOOD,100.87,SHARP,45.42,HIGH,320x240,Apply Denoising
Assault025_x264,motion_0175.jpg,85,GOOD,2070.33,SHARP,102.63,NORMAL,86.42,GOOD,101.13,SHARP,45.5,HIGH,320x240,Apply Denoising
Assault025_x264,motion_0176.jpg,85,GOOD,2077.76,SHARP,102.65,NORMAL,86.46,GOOD,101.4,SHARP,45.58,HIGH,320x240,Apply Denoising
Assault025_x264,motion_0177.jpg,85,GOOD,2077.32,SHARP,102.69,NORMAL,86.54,GOOD,101.47,SHARP,45.58,HIGH,320x240,Apply Denoising
Assault025_x264,motion_0178.jpg,85,GOOD,2076.07,SHARP,102.81,NORMAL,86.59,GOOD,101.29,SHARP,45.56,HIGH,320x240,Apply Denoising
Assault025_x264,motion_0179.jpg,85,GOOD,2088.23,SHARP,103.01,NORMAL,86.55,GOOD,101.41,SHARP,45.7,HIGH,320x240,Apply Denoising
Assault025_x264,motion_0180.jpg,85,GOOD,2089.55,SHARP,103.03,NORMAL,86.68,GOOD,101.56,SHARP,45.71,HIGH,320x240,Apply Denoising
Assault025_x264,motion_0181.jpg,85,GOOD,2077.12,SHARP,103.28,NORMAL,86.81,GOOD,101.5,SHARP,45.58,HIGH,320x240,Apply Denoising
Assault025_x264,motion_0182.jpg,85,GOOD,2075.48,SHARP,103.54,NORMAL,86.92,GOOD,101.17,SHARP,45.56,HIGH,320x240,Apply Denoising
Assault025_x264,motion_0183.jpg,85,GOOD,2072.61,SHARP,103.62,NORMAL,86.91,GOOD,101.28,SHARP,45.53,HIGH,320x240,Apply Denoising
Assault025_x264,motion_0184.jpg,85,GOOD,2064.05,SHARP,103.7,NORMAL,86.91,GOOD,101.79,SHARP,45.43,HIGH,320x240,Apply Denoising
Assault025_x264,motion_0185.jpg,85,GOOD,2069.3,SHARP,103.84,NORMAL,87.0,GOOD,101.95,SHARP,45.49,HIGH,320x240,Apply Denoising
Assault025_x264,motion_0186.jpg,85,GOOD,2072.59,SHARP,103.72,NORMAL,87.01,GOOD,102.26,SHARP,45.53,HIGH,320x240,Apply Denoising
Assault025_x264,motion_0187.jpg,85,GOOD,2064.12,SHARP,103.39,NORMAL,86.93,GOOD,102.42,SHARP,45.43,HIGH,320x240,Apply Denoising
Assault025_x264,motion_0188.jpg,85,GOOD,2067.15,SHARP,103.12,NORMAL,86.89,GOOD,102.7,SHARP,45.47,HIGH,320x240,Apply Denoising
Assault025_x264,motion_0189.jpg,85,GOOD,2083.3,SHARP,103.07,NORMAL,86.93,GOOD,103.05,SHARP,45.64,HIGH,320x240,Apply Denoising
Assault025_x264,motion_0190.jpg,85,GOOD,2080.62,SHARP,103.08,NORMAL,86.98,GOOD,103.12,SHARP,45.61,HIGH,320x240,Apply Denoising
Assault025_x264,motion_0191.jpg,85,GOOD,2079.54,SHARP,103.15,NORMAL,87.03,GOOD,103.06,SHARP,45.6,HIGH,320x240,Apply Denoising
Assault025_x264,motion_0192.jpg,85,GOOD,2091.62,SHARP,103.23,NORMAL,87.07,GOOD,103.4,SHARP,45.73,HIGH,320x240,Apply Denoising
Assault025_x264,motion_0193.jpg,85,GOOD,2089.57,SHARP,103.37,NORMAL,87.16,GOOD,103.43,SHARP,45.71,HIGH,320x240,Apply Denoising
Assault025_x264,motion_0194.jpg,85,GOOD,2086.55,SHARP,103.42,NORMAL,87.19,GOOD,103.15,SHARP,45.68,HIGH,320x240,Apply Denoising
Assault025_x264,motion_0195.jpg,85,GOOD,2087.99,SHARP,103.43,NORMAL,87.2,GOOD,103.17,SHARP,45.69,HIGH,320x240,Apply Denoising
Assault025_x264,motion_0196.jpg,85,GOOD,2078.23,SHARP,103.34,NORMAL,87.19,GOOD,103.12,SHARP,45.59,HIGH,320x240,Apply Denoising
Assault025_x264,motion_0197.jpg,85,GOOD,2091.89,SHARP,103.29,NORMAL,87.21,GOOD,103.42,SHARP,45.74,HIGH,320x240,Apply Denoising
Assault025_x264,motion_0198.jpg,85,GOOD,2095.21,SHARP,103.24,NORMAL,87.2,GOOD,103.67,SHARP,45.77,HIGH,320x240,Apply Denoising
Assault025_x264,motion_0199.jpg,85,GOOD,2085.43,SHARP,103.14,NORMAL,87.15,GOOD,103.71,SHARP,45.67,HIGH,320x240,Apply Denoising
Assault025_x264,motion_0200.jpg,85,GOOD,2085.37,SHARP,103.12,NORMAL,87.11,GOOD,103.89,SHARP,45.67,HIGH,320x240,Apply Denoising
Assault025_x264,motion_0201.jpg,85,GOOD,2085.15,SHARP,103.22,NORMAL,87.09,GOOD,103.81,SHARP,45.66,HIGH,320x240,Apply Denoising
Assault025_x264,motion_0202.jpg,85,GOOD,2089.86,SHARP,103.25,NORMAL,86.98,GOOD,103.81,SHARP,45.71,HIGH,320x240,Apply Denoising
Assault025_x264,motion_0203.jpg,85,GOOD,2087.01,SHARP,103.36,NORMAL,87.0,GOOD,103.8,SHARP,45.68,HIGH,320x240,Apply Denoising
Assault025_x264,motion_0204.jpg,85,GOOD,2082.52,SHARP,103.46,NORMAL,87.02,GOOD,103.85,SHARP,45.63,HIGH,320x240,Apply Denoising
Assault025_x264,motion_0205.jpg,85,GOOD,2082.42,SHARP,103.47,NORMAL,87.02,GOOD,103.75,SHARP,45.63,HIGH,320x240,Apply Denoising
Assault025_x264,motion_0206.jpg,85,GOOD,2075.22,SHARP,103.39,NORMAL,86.97,GOOD,103.31,SHARP,45.55,HIGH,320x240,Apply Denoising
Assault025_x264,motion_0207.jpg,85,GOOD,2062.38,SHARP,103.35,NORMAL,86.92,GOOD,102.81,SHARP,45.41,HIGH,320x240,Apply Denoising
Assault025_x264,motion_0208.jpg,85,GOOD,2064.26,SHARP,103.34,NORMAL,86.91,GOOD,102.54,SHARP,45.43,HIGH,320x240,Apply Denoising
Assault025_x264,motion_0209.jpg,85,GOOD,2074.78,SHARP,103.34,NORMAL,86.88,GOOD,102.63,SHARP,45.55,HIGH,320x240,Apply Denoising
Assault025_x264,motion_0210.jpg,85,GOOD,2072.51,SHARP,103.24,NORMAL,86.79,GOOD,102.62,SHARP,45.52,HIGH,320x240,Apply Denoising
Assault025_x264,motion_0211.jpg,85,GOOD,2074.64,SHARP,103.12,NORMAL,86.72,GOOD,102.46,SHARP,45.55,HIGH,320x240,Apply Denoising
Assault025_x264,motion_0212.jpg,85,GOOD,2074.03,SHARP,103.03,NORMAL,86.68,GOOD,102.27,SHARP,45.54,HIGH,320x240,Apply Denoising
Assault025_x264,motion_0213.jpg,85,GOOD,2062.43,SHARP,102.96,NORMAL,86.67,GOOD,102.16,SHARP,45.41,HIGH,320x240,Apply Denoising
Assault025_x264,motion_0214.jpg,85,GOOD,2055.99,SHARP,102.87,NORMAL,86.66,GOOD,102.03,SHARP,45.34,HIGH,320x240,Apply Denoising
Assault025_x264,motion_0215.jpg,85,GOOD,2058.5,SHARP,102.81,NORMAL,86.62,GOOD,102.02,SHARP,45.37,HIGH,320x240,Apply Denoising
Assault025_x264,motion_0216.jpg,85,GOOD,2060.95,SHARP,102.68,NORMAL,86.56,GOOD,102.24,SHARP,45.4,HIGH,320x240,Apply Denoising
Assault025_x264,motion_0217.jpg,85,GOOD,2060.78,SHARP,102.63,NORMAL,86.54,GOOD,102.25,SHARP,45.4,HIGH,320x240,Apply Denoising
Assault025_x264,motion_0218.jpg,85,GOOD,2066.71,SHARP,102.64,NORMAL,86.56,GOOD,102.78,SHARP,45.46,HIGH,320x240,Apply Denoising
Assault025_x264,motion_0219.jpg,85,GOOD,2077.48,SHARP,102.68,NORMAL,86.57,GOOD,103.29,SHARP,45.58,HIGH,320x240,Apply Denoising
Assault025_x264,motion_0220.jpg,85,GOOD,2081.39,SHARP,102.78,NORMAL,86.61,GOOD,103.62,SHARP,45.62,HIGH,320x240,Apply Denoising
Assault025_x264,motion_0221.jpg,85,GOOD,2088.7,SHARP,102.83,NORMAL,86.64,GOOD,103.94,SHARP,45.7,HIGH,320x240,Apply Denoising
Assault025_x264,motion_0222.jpg,85,GOOD,2091.45,SHARP,102.94,NORMAL,86.68,GOOD,103.96,SHARP,45.73,HIGH,320x240,Apply Denoising
Assault025_x264,motion_0223.jpg,85,GOOD,2097.36,SHARP,103.1,NORMAL,86.74,GOOD,103.88,SHARP,45.8,HIGH,320x240,Apply Denoising
Assault025_x264,motion_0224.jpg,85,GOOD,2096.15,SHARP,103.14,NORMAL,86.75,GOOD,103.8,SHARP,45.78,HIGH,320x240,Apply Denoising
Assault025_x264,motion_0225.jpg,85,GOOD,2095.48,SHARP,103.14,NORMAL,86.72,GOOD,103.61,SHARP,45.78,HIGH,320x240,Apply Denoising
Assault025_x264,motion_0226.jpg,85,GOOD,2085.15,SHARP,103.07,NORMAL,86.66,GOOD,103.35,SHARP,45.66,HIGH,320x240,Apply Denoising
Assault025_x264,motion_0227.jpg,85,GOOD,2079.5,SHARP,103.13,NORMAL,86.69,GOOD,103.1,SHARP,45.6,HIGH,320x240,Apply Denoising
Assault025_x264,motion_0228.jpg,85,GOOD,2068.68,SHARP,103.09,NORMAL,86.7,GOOD,102.54,SHARP,45.48,HIGH,320x240,Apply Denoising
Assault025_x264,motion_0229.jpg,85,GOOD,2058.93,SHARP,103.13,NORMAL,86.62,GOOD,102.21,SHARP,45.38,HIGH,320x240,Apply Denoising
Assault025_x264,motion_0230.jpg,85,GOOD,2049.63,SHARP,102.94,NORMAL,86.67,GOOD,101.86,SHARP,45.27,HIGH,320x240,Apply Denoising
Assault025_x264,motion_0231.jpg,85,GOOD,2049.59,SHARP,102.81,NORMAL,86.66,GOOD,101.7,SHARP,45.27,HIGH,320x240,Apply Denoising
Assault025_x264,motion_0232.jpg,85,GOOD,2046.55,SHARP,102.77,NORMAL,86.66,GOOD,101.47,SHARP,45.24,HIGH,320x240,Apply Denoising
Assault025_x264,motion_0233.jpg,85,GOOD,2049.56,SHARP,102.8,NORMAL,86.7,GOOD,101.57,SHARP,45.27,HIGH,320x240,Apply Denoising
Assault025_x264,motion_0234.jpg,85,GOOD,2056.66,SHARP,102.77,NORMAL,86.71,GOOD,101.94,SHARP,45.35,HIGH,320x240,Apply Denoising
Assault025_x264,motion_0235.jpg,85,GOOD,2056.7,SHARP,102.77,NORMAL,86.75,GOOD,102.04,SHARP,45.35,HIGH,320x240,Apply Denoising
Assault025_x264,motion_0236.jpg,85,GOOD,2057.0,SHARP,102.73,NORMAL,86.78,GOOD,101.83,SHARP,45.35,HIGH,320x240,Apply Denoising
Assault025_x264,motion_0237.jpg,85,GOOD,2062.3,SHARP,102.63,NORMAL,86.75,GOOD,101.88,SHARP,45.41,HIGH,320x240,Apply Denoising
Assault025_x264,motion_0238.jpg,85,GOOD,2073.76,SHARP,102.61,NORMAL,86.74,GOOD,102.18,SHARP,45.54,HIGH,320x240,Apply Denoising
Assault025_x264,motion_0239.jpg,85,GOOD,2072.08,SHARP,102.66,NORMAL,86.73,GOOD,102.3,SHARP,45.52,HIGH,320x240,Apply Denoising
Assault025_x264,motion_0240.jpg,85,GOOD,2078.37,SHARP,102.77,NORMAL,86.74,GOOD,102.59,SHARP,45.59,HIGH,320x240,Apply Denoising
Assault025_x264,motion_0241.jpg,85,GOOD,2072.38,SHARP,102.76,NORMAL,86.71,GOOD,102.61,SHARP,45.52,HIGH,320x240,Apply Denoising
Assault025_x264,motion_0242.jpg,85,GOOD,2071.69,SHARP,102.61,NORMAL,86.65,GOOD,102.57,SHARP,45.52,HIGH,320x240,Apply Denoising
Assault025_x264,motion_0243.jpg,85,GOOD,2083.88,SHARP,102.49,NORMAL,86.61,GOOD,102.86,SHARP,45.65,HIGH,320x240,Apply Denoising
Assault025_x264,motion_0244.jpg,85,GOOD,2084.3,SHARP,102.42,NORMAL,86.58,GOOD,103.13,SHARP,45.65,HIGH,320x240,Apply Denoising
Assault025_x264,motion_0245.jpg,85,GOOD,2085.51,SHARP,102.55,NORMAL,86.6,GOOD,103.13,SHARP,45.67,HIGH,320x240,Apply Denoising
Assault025_x264,motion_0246.jpg,85,GOOD,2082.42,SHARP,102.66,NORMAL,86.62,GOOD,102.97,SHARP,45.63,HIGH,320x240,Apply Denoising
Assault025_x264,motion_0247.jpg,85,GOOD,2074.52,SHARP,102.93,NORMAL,86.72,GOOD,102.65,SHARP,45.55,HIGH,320x240,Apply Denoising
Assault025_x264,motion_0248.jpg,85,GOOD,2078.51,SHARP,103.06,NORMAL,86.82,GOOD,102.61,SHARP,45.59,HIGH,320x240,Apply Denoising
Assault025_x264,motion_0249.jpg,85,GOOD,2074.99,SHARP,103.28,NORMAL,86.92,GOOD,102.36,SHARP,45.55,HIGH,320x240,Apply Denoising
Assault025_x264,motion_0250.jpg,85,GOOD,2070.48,SHARP,103.37,NORMAL,86.89,GOOD,102.25,SHARP,45.5,HIGH,320x240,Apply Denoising
Assault025_x264,motion_0251.jpg,85,GOOD,2073.0,SHARP,103.33,NORMAL,86.87,GOOD,102.3,SHARP,45.53,HIGH,320x240,Apply Denoising
Assault025_x264,motion_0252.jpg,85,GOOD,2079.85,SHARP,103.23,NORMAL,86.82,GOOD,102.33,SHARP,45.61,HIGH,320x240,Apply Denoising
Assault025_x264,motion_0253.jpg,85,GOOD,2081.95,SHARP,103.04,NORMAL,86.78,GOOD,102.24,SHARP,45.63,HIGH,320x240,Apply Denoising
Assault025_x264,motion_0254.jpg,85,GOOD,2077.67,SHARP,102.79,NORMAL,86.71,GOOD,102.23,SHARP,45.58,HIGH,320x240,Apply Denoising
Assault025_x264,motion_0255.jpg,85,GOOD,2088.28,SHARP,102.62,NORMAL,86.7,GOOD,102.35,SHARP,45.7,HIGH,320x240,Apply Denoising
Assault025_x264,motion_0256.jpg,85,GOOD,2061.04,SHARP,102.35,NORMAL,86.64,GOOD,101.82,SHARP,45.4,HIGH,320x240,Apply Denoising
Assault025_x264,motion_0257.jpg,85,GOOD,2042.0,SHARP,102.18,NORMAL,86.62,GOOD,101.23,SHARP,45.19,HIGH,320x240,Apply Denoising
Assault025_x264,motion_0258.jpg,85,GOOD,2029.93,SHARP,101.99,NORMAL,86.59,GOOD,101.09,SHARP,45.05,HIGH,320x240,Apply Denoising
Assault025_x264,motion_0259.jpg,85,GOOD,2033.44,SHARP,101.99,NORMAL,86.58,GOOD,101.12,SHARP,45.09,HIGH,320x240,Apply Denoising
Assault025_x264,motion_0260.jpg,85,GOOD,2034.49,SHARP,102.12,NORMAL,86.65,GOOD,101.19,SHARP,45.11,HIGH,320x240,Apply Denoising
Assault025_x264,motion_0261.jpg,85,GOOD,2040.25,SHARP,102.3,NORMAL,86.71,GOOD,101.14,SHARP,45.17,HIGH,320x240,Apply Denoising
Assault025_x264,motion_0262.jpg,85,GOOD,2042.03,SHARP,102.41,NORMAL,86.7,GOOD,101.28,SHARP,45.19,HIGH,320x240,Apply Denoising
Assault025_x264,motion_0263.jpg,85,GOOD,2060.93,SHARP,102.38,NORMAL,86.62,GOOD,101.92,SHARP,45.4,HIGH,320x240,Apply Denoising
Assault025_x264,motion_0264.jpg,85,GOOD,2066.03,SHARP,102.12,NORMAL,86.45,GOOD,102.01,SHARP,45.45,HIGH,320x240,Apply Denoising
Assault025_x264,motion_0265.jpg,85,GOOD,2062.01,SHARP,101.84,NORMAL,86.31,GOOD,101.95,SHARP,45.41,HIGH,320x240,Apply Denoising
Assault025_x264,motion_0266.jpg,85,GOOD,2061.76,SHARP,101.63,NORMAL,86.2,GOOD,101.88,SHARP,45.41,HIGH,320x240,Apply Denoising
Assault025_x264,motion_0267.jpg,85,GOOD,2066.47,SHARP,101.36,NORMAL,86.08,GOOD,102.12,SHARP,45.46,HIGH,320x240,Apply Denoising
Assault025_x264,motion_0268.jpg,85,GOOD,2052.89,SHARP,101.3,NORMAL,86.09,GOOD,101.85,SHARP,45.31,HIGH,320x240,Apply Denoising
Assault025_x264,motion_0269.jpg,85,GOOD,2052.61,SHARP,101.43,NORMAL,86.24,GOOD,101.7,SHARP,45.31,HIGH,320x240,Apply Denoising
Assault025_x264,motion_0270.jpg,85,GOOD,2057.28,SHARP,101.61,NORMAL,86.32,GOOD,101.43,SHARP,45.36,HIGH,320x240,Apply Denoising
Assault025_x264,motion_0271.jpg,85,GOOD,2045.45,SHARP,101.92,NORMAL,86.41,GOOD,101.01,SHARP,45.23,HIGH,320x240,Apply Denoising
Assault025_x264,motion_0272.jpg,85,GOOD,2041.25,SHARP,102.18,NORMAL,86.5,GOOD,100.4,SHARP,45.18,HIGH,320x240,Apply Denoising
Assault025_x264,motion_0273.jpg,85,GOOD,2037.1,SHARP,102.19,NORMAL,86.46,GOOD,100.3,SHARP,45.13,HIGH,320x240,Apply Denoising
Assault025_x264,motion_0274.jpg,85,GOOD,2043.82,SHARP,102.17,NORMAL,86.36,GOOD,100.68,SHARP,45.21,HIGH,320x240,Apply Denoising
Assault025_x264,motion_0275.jpg,85,GOOD,2061.3,SHARP,102.17,NORMAL,86.28,GOOD,101.38,SHARP,45.4,HIGH,320x240,Apply Denoising
Assault025_x264,motion_0276.jpg,85,GOOD,2079.03,SHARP,102.15,NORMAL,86.3,GOOD,102.25,SHARP,45.6,HIGH,320x240,Apply Denoising
Assault025_x264,motion_0277.jpg,85,GOOD,2080.86,SHARP,102.16,NORMAL,86.37,GOOD,102.44,SHARP,45.62,HIGH,320x240,Apply Denoising
Assault025_x264,motion_0278.jpg,85,GOOD,2084.42,SHARP,102.43,NORMAL,86.53,GOOD,102.83,SHARP,45.66,HIGH,320x240,Apply Denoising
Assault025_x264,motion_0279.jpg,85,GOOD,2080.31,SHARP,102.82,NORMAL,86.76,GOOD,102.41,SHARP,45.61,HIGH,320x240,Apply Denoising
Assault025_x264,motion_0280.jpg,85,GOOD,2062.56,SHARP,103.14,NORMAL,86.92,GOOD,101.8,SHARP,45.42,HIGH,320x240,Apply Denoising
Assault025_x264,motion_0281.jpg,85,GOOD,2062.53,SHARP,103.48,NORMAL,87.07,GOOD,101.86,SHARP,45.42,HIGH,320x240,Apply Denoising
Assault025_x264,motion_0282.jpg,85,GOOD,2068.43,SHARP,103.31,NORMAL,86.97,GOOD,101.9,SHARP,45.48,HIGH,320x240,Apply Denoising
Assault025_x264,motion_0283.jpg,85,GOOD,2065.4,SHARP,102.93,NORMAL,86.78,GOOD,101.42,SHARP,45.45,HIGH,320x240,Apply Denoising
Assault025_x264,motion_0284.jpg,85,GOOD,2055.09,SHARP,102.55,NORMAL,86.61,GOOD,100.57,SHARP,45.33,HIGH,320x240,Apply Denoising
Assault025_x264,motion_0285.jpg,85,GOOD,2049.58,SHARP,102.19,NORMAL,86.47,GOOD,99.89,SHARP,45.27,HIGH,320x240,Apply Denoising
Assault025_x264,motion_0286.jpg,85,GOOD,2032.83,SHARP,101.87,NORMAL,86.32,GOOD,99.55,SHARP,45.09,HIGH,320x240,Apply Denoising
Assault025_x264,motion_0287.jpg,85,GOOD,2042.4,SHARP,102.01,NORMAL,86.35,GOOD,99.97,SHARP,45.19,HIGH,320x240,Apply Denoising
Assault025_x264,motion_0288.jpg,85,GOOD,2053.21,SHARP,102.17,NORMAL,86.4,GOOD,100.82,SHARP,45.31,HIGH,320x240,Apply Denoising
Assault025_x264,motion_0289.jpg,85,GOOD,2049.23,SHARP,101.91,NORMAL,86.33,GOOD,101.26,SHARP,45.27,HIGH,320x240,Apply Denoising
Assault025_x264,motion_0290.jpg,85,GOOD,2052.82,SHARP,101.71,NORMAL,86.3,GOOD,101.51,SHARP,45.31,HIGH,320x240,Apply Denoising
Assault025_x264,motion_0291.jpg,85,GOOD,2055.43,SHARP,101.57,NORMAL,86.25,GOOD,101.82,SHARP,45.34,HIGH,320x240,Apply Denoising
Assault025_x264,motion_0292.jpg,85,GOOD,2052.83,SHARP,101.5,NORMAL,86.24,GOOD,101.88,SHARP,45.31,HIGH,320x240,Apply Denoising
Assault025_x264,motion_0293.jpg,85,GOOD,2051.05,SHARP,101.46,NORMAL,86.21,GOOD,101.83,SHARP,45.29,HIGH,320x240,Apply Denoising
Assault025_x264,motion_0294.jpg,85,GOOD,2041.31,SHARP,101.4,NORMAL,86.19,GOOD,101.53,SHARP,45.18,HIGH,320x240,Apply Denoising
Assault025_x264,motion_0295.jpg,85,GOOD,2045.61,SHARP,101.22,NORMAL,86.04,GOOD,101.47,SHARP,45.23,HIGH,320x240,Apply Denoising
Assault025_x264,motion_0296.jpg,85,GOOD,2047.17,SHARP,101.26,NORMAL,86.06,GOOD,101.67,SHARP,45.25,HIGH,320x240,Apply Denoising
Assault025_x264,motion_0297.jpg,85,GOOD,2058.06,SHARP,101.55,NORMAL,86.19,GOOD,102.6,SHARP,45.37,HIGH,320x240,Apply Denoising
Assault025_x264,motion_0298.jpg,85,GOOD,2057.15,SHARP,101.86,NORMAL,86.29,GOOD,102.62,SHARP,45.36,HIGH,320x240,Apply Denoising
Assault025_x264,motion_0299.jpg,85,GOOD,2047.92,SHARP,101.95,NORMAL,86.27,GOOD,102.54,SHARP,45.25,HIGH,320x240,Apply Denoising
Assault025_x264,motion_0300.jpg,85,GOOD,2050.65,SHARP,101.98,NORMAL,86.27,GOOD,102.72,SHARP,45.28,HIGH,320x240,Apply Denoising
Assault025_x264,motion_0301.jpg,85,GOOD,2046.48,SHARP,102.02,NORMAL,86.27,GOOD,102.29,SHARP,45.24,HIGH,320x240,Apply Denoising
Assault025_x264,motion_0302.jpg,85,GOOD,2042.16,SHARP,101.87,NORMAL,86.17,GOOD,101.91,SHARP,45.19,HIGH,320x240,Apply Denoising
Assault025_x264,motion_0303.jpg,85,GOOD,2045.99,SHARP,101.87,NORMAL,86.18,GOOD,101.78,SHARP,45.23,HIGH,320x240,Apply Denoising
Assault025_x264,motion_0304.jpg,85,GOOD,2058.34,SHARP,102.06,NORMAL,86.3,GOOD,102.07,SHARP,45.37,HIGH,320x240,Apply Denoising
Assault025_x264,motion_0305.jpg,85,GOOD,2051.29,SHARP,102.16,NORMAL,86.38,GOOD,101.74,SHARP,45.29,HIGH,320x240,Apply Denoising
Assault025_x264,motion_0306.jpg,85,GOOD,2073.77,SHARP,102.21,NORMAL,86.38,GOOD,102.42,SHARP,45.54,HIGH,320x240,Apply Denoising
Assault025_x264,motion_0307.jpg,85,GOOD,2080.1,SHARP,102.23,NORMAL,86.33,GOOD,102.2,SHARP,45.61,HIGH,320x240,Apply Denoising
Assault025_x264,motion_0308.jpg,85,GOOD,2062.74,SHARP,102.32,NORMAL,86.33,GOOD,102.18,SHARP,45.42,HIGH,320x240,Apply Denoising
Assault025_x264,motion_0309.jpg,85,GOOD,2070.35,SHARP,102.45,NORMAL,86.43,GOOD,102.29,SHARP,45.5,HIGH,320x240,Apply Denoising
Assault025_x264,motion_0310.jpg,85,GOOD,2072.84,SHARP,102.51,NORMAL,86.48,GOOD,102.13,SHARP,45.53,HIGH,320x240,Apply Denoising
Assault025_x264,motion_0311.jpg,85,GOOD,2078.33,SHARP,102.69,NORMAL,86.57,GOOD,102.01,SHARP,45.59,HIGH,320x240,Apply Denoising
Assault025_x264,motion_0312.jpg,85,GOOD,2065.9,SHARP,102.76,NORMAL,86.65,GOOD,101.63,SHARP,45.45,HIGH,320x240,Apply Denoising
Assault025_x264,motion_0313.jpg,85,GOOD,2070.75,SHARP,102.75,NORMAL,86.62,GOOD,101.68,SHARP,45.51,HIGH,320x240,Apply Denoising
Assault025_x264,motion_0314.jpg,85,GOOD,2068.73,SHARP,103.07,NORMAL,86.72,GOOD,101.98,SHARP,45.48,HIGH,320x240,Apply Denoising
Assault025_x264,motion_0315.jpg,85,GOOD,2057.25,SHARP,103.29,NORMAL,86.84,GOOD,101.63,SHARP,45.36,HIGH,320x240,Apply Denoising
Assault025_x264,motion_0316.jpg,85,GOOD,2066.25,SHARP,103.23,NORMAL,86.85,GOOD,101.7,SHARP,45.46,HIGH,320x240,Apply Denoising
Assault025_x264,motion_0317.jpg,85,GOOD,2054.14,SHARP,103.07,NORMAL,86.9,GOOD,101.64,SHARP,45.32,HIGH,320x240,Apply Denoising
Assault025_x264,motion_0318.jpg,85,GOOD,2079.18,SHARP,102.98,NORMAL,86.88,GOOD,102.22,SHARP,45.6,HIGH,320x240,Apply Denoising
Assault025_x264,motion_0319.jpg,85,GOOD,2072.8,SHARP,102.93,NORMAL,86.87,GOOD,102.31,SHARP,45.53,HIGH,320x240,Apply Denoising
Assault025_x264,motion_0320.jpg,85,GOOD,2076.91,SHARP,102.98,NORMAL,86.82,GOOD,102.43,SHARP,45.57,HIGH,320x240,Apply Denoising
Assault025_x264,motion_0321.jpg,85,GOOD,2060.59,SHARP,103.12,NORMAL,86.9,GOOD,102.3,SHARP,45.39,HIGH,320x240,Apply Denoising
Assault025_x264,motion_0322.jpg,85,GOOD,2059.4,SHARP,102.95,NORMAL,86.91,GOOD,102.66,SHARP,45.38,HIGH,320x240,Apply Denoising
Assault025_x264,motion_0323.jpg,85,GOOD,2073.69,SHARP,102.65,NORMAL,86.77,GOOD,103.06,SHARP,45.54,HIGH,320x240,Apply Denoising
Assault025_x264,motion_0324.jpg,85,GOOD,2091.68,SHARP,102.42,NORMAL,86.65,GOOD,103.52,SHARP,45.73,HIGH,320x240,Apply Denoising
Assault025_x264,motion_0325.jpg,85,GOOD,2095.61,SHARP,102.22,NORMAL,86.59,GOOD,103.95,SHARP,45.78,HIGH,320x240,Apply Denoising
Assault025_x264,motion_0326.jpg,85,GOOD,2114.85,SHARP,101.94,NORMAL,86.56,GOOD,104.56,SHARP,45.99,HIGH,320x240,Apply Denoising
Assault025_x264,motion_0327.jpg,85,GOOD,2111.24,SHARP,101.67,NORMAL,86.52,GOOD,104.74,SHARP,45.95,HIGH,320x240,Apply Denoising
Assault025_x264,motion_0328.jpg,85,GOOD,2116.59,SHARP,101.52,NORMAL,86.51,GOOD,104.89,SHARP,46.01,HIGH,320x240,Apply Denoising
Assault025_x264,motion_0329.jpg,85,GOOD,2118.89,SHARP,101.37,NORMAL,86.48,GOOD,104.7,SHARP,46.03,HIGH,320x240,Apply Denoising
Assault025_x264,motion_0330.jpg,85,GOOD,2117.98,SHARP,101.33,NORMAL,86.48,GOOD,104.53,SHARP,46.02,HIGH,320x240,Apply Denoising
Assault025_x264,motion_0331.jpg,85,GOOD,2106.77,SHARP,101.34,NORMAL,86.48,GOOD,104.15,SHARP,45.9,HIGH,320x240,Apply Denoising
Assault025_x264,motion_0332.jpg,85,GOOD,2094.28,SHARP,101.26,NORMAL,86.46,GOOD,103.61,SHARP,45.76,HIGH,320x240,Apply Denoising
Assault025_x264,motion_0333.jpg,85,GOOD,2083.73,SHARP,101.22,NORMAL,86.47,GOOD,103.37,SHARP,45.65,HIGH,320x240,Apply Denoising
Assault025_x264,motion_0334.jpg,85,GOOD,2072.79,SHARP,101.18,NORMAL,86.41,GOOD,103.4,SHARP,45.53,HIGH,320x240,Apply Denoising
Assault025_x264,motion_0335.jpg,85,GOOD,2083.59,SHARP,101.08,NORMAL,86.42,GOOD,103.35,SHARP,45.65,HIGH,320x240,Apply Denoising
Assault025_x264,motion_0336.jpg,85,GOOD,2102.28,SHARP,101.0,NORMAL,86.33,GOOD,103.83,SHARP,45.85,HIGH,320x240,Apply Denoising
Assault025_x264,motion_0337.jpg,85,GOOD,2122.16,SHARP,100.95,NORMAL,86.24,GOOD,104.94,SHARP,46.07,HIGH,320x240,Apply Denoising
Assault025_x264,motion_0338.jpg,85,GOOD,2123.15,SHARP,100.84,NORMAL,86.14,GOOD,104.81,SHARP,46.08,HIGH,320x240,Apply Denoising
Assault025_x264,motion_0339.jpg,85,GOOD,2116.39,SHARP,100.76,NORMAL,86.08,GOOD,104.5,SHARP,46.0,HIGH,320x240,Apply Denoising
Assault025_x264,motion_0340.jpg,85,GOOD,2106.02,SHARP,100.64,NORMAL,86.06,GOOD,104.64,SHARP,45.89,HIGH,320x240,Apply Denoising
Assault025_x264,motion_0341.jpg,85,GOOD,2106.86,SHARP,100.57,NORMAL,86.07,GOOD,104.9,SHARP,45.9,HIGH,320x240,Apply Denoising
Assault025_x264,motion_0342.jpg,85,GOOD,2119.23,SHARP,100.45,NORMAL,85.98,GOOD,105.2,SHARP,46.04,HIGH,320x240,Apply Denoising
Assault025_x264,motion_0343.jpg,85,GOOD,2116.05,SHARP,100.39,NORMAL,85.92,GOOD,105.11,SHARP,46.0,HIGH,320x240,Apply Denoising
Assault025_x264,motion_0344.jpg,85,GOOD,2122.15,SHARP,100.34,NORMAL,85.87,GOOD,104.93,SHARP,46.07,HIGH,320x240,Apply Denoising
Assault025_x264,motion_0345.jpg,85,GOOD,2122.84,SHARP,100.39,NORMAL,85.89,GOOD,104.88,SHARP,46.07,HIGH,320x240,Apply Denoising
Assault025_x264,motion_0346.jpg,85,GOOD,2126.38,SHARP,100.5,NORMAL,85.93,GOOD,104.57,SHARP,46.11,HIGH,320x240,Apply Denoising
Assault025_x264,motion_0347.jpg,85,GOOD,2126.83,SHARP,100.57,NORMAL,85.99,GOOD,104.35,SHARP,46.12,HIGH,320x240,Apply Denoising
Assault025_x264,motion_0348.jpg,85,GOOD,2131.2,SHARP,100.57,NORMAL,86.03,GOOD,104.38,SHARP,46.16,HIGH,320x240,Apply Denoising
Assault025_x264,motion_0349.jpg,85,GOOD,2114.56,SHARP,100.35,NORMAL,85.95,GOOD,103.83,SHARP,45.98,HIGH,320x240,Apply Denoising
Assault025_x264,motion_0350.jpg,85,GOOD,2111.02,SHARP,100.4,NORMAL,85.96,GOOD,103.27,SHARP,45.95,HIGH,320x240,Apply Denoising
Assault025_x264,motion_0351.jpg,85,GOOD,2112.48,SHARP,100.57,NORMAL,86.08,GOOD,103.2,SHARP,45.96,HIGH,320x240,Apply Denoising
Assault025_x264,motion_0352.jpg,85,GOOD,2101.47,SHARP,100.7,NORMAL,86.15,GOOD,103.16,SHARP,45.84,HIGH,320x240,Apply Denoising
Assault025_x264,motion_0353.jpg,85,GOOD,2100.1,SHARP,100.71,NORMAL,86.16,GOOD,103.2,SHARP,45.83,HIGH,320x240,Apply Denoising
Assault025_x264,motion_0354.jpg,85,GOOD,2104.93,SHARP,100.63,NORMAL,86.1,GOOD,103.34,SHARP,45.88,HIGH,320x240,Apply Denoising
Assault025_x264,motion_0355.jpg,85,GOOD,2092.91,SHARP,100.53,NORMAL,86.06,GOOD,103.12,SHARP,45.75,HIGH,320x240,Apply Denoising
Assault025_x264,motion_0356.jpg,85,GOOD,2083.38,SHARP,100.43,NORMAL,86.03,GOOD,102.75,SHARP,45.64,HIGH,320x240,Apply Denoising
Assault025_x264,motion_0357.jpg,85,GOOD,2082.63,SHARP,100.26,NORMAL,85.96,GOOD,102.66,SHARP,45.64,HIGH,320x240,Apply Denoising
Assault025_x264,motion_0358.jpg,85,GOOD,2081.32,SHARP,100.35,NORMAL,86.03,GOOD,102.48,SHARP,45.62,HIGH,320x240,Apply Denoising
Assault025_x264,motion_0359.jpg,85,GOOD,2082.66,SHARP,100.42,NORMAL,86.08,GOOD,102.36,SHARP,45.64,HIGH,320x240,Apply Denoising
Assault025_x264,motion_0360.jpg,85,GOOD,2097.7,SHARP,100.51,NORMAL,86.15,GOOD,102.59,SHARP,45.8,HIGH,320x240,Apply Denoising
Assault025_x264,motion_0361.jpg,85,GOOD,2109.05,SHARP,100.51,NORMAL,86.15,GOOD,102.77,SHARP,45.92,HIGH,320x240,Apply Denoising
Assault025_x264,motion_0362.jpg,85,GOOD,2114.57,SHARP,100.67,NORMAL,86.23,GOOD,102.7,SHARP,45.98,HIGH,320x240,Apply Denoising
Assault025_x264,motion_0363.jpg,85,GOOD,2111.13,SHARP,100.83,NORMAL,86.31,GOOD,102.42,SHARP,45.95,HIGH,320x240,Apply Denoising
Assault025_x264,motion_0364.jpg,85,GOOD,2100.81,SHARP,101.07,NORMAL,86.44,GOOD,101.97,SHARP,45.83,HIGH,320x240,Apply Denoising
Assault025_x264,motion_0365.jpg,85,GOOD,2104.54,SHARP,101.31,NORMAL,86.54,GOOD,101.86,SHARP,45.88,HIGH,320x240,Apply Denoising
Assault025_x264,motion_0366.jpg,85,GOOD,2112.23,SHARP,101.44,NORMAL,86.6,GOOD,101.95,SHARP,45.96,HIGH,320x240,Apply Denoising
Assault025_x264,motion_0367.jpg,85,GOOD,2114.29,SHARP,101.6,NORMAL,86.66,GOOD,102.32,SHARP,45.98,HIGH,320x240,Apply Denoising
Assault025_x264,motion_0368.jpg,85,GOOD,2121.81,SHARP,101.73,NORMAL,86.69,GOOD,102.84,SHARP,46.06,HIGH,320x240,Apply Denoising
Assault025_x264,motion_0369.jpg,85,GOOD,2124.4,SHARP,101.69,NORMAL,86.69,GOOD,103.05,SHARP,46.09,HIGH,320x240,Apply Denoising
Assault025_x264,motion_0370.jpg,85,GOOD,2119.34,SHARP,101.63,NORMAL,86.69,GOOD,102.81,SHARP,46.04,HIGH,320x240,Apply Denoising
Assault025_x264,motion_0371.jpg,85,GOOD,2117.75,SHARP,101.6,NORMAL,86.69,GOOD,102.8,SHARP,46.02,HIGH,320x240,Apply Denoising
Assault025_x264,motion_0372.jpg,85,GOOD,2130.19,SHARP,101.6,NORMAL,86.71,GOOD,102.94,SHARP,46.15,HIGH,320x240,Apply Denoising
Assault025_x264,motion_0373.jpg,85,GOOD,2115.04,SHARP,101.5,NORMAL,86.72,GOOD,102.72,SHARP,45.99,HIGH,320x240,Apply Denoising
Assault025_x264,motion_0374.jpg,85,GOOD,2107.67,SHARP,101.45,NORMAL,86.73,GOOD,102.4,SHARP,45.91,HIGH,320x240,Apply Denoising
Assault025_x264,motion_0375.jpg,85,GOOD,2114.84,SHARP,101.39,NORMAL,86.7,GOOD,102.36,SHARP,45.99,HIGH,320x240,Apply Denoising
Assault025_x264,motion_0376.jpg,85,GOOD,2119.89,SHARP,101.35,NORMAL,86.67,GOOD,102.37,SHARP,46.04,HIGH,320x240,Apply Denoising
Assault025_x264,motion_0377.jpg,85,GOOD,2112.33,SHARP,101.2,NORMAL,86.59,GOOD,102.24,SHARP,45.96,HIGH,320x240,Apply Denoising
Assault025_x264,motion_0378.jpg,85,GOOD,2114.47,SHARP,101.13,NORMAL,86.57,GOOD,102.23,SHARP,45.98,HIGH,320x240,Apply Denoising
Assault025_x264,motion_0379.jpg,85,GOOD,2119.91,SHARP,101.07,NORMAL,86.53,GOOD,102.28,SHARP,46.04,HIGH,320x240,Apply Denoising
Assault025_x264,motion_0380.jpg,85,GOOD,2123.0,SHARP,101.09,NORMAL,86.49,GOOD,102.24,SHARP,46.08,HIGH,320x240,Apply Denoising
Assault025_x264,motion_0381.jpg,85,GOOD,2111.0,SHARP,101.05,NORMAL,86.46,GOOD,102.02,SHARP,45.95,HIGH,320x240,Apply Denoising
Assault025_x264,motion_0382.jpg,85,GOOD,2102.99,SHARP,100.87,NORMAL,86.42,GOOD,101.68,SHARP,45.86,HIGH,320x240,Apply Denoising
Assault025_x264,motion_0383.jpg,85,GOOD,2100.23,SHARP,100.75,NORMAL,86.35,GOOD,101.64,SHARP,45.83,HIGH,320x240,Apply Denoising
Assault025_x264,motion_0384.jpg,85,GOOD,2106.6,SHARP,100.6,NORMAL,86.31,GOOD,101.59,SHARP,45.9,HIGH,320x240,Apply Denoising
Assault025_x264,motion_0385.jpg,85,GOOD,2098.17,SHARP,100.4,NORMAL,86.23,GOOD,101.14,SHARP,45.81,HIGH,320x240,Apply Denoising
Assault025_x264,motion_0386.jpg,85,GOOD,2089.04,SHARP,100.2,NORMAL,86.11,GOOD,100.82,SHARP,45.71,HIGH,320x240,Apply Denoising
Assault025_x264,motion_0387.jpg,85,GOOD,2080.48,SHARP,100.37,NORMAL,86.17,GOOD,100.65,SHARP,45.61,HIGH,320x240,Apply Denoising
Assault025_x264,motion_0388.jpg,85,GOOD,2048.65,SHARP,100.54,NORMAL,86.3,GOOD,100.32,SHARP,45.26,HIGH,320x240,Apply Denoising
Assault025_x264,motion_0389.jpg,85,GOOD,2053.21,SHARP,100.58,NORMAL,86.31,GOOD,100.4,SHARP,45.31,HIGH,320x240,Apply Denoising
Assault025_x264,motion_0390.jpg,85,GOOD,2063.36,SHARP,100.53,NORMAL,86.22,GOOD,100.74,SHARP,45.42,HIGH,320x240,Apply Denoising
Assault025_x264,motion_0391.jpg,85,GOOD,2071.64,SHARP,100.61,NORMAL,86.21,GOOD,100.86,SHARP,45.52,HIGH,320x240,Apply Denoising
Assault025_x264,motion_0392.jpg,85,GOOD,2098.07,SHARP,100.79,NORMAL,86.25,GOOD,101.63,SHARP,45.8,HIGH,320x240,Apply Denoising
Assault025_x264,motion_0393.jpg,85,GOOD,2095.06,SHARP,100.88,NORMAL,86.28,GOOD,101.93,SHARP,45.77,HIGH,320x240,Apply Denoising
Assault025_x264,motion_0394.jpg,85,GOOD,2104.6,SHARP,100.91,NORMAL,86.32,GOOD,102.18,SHARP,45.88,HIGH,320x240,Apply Denoising
Assault025_x264,motion_0395.jpg,85,GOOD,2099.18,SHARP,100.91,NORMAL,86.33,GOOD,102.05,SHARP,45.82,HIGH,320x240,Apply Denoising
Assault025_x264,motion_0396.jpg,85,GOOD,1603.18,SHARP,102.61,NORMAL,86.42,GOOD,85.48,SHARP,40.04,HIGH,320x240,Apply Denoising
Assault025_x264,motion_0397.jpg,85,GOOD,1563.96,SHARP,100.72,NORMAL,86.18,GOOD,84.98,SHARP,39.55,HIGH,320x240,Apply Denoising
Assault025_x264,motion_0398.jpg,85,GOOD,1552.35,SHARP,101.85,NORMAL,87.49,GOOD,84.34,SHARP,39.4,HIGH,320x240,Apply Denoising
Assault025_x264,motion_0399.jpg,85,GOOD,1509.86,SHARP,101.47,NORMAL,87.58,GOOD,85.66,SHARP,38.86,HIGH,320x240,Apply Denoising
Assault025_x264,motion_0400.jpg,85,GOOD,1501.69,SHARP,102.29,NORMAL,88.56,GOOD,85.05,SHARP,38.75,HIGH,320x240,Apply Denoising
Assault025_x264,motion_0401.jpg,85,GOOD,1588.93,SHARP,102.68,NORMAL,88.98,GOOD,89.74,SHARP,39.86,HIGH,320x240,Apply Denoising
Assault025_x264,motion_0402.jpg,85,GOOD,1617.23,SHARP,103.28,NORMAL,89.41,GOOD,90.45,SHARP,40.21,HIGH,320x240,Apply Denoising
Assault025_x264,motion_0403.jpg,85,GOOD,1704.0,SHARP,103.24,NORMAL,89.58,GOOD,92.73,SHARP,41.28,HIGH,320x240,Apply Denoising
Assault025_x264,motion_0404.jpg,85,GOOD,1756.04,SHARP,102.91,NORMAL,89.54,GOOD,93.97,SHARP,41.91,HIGH,320x240,Apply Denoising
Assault025_x264,motion_0405.jpg,85,GOOD,1775.6,SHARP,102.12,NORMAL,89.19,GOOD,94.97,SHARP,42.14,HIGH,320x240,Apply Denoising
Assault025_x264,motion_0406.jpg,85,GOOD,1793.52,SHARP,101.63,NORMAL,89.04,GOOD,95.81,SHARP,42.35,HIGH,320x240,Apply Denoising
Assault025_x264,motion_0407.jpg,85,GOOD,1821.8,SHARP,101.4,NORMAL,88.97,GOOD,96.62,SHARP,42.68,HIGH,320x240,Apply Denoising
Assault025_x264,motion_0408.jpg,85,GOOD,1820.8,SHARP,101.46,NORMAL,89.02,GOOD,96.29,SHARP,42.67,HIGH,320x240,Apply Denoising
Assault025_x264,motion_0409.jpg,85,GOOD,1833.56,SHARP,101.45,NORMAL,89.05,GOOD,96.6,SHARP,42.82,HIGH,320x240,Apply Denoising
Assault025_x264,motion_0410.jpg,85,GOOD,1838.61,SHARP,101.54,NORMAL,89.12,GOOD,96.6,SHARP,42.88,HIGH,320x240,Apply Denoising
Assault025_x264,motion_0411.jpg,85,GOOD,1848.29,SHARP,101.57,NORMAL,89.17,GOOD,96.81,SHARP,42.99,HIGH,320x240,Apply Denoising
Assault025_x264,motion_0412.jpg,85,GOOD,1857.3,SHARP,101.81,NORMAL,89.37,GOOD,97.34,SHARP,43.1,HIGH,320x240,Apply Denoising
Assault025_x264,motion_0413.jpg,85,GOOD,1873.98,SHARP,101.95,NORMAL,89.49,GOOD,97.8,SHARP,43.29,HIGH,320x240,Apply Denoising
Assault025_x264,motion_0414.jpg,85,GOOD,1888.66,SHARP,102.06,NORMAL,89.65,GOOD,98.0,SHARP,43.46,HIGH,320x240,Apply Denoising
Assault025_x264,motion_0415.jpg,85,GOOD,1894.45,SHARP,102.08,NORMAL,89.72,GOOD,98.14,SHARP,43.53,HIGH,320x240,Apply Denoising
Assault025_x264,motion_0416.jpg,85,GOOD,1876.1,SHARP,102.24,NORMAL,89.93,GOOD,97.97,SHARP,43.31,HIGH,320x240,Apply Denoising
Assault025_x264,motion_0417.jpg,85,GOOD,1880.15,SHARP,101.89,NORMAL,89.88,GOOD,97.86,SHARP,43.36,HIGH,320x240,Apply Denoising
Assault025_x264,motion_0418.jpg,85,GOOD,1860.16,SHARP,101.59,NORMAL,89.79,GOOD,97.76,SHARP,43.13,HIGH,320x240,Apply Denoising
Assault025_x264,motion_0419.jpg,85,GOOD,1855.12,SHARP,101.56,NORMAL,89.75,GOOD,97.9,SHARP,43.07,HIGH,320x240,Apply Denoising
Assault025_x264,motion_0420.jpg,85,GOOD,1854.72,SHARP,101.35,NORMAL,89.63,GOOD,98.17,SHARP,43.07,HIGH,320x240,Apply Denoising
Assault025_x264,motion_0421.jpg,85,GOOD,1855.38,SHARP,101.32,NORMAL,89.63,GOOD,98.25,SHARP,43.07,HIGH,320x240,Apply Denoising
Assault025_x264,motion_0422.jpg,85,GOOD,1841.96,SHARP,101.07,NORMAL,89.52,GOOD,97.5,SHARP,42.92,HIGH,320x240,Apply Denoising
Assault025_x264,motion_0423.jpg,85,GOOD,1813.84,SHARP,101.0,NORMAL,89.41,GOOD,96.57,SHARP,42.59,HIGH,320x240,Apply Denoising
Assault025_x264,motion_0424.jpg,85,GOOD,1823.75,SHARP,101.08,NORMAL,89.41,GOOD,96.55,SHARP,42.71,HIGH,320x240,Apply Denoising
Assault025_x264,motion_0425.jpg,85,GOOD,1827.39,SHARP,100.87,NORMAL,89.29,GOOD,96.31,SHARP,42.75,HIGH,320x240,Apply Denoising
Assault025_x264,motion_0426.jpg,85,GOOD,1828.37,SHARP,100.73,NORMAL,89.29,GOOD,96.17,SHARP,42.76,HIGH,320x240,Apply Denoising
Assault025_x264,motion_0427.jpg,85,GOOD,1826.87,SHARP,100.55,NORMAL,89.28,GOOD,95.93,SHARP,42.74,HIGH,320x240,Apply Denoising
Assault025_x264,motion_0428.jpg,85,GOOD,1836.28,SHARP,100.4,NORMAL,89.28,GOOD,95.97,SHARP,42.85,HIGH,320x240,Apply Denoising
Assault025_x264,motion_0429.jpg,85,GOOD,1839.08,SHARP,100.25,NORMAL,89.19,GOOD,96.01,SHARP,42.88,HIGH,320x240,Apply Denoising
Assault025_x264,motion_0430.jpg,85,GOOD,1834.02,SHARP,100.02,NORMAL,89.16,GOOD,96.07,SHARP,42.83,HIGH,320x240,Apply Denoising
Assault025_x264,motion_0431.jpg,85,GOOD,1831.88,SHARP,99.97,NORMAL,89.13,GOOD,96.17,SHARP,42.8,HIGH,320x240,Apply Denoising
Assault025_x264,motion_0432.jpg,85,GOOD,1840.79,SHARP,99.5,NORMAL,88.97,GOOD,96.28,SHARP,42.9,HIGH,320x240,Apply Denoising
Assault025_x264,motion_0433.jpg,85,GOOD,1855.28,SHARP,99.3,NORMAL,89.0,GOOD,96.63,SHARP,43.07,HIGH,320x240,Apply Denoising
Assault025_x264,motion_0434.jpg,85,GOOD,1842.04,SHARP,99.19,NORMAL,89.04,GOOD,95.94,SHARP,42.92,HIGH,320x240,Apply Denoising
Assault025_x264,motion_0435.jpg,85,GOOD,1844.66,SHARP,99.47,NORMAL,89.23,GOOD,96.14,SHARP,42.95,HIGH,320x240,Apply Denoising
Assault025_x264,motion_0436.jpg,85,GOOD,1833.75,SHARP,99.96,NORMAL,89.49,GOOD,96.09,SHARP,42.82,HIGH,320x240,Apply Denoising
Assault025_x264,motion_0437.jpg,85,GOOD,1831.33,SHARP,100.02,NORMAL,89.47,GOOD,96.31,SHARP,42.79,HIGH,320x240,Apply Denoising
Assault025_x264,motion_0438.jpg,85,GOOD,1828.9,SHARP,100.4,NORMAL,89.68,GOOD,96.84,SHARP,42.77,HIGH,320x240,Apply Denoising
Assault025_x264,motion_0439.jpg,85,GOOD,1851.7,SHARP,100.75,NORMAL,89.85,GOOD,98.11,SHARP,43.03,HIGH,320x240,Apply Denoising
Assault025_x264,motion_0440.jpg,85,GOOD,1839.49,SHARP,100.75,NORMAL,89.86,GOOD,97.86,SHARP,42.89,HIGH,320x240,Apply Denoising
Assault025_x264,motion_0441.jpg,85,GOOD,1845.27,SHARP,101.1,NORMAL,89.97,GOOD,98.25,SHARP,42.96,HIGH,320x240,Apply Denoising
Assault025_x264,motion_0442.jpg,85,GOOD,1842.44,SHARP,101.54,NORMAL,90.12,GOOD,97.45,SHARP,42.92,HIGH,320x240,Apply Denoising
Assault025_x264,motion_0443.jpg,85,GOOD,1821.56,SHARP,101.92,NORMAL,90.3,GOOD,96.44,SHARP,42.68,HIGH,320x240,Apply Denoising
Assault025_x264,motion_0444.jpg,85,GOOD,1808.74,SHARP,102.19,NORMAL,90.51,GOOD,96.14,SHARP,42.53,HIGH,320x240,Apply Denoising
Assault025_x264,motion_0445.jpg,85,GOOD,1810.92,SHARP,102.64,NORMAL,90.69,GOOD,96.45,SHARP,42.55,HIGH,320x240,Apply Denoising
Assault025_x264,motion_0446.jpg,85,GOOD,1805.73,SHARP,101.98,NORMAL,90.32,GOOD,96.29,SHARP,42.49,HIGH,320x240,Apply Denoising
Assault025_x264,motion_0447.jpg,85,GOOD,1820.84,SHARP,101.87,NORMAL,90.32,GOOD,96.47,SHARP,42.67,HIGH,320x240,Apply Denoising
Assault025_x264,motion_0448.jpg,85,GOOD,1834.7,SHARP,101.71,NORMAL,90.2,GOOD,96.83,SHARP,42.83,HIGH,320x240,Apply Denoising
Assault025_x264,motion_0449.jpg,85,GOOD,1834.26,SHARP,101.83,NORMAL,90.24,GOOD,96.82,SHARP,42.83,HIGH,320x240,Apply Denoising
Assault025_x264,motion_0450.jpg,85,GOOD,1851.92,SHARP,101.99,NORMAL,90.27,GOOD,96.79,SHARP,43.03,HIGH,320x240,Apply Denoising
Assault025_x264,motion_0451.jpg,85,GOOD,1850.08,SHARP,102.21,NORMAL,90.24,GOOD,96.57,SHARP,43.01,HIGH,320x240,Apply Denoising
Assault025_x264,motion_0452.jpg,85,GOOD,1853.17,SHARP,102.36,NORMAL,90.23,GOOD,96.09,SHARP,43.05,HIGH,320x240,Apply Denoising
Assault025_x264,motion_0453.jpg,85,GOOD,1849.34,SHARP,102.46,NORMAL,90.24,GOOD,95.91,SHARP,43.0,HIGH,320x240,Apply Denoising
Assault025_x264,motion_0454.jpg,85,GOOD,1856.45,SHARP,102.57,NORMAL,90.25,GOOD,96.14,SHARP,43.09,HIGH,320x240,Apply Denoising
Assault025_x264,motion_0455.jpg,85,GOOD,1839.72,SHARP,102.83,NORMAL,90.31,GOOD,96.12,SHARP,42.89,HIGH,320x240,Apply Denoising
Assault025_x264,motion_0456.jpg,85,GOOD,1844.77,SHARP,103.13,NORMAL,90.41,GOOD,96.51,SHARP,42.95,HIGH,320x240,Apply Denoising
Assault025_x264,motion_0457.jpg,85,GOOD,1842.46,SHARP,103.41,NORMAL,90.55,GOOD,96.28,SHARP,42.92,HIGH,320x240,Apply Denoising
Assault025_x264,motion_0458.jpg,85,GOOD,1848.68,SHARP,103.46,NORMAL,90.58,GOOD,96.6,SHARP,43.0,HIGH,320x240,Apply Denoising
Assault025_x264,motion_0459.jpg,85,GOOD,1847.46,SHARP,103.44,NORMAL,90.61,GOOD,96.61,SHARP,42.98,HIGH,320x240,Apply Denoising
Assault025_x264,motion_0460.jpg,85,GOOD,1844.61,SHARP,102.94,NORMAL,90.38,GOOD,96.59,SHARP,42.95,HIGH,320x240,Apply Denoising
Assault025_x264,motion_0461.jpg,85,GOOD,1804.06,SHARP,102.93,NORMAL,90.35,GOOD,95.86,SHARP,42.47,HIGH,320x240,Apply Denoising
Assault025_x264,motion_0462.jpg,85,GOOD,1780.43,SHARP,102.29,NORMAL,89.96,GOOD,95.98,SHARP,42.2,HIGH,320x240,Apply Denoising
Assault025_x264,motion_0463.jpg,85,GOOD,1789.76,SHARP,101.63,NORMAL,89.52,GOOD,96.19,SHARP,42.31,HIGH,320x240,Apply Denoising
Assault025_x264,motion_0464.jpg,85,GOOD,1800.25,SHARP,101.03,NORMAL,89.12,GOOD,96.06,SHARP,42.43,HIGH,320x240,Apply Denoising
Assault025_x264,motion_0465.jpg,85,GOOD,1805.65,SHARP,100.79,NORMAL,88.97,GOOD,95.86,SHARP,42.49,HIGH,320x240,Apply Denoising
Assault025_x264,motion_0466.jpg,85,GOOD,1833.75,SHARP,100.58,NORMAL,88.85,GOOD,96.16,SHARP,42.82,HIGH,320x240,Apply Denoising
Assault025_x264,motion_0467.jpg,85,GOOD,1841.11,SHARP,100.64,NORMAL,88.84,GOOD,95.8,SHARP,42.91,HIGH,320x240,Apply Denoising
Assault025_x264,motion_0468.jpg,85,GOOD,1844.05,SHARP,100.97,NORMAL,88.95,GOOD,95.92,SHARP,42.94,HIGH,320x240,Apply Denoising
Assault025_x264,motion_0469.jpg,85,GOOD,1840.51,SHARP,101.07,NORMAL,88.98,GOOD,95.9,SHARP,42.9,HIGH,320x240,Apply Denoising
Assault025_x264,motion_0470.jpg,85,GOOD,1838.38,SHARP,100.97,NORMAL,88.8,GOOD,95.8,SHARP,42.88,HIGH,320x240,Apply Denoising
Assault025_x264,motion_0471.jpg,85,GOOD,1835.96,SHARP,101.0,NORMAL,88.74,GOOD,96.03,SHARP,42.85,HIGH,320x240,Apply Denoising
Assault025_x264,motion_0472.jpg,85,GOOD,1840.69,SHARP,100.96,NORMAL,88.71,GOOD,96.35,SHARP,42.9,HIGH,320x240,Apply Denoising
Assault025_x264,motion_0473.jpg,85,GOOD,1838.18,SHARP,100.85,NORMAL,88.63,GOOD,96.77,SHARP,42.87,HIGH,320x240,Apply Denoising
Assault025_x264,motion_0474.jpg,85,GOOD,1844.01,SHARP,100.61,NORMAL,88.52,GOOD,96.56,SHARP,42.94,HIGH,320x240,Apply Denoising
Assault025_x264,motion_0475.jpg,85,GOOD,1839.63,SHARP,100.6,NORMAL,88.56,GOOD,96.4,SHARP,42.89,HIGH,320x240,Apply Denoising
Assault025_x264,motion_0476.jpg,85,GOOD,1833.99,SHARP,100.74,NORMAL,88.65,GOOD,96.33,SHARP,42.83,HIGH,320x240,Apply Denoising
Assault025_x264,motion_0477.jpg,85,GOOD,1837.82,SHARP,100.64,NORMAL,88.61,GOOD,96.31,SHARP,42.87,HIGH,320x240,Apply Denoising
Assault025_x264,motion_0478.jpg,85,GOOD,1842.77,SHARP,100.63,NORMAL,88.58,GOOD,96.39,SHARP,42.93,HIGH,320x240,Apply Denoising
Assault025_x264,motion_0479.jpg,85,GOOD,1831.93,SHARP,100.52,NORMAL,88.45,GOOD,95.88,SHARP,42.8,HIGH,320x240,Apply Denoising
Assault025_x264,motion_0480.jpg,85,GOOD,1829.77,SHARP,100.55,NORMAL,88.45,GOOD,95.93,SHARP,42.78,HIGH,320x240,Apply Denoising
Assault025_x264,motion_0481.jpg,85,GOOD,1822.97,SHARP,100.37,NORMAL,88.34,GOOD,95.17,SHARP,42.7,HIGH,320x240,Apply Denoising
Assault050_x264,motion_0000.jpg,70,MODERATE,958.37,SHARP,58.71,DARK,49.01,GOOD,65.27,SHARP,30.96,HIGH,320x240,"Increase Brightness, Apply Denoising"
Assault050_x264,motion_0001.jpg,70,MODERATE,964.65,SHARP,58.63,DARK,48.98,GOOD,65.18,SHARP,31.06,HIGH,320x240,"Increase Brightness, Apply Denoising"
Assault050_x264,motion_0002.jpg,70,MODERATE,963.72,SHARP,58.62,DARK,48.97,GOOD,65.17,SHARP,31.04,HIGH,320x240,"Increase Brightness, Apply Denoising"
Assault050_x264,motion_0003.jpg,70,MODERATE,967.51,SHARP,58.41,DARK,48.96,GOOD,65.26,SHARP,31.1,HIGH,320x240,"Increase Brightness, Apply Denoising"
Assault050_x264,motion_0004.jpg,70,MODERATE,967.86,SHARP,58.32,DARK,48.96,GOOD,65.3,SHARP,31.11,HIGH,320x240,"Increase Brightness, Apply Denoising"
Assault050_x264,motion_0005.jpg,70,MODERATE,968.21,SHARP,58.14,DARK,48.94,GOOD,65.3,SHARP,31.12,HIGH,320x240,"Increase Brightness, Apply Denoising"
Assault050_x264,motion_0006.jpg,70,MODERATE,969.41,SHARP,57.79,DARK,48.85,GOOD,65.31,SHARP,31.14,HIGH,320x240,"Increase Brightness, Apply Denoising"
Assault050_x264,motion_0007.jpg,70,MODERATE,968.7,SHARP,57.65,DARK,48.82,GOOD,65.31,SHARP,31.12,HIGH,320x240,"Increase Brightness, Apply Denoising"
Assault050_x264,motion_0008.jpg,70,MODERATE,970.8,SHARP,57.4,DARK,48.7,GOOD,65.42,SHARP,31.16,HIGH,320x240,"Increase Brightness, Apply Denoising"
Assault050_x264,motion_0009.jpg,70,MODERATE,971.81,SHARP,57.01,DARK,48.45,GOOD,65.42,SHARP,31.17,HIGH,320x240,"Increase Brightness, Apply Denoising"
Assault050_x264,motion_0010.jpg,70,MODERATE,972.27,SHARP,56.92,DARK,48.43,GOOD,65.61,SHARP,31.18,HIGH,320x240,"Increase Brightness, Apply Denoising"
Assault050_x264,motion_0011.jpg,70,MODERATE,972.03,SHARP,56.73,DARK,48.32,GOOD,65.73,SHARP,31.18,HIGH,320x240,"Increase Brightness, Apply Denoising"
Assault050_x264,motion_0012.jpg,70,MODERATE,973.38,SHARP,56.71,DARK,48.26,GOOD,65.75,SHARP,31.2,HIGH,320x240,"Increase Brightness, Apply Denoising"
Assault050_x264,motion_0013.jpg,70,MODERATE,973.12,SHARP,56.82,DARK,48.36,GOOD,65.91,SHARP,31.19,HIGH,320x240,"Increase Brightness, Apply Denoising"
Assault050_x264,motion_0014.jpg,70,MODERATE,972.35,SHARP,57.2,DARK,48.53,GOOD,65.9,SHARP,31.18,HIGH,320x240,"Increase Brightness, Apply Denoising"
Assault050_x264,motion_0015.jpg,70,MODERATE,974.85,SHARP,57.63,DARK,48.78,GOOD,66.03,SHARP,31.22,HIGH,320x240,"Increase Brightness, Apply Denoising"
Assault050_x264,motion_0016.jpg,70,MODERATE,975.45,SHARP,58.0,DARK,48.94,GOOD,65.91,SHARP,31.23,HIGH,320x240,"Increase Brightness, Apply Denoising"
Assault050_x264,motion_0017.jpg,70,MODERATE,976.8,SHARP,58.14,DARK,49.02,GOOD,66.0,SHARP,31.25,HIGH,320x240,"Increase Brightness, Apply Denoising"
Assault050_x264,motion_0018.jpg,70,MODERATE,978.33,SHARP,58.2,DARK,49.07,GOOD,65.92,SHARP,31.28,HIGH,320x240,"Increase Brightness, Apply Denoising"
Assault050_x264,motion_0019.jpg,70,MODERATE,976.69,SHARP,58.22,DARK,49.04,GOOD,65.38,SHARP,31.25,HIGH,320x240,"Increase Brightness, Apply Denoising"
Assault050_x264,motion_0020.jpg,70,MODERATE,975.05,SHARP,58.33,DARK,49.13,GOOD,65.35,SHARP,31.23,HIGH,320x240,"Increase Brightness, Apply Denoising"
Assault050_x264,motion_0021.jpg,70,MODERATE,972.59,SHARP,58.31,DARK,49.11,GOOD,65.24,SHARP,31.19,HIGH,320x240,"Increase Brightness, Apply Denoising"
Assault050_x264,motion_0022.jpg,70,MODERATE,970.76,SHARP,58.35,DARK,49.1,GOOD,64.89,SHARP,31.16,HIGH,320x240,"Increase Brightness, Apply Denoising"
Assault050_x264,motion_0023.jpg,70,MODERATE,969.01,SHARP,58.35,DARK,49.11,GOOD,64.94,SHARP,31.13,HIGH,320x240,"Increase Brightness, Apply Denoising"
Assault050_x264,motion_0024.jpg,70,MODERATE,966.71,SHARP,58.34,DARK,49.06,GOOD,64.71,SHARP,31.09,HIGH,320x240,"Increase Brightness, Apply Denoising"
Assault050_x264,motion_0025.jpg,70,MODERATE,962.33,SHARP,58.42,DARK,49.06,GOOD,64.45,SHARP,31.02,HIGH,320x240,"Increase Brightness, Apply Denoising"
Assault050_x264,motion_0026.jpg,70,MODERATE,955.78,SHARP,58.52,DARK,49.17,GOOD,64.15,SHARP,30.92,HIGH,320x240,"Increase Brightness, Apply Denoising"
Assault050_x264,motion_0027.jpg,70,MODERATE,951.57,SHARP,58.63,DARK,49.22,GOOD,64.09,SHARP,30.85,HIGH,320x240,"Increase Brightness, Apply Denoising"
Assault050_x264,motion_0028.jpg,70,MODERATE,950.23,SHARP,58.8,DARK,49.3,GOOD,64.09,SHARP,30.83,HIGH,320x240,"Increase Brightness, Apply Denoising"
Assault050_x264,motion_0029.jpg,70,MODERATE,949.45,SHARP,59.05,DARK,49.48,GOOD,64.09,SHARP,30.81,HIGH,320x240,"Increase Brightness, Apply Denoising"
Assault050_x264,motion_0030.jpg,70,MODERATE,952.55,SHARP,59.39,DARK,49.8,GOOD,64.44,SHARP,30.86,HIGH,320x240,"Increase Brightness, Apply Denoising"
Assault050_x264,motion_0031.jpg,70,MODERATE,948.53,SHARP,59.56,DARK,49.88,GOOD,63.97,SHARP,30.8,HIGH,320x240,"Increase Brightness, Apply Denoising"
Assault050_x264,motion_0032.jpg,70,MODERATE,953.27,SHARP,59.75,DARK,50.04,GOOD,64.32,SHARP,30.87,HIGH,320x240,"Increase Brightness, Apply Denoising"
Assault050_x264,motion_0033.jpg,70,MODERATE,954.83,SHARP,59.87,DARK,50.11,GOOD,64.37,SHARP,30.9,HIGH,320x240,"Increase Brightness, Apply Denoising"
Assault050_x264,motion_0034.jpg,70,MODERATE,950.27,SHARP,59.95,DARK,50.13,GOOD,64.0,SHARP,30.83,HIGH,320x240,"Increase Brightness, Apply Denoising"
Assault050_x264,motion_0035.jpg,70,MODERATE,952.26,SHARP,59.98,DARK,50.17,GOOD,64.24,SHARP,30.86,HIGH,320x240,"Increase Brightness, Apply Denoising"
Assault050_x264,motion_0036.jpg,70,MODERATE,953.9,SHARP,60.06,DARK,50.19,GOOD,64.36,SHARP,30.89,HIGH,320x240,"Increase Brightness, Apply Denoising"
Assault050_x264,motion_0037.jpg,70,MODERATE,950.93,SHARP,60.11,DARK,50.16,GOOD,64.17,SHARP,30.84,HIGH,320x240,"Increase Brightness, Apply Denoising"
Assault050_x264,motion_0038.jpg,70,MODERATE,952.69,SHARP,60.34,DARK,50.32,GOOD,64.61,SHARP,30.87,HIGH,320x240,"Increase Brightness, Apply Denoising"
Assault050_x264,motion_0039.jpg,70,MODERATE,950.51,SHARP,60.24,DARK,50.22,GOOD,64.47,SHARP,30.83,HIGH,320x240,"Increase Brightness, Apply Denoising"
Assault050_x264,motion_0040.jpg,70,MODERATE,952.49,SHARP,60.05,DARK,50.12,GOOD,64.75,SHARP,30.86,HIGH,320x240,"Increase Brightness, Apply Denoising"
Assault050_x264,motion_0041.jpg,70,MODERATE,950.29,SHARP,60.09,DARK,50.13,GOOD,64.6,SHARP,30.83,HIGH,320x240,"Increase Brightness, Apply Denoising"
Assault050_x264,motion_0042.jpg,70,MODERATE,953.38,SHARP,60.13,DARK,50.13,GOOD,64.92,SHARP,30.88,HIGH,320x240,"Increase Brightness, Apply Denoising"
Assault050_x264,motion_0043.jpg,70,MODERATE,952.73,SHARP,60.14,DARK,50.1,GOOD,64.75,SHARP,30.87,HIGH,320x240,"Increase Brightness, Apply Denoising"
Assault050_x264,motion_0044.jpg,70,MODERATE,956.39,SHARP,60.25,DARK,50.13,GOOD,64.75,SHARP,30.93,HIGH,320x240,"Increase Brightness, Apply Denoising"
Assault050_x264,motion_0045.jpg,70,MODERATE,955.31,SHARP,60.37,DARK,50.17,GOOD,64.46,SHARP,30.91,HIGH,320x240,"Increase Brightness, Apply Denoising"
Assault050_x264,motion_0046.jpg,70,MODERATE,957.13,SHARP,60.46,DARK,50.22,GOOD,64.52,SHARP,30.94,HIGH,320x240,"Increase Brightness, Apply Denoising"
Assault050_x264,motion_0047.jpg,70,MODERATE,956.81,SHARP,60.61,DARK,50.29,GOOD,64.39,SHARP,30.93,HIGH,320x240,"Increase Brightness, Apply Denoising"
Assault050_x264,motion_0048.jpg,70,MODERATE,967.01,SHARP,61.32,DARK,50.73,GOOD,64.71,SHARP,31.1,HIGH,320x240,"Increase Brightness, Apply Denoising"
Assault050_x264,motion_0049.jpg,70,MODERATE,966.17,SHARP,61.34,DARK,50.73,GOOD,64.64,SHARP,31.08,HIGH,320x240,"Increase Brightness, Apply Denoising"
Assault050_x264,motion_0050.jpg,70,MODERATE,972.95,SHARP,61.39,DARK,50.79,GOOD,64.94,SHARP,31.19,HIGH,320x240,"Increase Brightness, Apply Denoising"
Assault050_x264,motion_0051.jpg,70,MODERATE,970.41,SHARP,61.39,DARK,50.75,GOOD,64.89,SHARP,31.15,HIGH,320x240,"Increase Brightness, Apply Denoising"
Assault050_x264,motion_0052.jpg,70,MODERATE,974.7,SHARP,61.43,DARK,50.76,GOOD,64.99,SHARP,31.22,HIGH,320x240,"Increase Brightness, Apply Denoising"
Assault050_x264,motion_0053.jpg,70,MODERATE,974.41,SHARP,61.36,DARK,50.73,GOOD,64.85,SHARP,31.22,HIGH,320x240,"Increase Brightness, Apply Denoising"
Assault050_x264,motion_0054.jpg,70,MODERATE,975.53,SHARP,61.41,DARK,50.75,GOOD,64.9,SHARP,31.23,HIGH,320x240,"Increase Brightness, Apply Denoising"
Assault050_x264,motion_0055.jpg,70,MODERATE,974.09,SHARP,61.48,DARK,50.78,GOOD,64.9,SHARP,31.21,HIGH,320x240,"Increase Brightness, Apply Denoising"
Assault050_x264,motion_0056.jpg,70,MODERATE,974.32,SHARP,61.46,DARK,50.76,GOOD,64.79,SHARP,31.21,HIGH,320x240,"Increase Brightness, Apply Denoising"
Assault050_x264,motion_0057.jpg,70,MODERATE,973.29,SHARP,61.46,DARK,50.72,GOOD,64.76,SHARP,31.2,HIGH,320x240,"Increase Brightness, Apply Denoising"
Assault050_x264,motion_0058.jpg,70,MODERATE,980.24,SHARP,61.58,DARK,50.78,GOOD,64.94,SHARP,31.31,HIGH,320x240,"Increase Brightness, Apply Denoising"
Assault050_x264,motion_0059.jpg,70,MODERATE,982.31,SHARP,61.72,DARK,50.81,GOOD,65.04,SHARP,31.34,HIGH,320x240,"Increase Brightness, Apply Denoising"
Assault050_x264,motion_0060.jpg,70,MODERATE,987.09,SHARP,61.95,DARK,50.89,GOOD,65.25,SHARP,31.42,HIGH,320x240,"Increase Brightness, Apply Denoising"
Assault050_x264,motion_0061.jpg,70,MODERATE,992.2,SHARP,62.06,DARK,50.94,GOOD,65.53,SHARP,31.5,HIGH,320x240,"Increase Brightness, Apply Denoising"
Assault050_x264,motion_0062.jpg,70,MODERATE,992.93,SHARP,62.2,DARK,50.96,GOOD,65.14,SHARP,31.51,HIGH,320x240,"Increase Brightness, Apply Denoising"
Assault050_x264,motion_0063.jpg,70,MODERATE,990.27,SHARP,62.24,DARK,50.98,GOOD,64.81,SHARP,31.47,HIGH,320x240,"Increase Brightness, Apply Denoising"
Assault050_x264,motion_0064.jpg,70,MODERATE,992.9,SHARP,62.35,DARK,51.05,GOOD,65.02,SHARP,31.51,HIGH,320x240,"Increase Brightness, Apply Denoising"
Assault050_x264,motion_0065.jpg,70,MODERATE,992.33,SHARP,62.39,DARK,51.08,GOOD,65.1,SHARP,31.5,HIGH,320x240,"Increase Brightness, Apply Denoising"
Assault050_x264,motion_0066.jpg,70,MODERATE,1001.38,SHARP,62.57,DARK,51.15,GOOD,65.76,SHARP,31.64,HIGH,320x240,"Increase Brightness, Apply Denoising"
Assault050_x264,motion_0067.jpg,70,MODERATE,1002.25,SHARP,62.58,DARK,51.15,GOOD,65.94,SHARP,31.66,HIGH,320x240,"Increase Brightness, Apply Denoising"
Assault050_x264,motion_0068.jpg,70,MODERATE,1005.02,SHARP,62.61,DARK,51.16,GOOD,66.04,SHARP,31.7,HIGH,320x240,"Increase Brightness, Apply Denoising"
Assault050_x264,motion_0069.jpg,70,MODERATE,1004.58,SHARP,62.63,DARK,51.17,GOOD,66.04,SHARP,31.7,HIGH,320x240,"Increase Brightness, Apply Denoising"
Assault050_x264,motion_0070.jpg,70,MODERATE,1013.09,SHARP,62.92,DARK,51.36,GOOD,66.11,SHARP,31.83,HIGH,320x240,"Increase Brightness, Apply Denoising"
Assault050_x264,motion_0071.jpg,70,MODERATE,1016.84,SHARP,62.94,DARK,51.38,GOOD,66.18,SHARP,31.89,HIGH,320x240,"Increase Brightness, Apply Denoising"
Assault050_x264,motion_0072.jpg,70,MODERATE,1013.58,SHARP,62.96,DARK,51.36,GOOD,65.77,SHARP,31.84,HIGH,320x240,"Increase Brightness, Apply Denoising"
Assault050_x264,motion_0073.jpg,70,MODERATE,1011.86,SHARP,62.97,DARK,51.35,GOOD,65.75,SHARP,31.81,HIGH,320x240,"Increase Brightness, Apply Denoising"
Assault050_x264,motion_0074.jpg,70,MODERATE,1009.41,SHARP,62.94,DARK,51.33,GOOD,65.49,SHARP,31.77,HIGH,320x240,"Increase Brightness, Apply Denoising"
Assault050_x264,motion_0075.jpg,70,MODERATE,1008.3,SHARP,62.99,DARK,51.35,GOOD,65.57,SHARP,31.75,HIGH,320x240,"Increase Brightness, Apply Denoising"
Assault050_x264,motion_0076.jpg,70,MODERATE,1022.21,SHARP,63.26,DARK,51.51,GOOD,66.32,SHARP,31.97,HIGH,320x240,"Increase Brightness, Apply Denoising"
Assault050_x264,motion_0077.jpg,70,MODERATE,1022.04,SHARP,63.25,DARK,51.53,GOOD,66.38,SHARP,31.97,HIGH,320x240,"Increase Brightness, Apply Denoising"
Assault050_x264,motion_0078.jpg,70,MODERATE,1026.04,SHARP,63.3,DARK,51.6,GOOD,66.68,SHARP,32.03,HIGH,320x240,"Increase Brightness, Apply Denoising"
Assault050_x264,motion_0079.jpg,70,MODERATE,1028.69,SHARP,63.36,DARK,51.65,GOOD,66.92,SHARP,32.07,HIGH,320x240,"Increase Brightness, Apply Denoising"
Assault050_x264,motion_0080.jpg,70,MODERATE,1033.76,SHARP,63.49,DARK,51.76,GOOD,67.2,SHARP,32.15,HIGH,320x240,"Increase Brightness, Apply Denoising"
Assault050_x264,motion_0081.jpg,70,MODERATE,1039.77,SHARP,63.49,DARK,51.81,GOOD,67.31,SHARP,32.25,HIGH,320x240,"Increase Brightness, Apply Denoising"
Assault050_x264,motion_0082.jpg,70,MODERATE,1050.9,SHARP,63.65,DARK,51.87,GOOD,67.15,SHARP,32.42,HIGH,320x240,"Increase Brightness, Apply Denoising"
Assault050_x264,motion_0083.jpg,70,MODERATE,1052.32,SHARP,63.68,DARK,51.86,GOOD,67.17,SHARP,32.44,HIGH,320x240,"Increase Brightness, Apply Denoising"
Assault050_x264,motion_0084.jpg,70,MODERATE,1052.37,SHARP,63.72,DARK,51.89,GOOD,67.29,SHARP,32.44,HIGH,320x240,"Increase Brightness, Apply Denoising"
Assault050_x264,motion_0085.jpg,70,MODERATE,1054.82,SHARP,63.69,DARK,51.9,GOOD,67.52,SHARP,32.48,HIGH,320x240,"Increase Brightness, Apply Denoising"
Assault050_x264,motion_0086.jpg,70,MODERATE,1054.33,SHARP,63.54,DARK,51.89,GOOD,67.39,SHARP,32.47,HIGH,320x240,"Increase Brightness, Apply Denoising"
Assault050_x264,motion_0087.jpg,70,MODERATE,1037.65,SHARP,63.3,DARK,51.78,GOOD,66.93,SHARP,32.21,HIGH,320x240,"Increase Brightness, Apply Denoising"
Assault050_x264,motion_0088.jpg,70,MODERATE,1039.84,SHARP,63.33,DARK,51.81,GOOD,67.05,SHARP,32.25,HIGH,320x240,"Increase Brightness, Apply Denoising"
Assault050_x264,motion_0089.jpg,70,MODERATE,1045.34,SHARP,63.18,DARK,51.78,GOOD,67.23,SHARP,32.33,HIGH,320x240,"Increase Brightness, Apply Denoising"
Assault050_x264,motion_0090.jpg,70,MODERATE,1046.76,SHARP,63.16,DARK,51.77,GOOD,67.28,SHARP,32.35,HIGH,320x240,"Increase Brightness, Apply Denoising"
Assault050_x264,motion_0091.jpg,70,MODERATE,1047.03,SHARP,63.23,DARK,51.82,GOOD,67.4,SHARP,32.36,HIGH,320x240,"Increase Brightness, Apply Denoising"
Assault050_x264,motion_0092.jpg,70,MODERATE,1047.64,SHARP,63.28,DARK,51.84,GOOD,67.39,SHARP,32.37,HIGH,320x240,"Increase Brightness, Apply Denoising"
Assault050_x264,motion_0093.jpg,70,MODERATE,1039.81,SHARP,63.3,DARK,51.81,GOOD,67.4,SHARP,32.25,HIGH,320x240,"Increase Brightness, Apply Denoising"
Assault050_x264,motion_0094.jpg,70,MODERATE,1037.28,SHARP,63.4,DARK,51.86,GOOD,67.49,SHARP,32.21,HIGH,320x240,"Increase Brightness, Apply Denoising"
Assault050_x264,motion_0095.jpg,70,MODERATE,1037.73,SHARP,63.44,DARK,51.88,GOOD,67.61,SHARP,32.21,HIGH,320x240,"Increase Brightness, Apply Denoising"
Assault050_x264,motion_0096.jpg,70,MODERATE,1038.48,SHARP,63.46,DARK,51.89,GOOD,67.66,SHARP,32.23,HIGH,320x240,"Increase Brightness, Apply Denoising"
Assault050_x264,motion_0097.jpg,70,MODERATE,1040.8,SHARP,63.52,DARK,51.93,GOOD,67.85,SHARP,32.26,HIGH,320x240,"Increase Brightness, Apply Denoising"
Assault050_x264,motion_0098.jpg,70,MODERATE,1040.48,SHARP,63.58,DARK,51.99,GOOD,67.31,SHARP,32.26,HIGH,320x240,"Increase Brightness, Apply Denoising"
Assault050_x264,motion_0099.jpg,70,MODERATE,1040.39,SHARP,63.57,DARK,51.99,GOOD,67.39,SHARP,32.26,HIGH,320x240,"Increase Brightness, Apply Denoising"
Assault050_x264,motion_0100.jpg,70,MODERATE,1039.23,SHARP,63.5,DARK,51.96,GOOD,67.2,SHARP,32.24,HIGH,320x240,"Increase Brightness, Apply Denoising"
Assault050_x264,motion_0101.jpg,70,MODERATE,1034.24,SHARP,62.87,DARK,51.77,GOOD,67.32,SHARP,32.16,HIGH,320x240,"Increase Brightness, Apply Denoising"
Assault050_x264,motion_0102.jpg,70,MODERATE,1042.3,SHARP,62.75,DARK,51.8,GOOD,67.65,SHARP,32.28,HIGH,320x240,"Increase Brightness, Apply Denoising"
Assault050_x264,motion_0103.jpg,70,MODERATE,1047.5,SHARP,62.69,DARK,51.82,GOOD,67.8,SHARP,32.37,HIGH,320x240,"Increase Brightness, Apply Denoising"
Assault050_x264,motion_0104.jpg,70,MODERATE,1053.56,SHARP,62.72,DARK,51.89,GOOD,68.02,SHARP,32.46,HIGH,320x240,"Increase Brightness, Apply Denoising"
Assault050_x264,motion_0105.jpg,70,MODERATE,1055.53,SHARP,62.73,DARK,51.97,GOOD,68.19,SHARP,32.49,HIGH,320x240,"Increase Brightness, Apply Denoising"
Assault050_x264,motion_0106.jpg,70,MODERATE,1056.11,SHARP,62.76,DARK,52.06,GOOD,68.31,SHARP,32.5,HIGH,320x240,"Increase Brightness, Apply Denoising"
Assault050_x264,motion_0107.jpg,70,MODERATE,1058.52,SHARP,62.85,DARK,52.17,GOOD,68.38,SHARP,32.53,HIGH,320x240,"Increase Brightness, Apply Denoising"
Assault050_x264,motion_0108.jpg,70,MODERATE,1053.68,SHARP,62.93,DARK,52.23,GOOD,68.19,SHARP,32.46,HIGH,320x240,"Increase Brightness, Apply Denoising"
Assault050_x264,motion_0109.jpg,70,MODERATE,1055.46,SHARP,63.01,DARK,52.3,GOOD,68.22,SHARP,32.49,HIGH,320x240,"Increase Brightness, Apply Denoising"
Assault050_x264,motion_0110.jpg,70,MODERATE,1055.07,SHARP,63.07,DARK,52.38,GOOD,68.27,SHARP,32.48,HIGH,320x240,"Increase Brightness, Apply Denoising"
Assault050_x264,motion_0111.jpg,70,MODERATE,1055.4,SHARP,63.09,DARK,52.48,GOOD,68.45,SHARP,32.49,HIGH,320x240,"Increase Brightness, Apply Denoising"
Assault050_x264,motion_0112.jpg,70,MODERATE,1058.69,SHARP,63.15,DARK,52.56,GOOD,68.61,SHARP,32.54,HIGH,320x240,"Increase Brightness, Apply Denoising"
Assault050_x264,motion_0113.jpg,70,MODERATE,1059.36,SHARP,63.29,DARK,52.66,GOOD,68.69,SHARP,32.55,HIGH,320x240,"Increase Brightness, Apply Denoising"
Assault050_x264,motion_0114.jpg,70,MODERATE,1059.24,SHARP,63.38,DARK,52.75,GOOD,68.88,SHARP,32.55,HIGH,320x240,"Increase Brightness, Apply Denoising"
Assault050_x264,motion_0115.jpg,70,MODERATE,1060.57,SHARP,63.48,DARK,52.84,GOOD,68.98,SHARP,32.57,HIGH,320x240,"Increase Brightness, Apply Denoising"
Assault050_x264,motion_0116.jpg,70,MODERATE,1061.48,SHARP,63.57,DARK,52.9,GOOD,69.01,SHARP,32.58,HIGH,320x240,"Increase Brightness, Apply Denoising"
Assault050_x264,motion_0117.jpg,70,MODERATE,1061.61,SHARP,63.64,DARK,52.96,GOOD,69.0,SHARP,32.58,HIGH,320x240,"Increase Brightness, Apply Denoising"
Assault050_x264,motion_0118.jpg,70,MODERATE,1062.68,SHARP,63.69,DARK,52.99,GOOD,69.02,SHARP,32.6,HIGH,320x240,"Increase Brightness, Apply Denoising"
Assault050_x264,motion_0119.jpg,70,MODERATE,1058.85,SHARP,63.55,DARK,52.99,GOOD,68.61,SHARP,32.54,HIGH,320x240,"Increase Brightness, Apply Denoising"
Assault050_x264,motion_0120.jpg,70,MODERATE,1056.77,SHARP,63.69,DARK,53.11,GOOD,68.62,SHARP,32.51,HIGH,320x240,"Increase Brightness, Apply Denoising"
Assault050_x264,motion_0121.jpg,70,MODERATE,1055.38,SHARP,63.78,DARK,53.16,GOOD,68.59,SHARP,32.49,HIGH,320x240,"Increase Brightness, Apply Denoising"
Assault050_x264,motion_0122.jpg,70,MODERATE,1054.33,SHARP,63.87,DARK,53.21,GOOD,68.59,SHARP,32.47,HIGH,320x240,"Increase Brightness, Apply Denoising"
Assault050_x264,motion_0123.jpg,70,MODERATE,1055.2,SHARP,63.93,DARK,53.26,GOOD,68.65,SHARP,32.48,HIGH,320x240,"Increase Brightness, Apply Denoising"
Assault050_x264,motion_0124.jpg,70,MODERATE,1054.42,SHARP,63.92,DARK,53.28,GOOD,68.65,SHARP,32.47,HIGH,320x240,"Increase Brightness, Apply Denoising"
Assault050_x264,motion_0125.jpg,70,MODERATE,1053.47,SHARP,63.94,DARK,53.3,GOOD,68.63,SHARP,32.46,HIGH,320x240,"Increase Brightness, Apply Denoising"
Assault050_x264,motion_0126.jpg,70,MODERATE,1053.21,SHARP,63.99,DARK,53.33,GOOD,68.65,SHARP,32.45,HIGH,320x240,"Increase Brightness, Apply Denoising"
Assault050_x264,motion_0127.jpg,70,MODERATE,1053.25,SHARP,63.98,DARK,53.34,GOOD,68.69,SHARP,32.45,HIGH,320x240,"Increase Brightness, Apply Denoising"
Assault050_x264,motion_0128.jpg,70,MODERATE,1054.05,SHARP,64.0,DARK,53.36,GOOD,68.74,SHARP,32.47,HIGH,320x240,"Increase Brightness, Apply Denoising"
Assault050_x264,motion_0129.jpg,70,MODERATE,1053.42,SHARP,64.09,DARK,53.42,GOOD,68.82,SHARP,32.46,HIGH,320x240,"Increase Brightness, Apply Denoising"
Assault050_x264,motion_0130.jpg,70,MODERATE,1052.45,SHARP,64.17,DARK,53.47,GOOD,68.8,SHARP,32.44,HIGH,320x240,"Increase Brightness, Apply Denoising"
Assault050_x264,motion_0131.jpg,70,MODERATE,1040.72,SHARP,64.19,DARK,53.46,GOOD,68.53,SHARP,32.26,HIGH,320x240,"Increase Brightness, Apply Denoising"
Assault050_x264,motion_0132.jpg,70,MODERATE,1040.5,SHARP,64.2,DARK,53.47,GOOD,68.58,SHARP,32.26,HIGH,320x240,"Increase Brightness, Apply Denoising"
Assault050_x264,motion_0133.jpg,70,MODERATE,1043.02,SHARP,64.21,DARK,53.48,GOOD,68.72,SHARP,32.3,HIGH,320x240,"Increase Brightness, Apply Denoising"
Assault050_x264,motion_0134.jpg,70,MODERATE,1046.93,SHARP,64.41,DARK,53.59,GOOD,69.1,SHARP,32.36,HIGH,320x240,"Increase Brightness, Apply Denoising"
Assault050_x264,motion_0135.jpg,70,MODERATE,1046.75,SHARP,64.44,DARK,53.61,GOOD,69.04,SHARP,32.35,HIGH,320x240,"Increase Brightness, Apply Denoising"
Assault050_x264,motion_0136.jpg,70,MODERATE,1049.78,SHARP,64.61,DARK,53.75,GOOD,69.34,SHARP,32.4,HIGH,320x240,"Increase Brightness, Apply Denoising"
Assault050_x264,motion_0137.jpg,70,MODERATE,1049.09,SHARP,64.56,DARK,53.75,GOOD,69.37,SHARP,32.39,HIGH,320x240,"Increase Brightness, Apply Denoising"
Assault050_x264,motion_0138.jpg,70,MODERATE,1049.93,SHARP,64.49,DARK,53.69,GOOD,69.29,SHARP,32.4,HIGH,320x240,"Increase Brightness, Apply Denoising"
Assault050_x264,motion_0139.jpg,70,MODERATE,1041.79,SHARP,64.36,DARK,53.56,GOOD,68.84,SHARP,32.28,HIGH,320x240,"Increase Brightness, Apply Denoising"
Assault050_x264,motion_0140.jpg,70,MODERATE,1045.21,SHARP,64.38,DARK,53.56,GOOD,69.02,SHARP,32.33,HIGH,320x240,"Increase Brightness, Apply Denoising"
Assault050_x264,motion_0141.jpg,70,MODERATE,1049.63,SHARP,64.38,DARK,53.44,GOOD,69.08,SHARP,32.4,HIGH,320x240,"Increase Brightness, Apply Denoising"
Assault050_x264,motion_0142.jpg,70,MODERATE,1049.68,SHARP,64.34,DARK,53.41,GOOD,69.06,SHARP,32.4,HIGH,320x240,"Increase Brightness, Apply Denoising"
Assault050_x264,motion_0143.jpg,70,MODERATE,1048.53,SHARP,64.34,DARK,53.42,GOOD,69.04,SHARP,32.38,HIGH,320x240,"Increase Brightness, Apply Denoising"
Assault050_x264,motion_0144.jpg,70,MODERATE,1042.18,SHARP,64.57,DARK,53.59,GOOD,68.75,SHARP,32.28,HIGH,320x240,"Increase Brightness, Apply Denoising"
Assault050_x264,motion_0145.jpg,70,MODERATE,1041.31,SHARP,64.63,DARK,53.63,GOOD,68.72,SHARP,32.27,HIGH,320x240,"Increase Brightness, Apply Denoising"
Assault050_x264,motion_0146.jpg,70,MODERATE,1040.46,SHARP,64.65,DARK,53.64,GOOD,68.6,SHARP,32.26,HIGH,320x240,"Increase Brightness, Apply Denoising"
Assault050_x264,motion_0147.jpg,70,MODERATE,1037.59,SHARP,64.66,DARK,53.61,GOOD,68.27,SHARP,32.21,HIGH,320x240,"Increase Brightness, Apply Denoising"
Assault050_x264,motion_0148.jpg,70,MODERATE,1037.06,SHARP,64.71,DARK,53.65,GOOD,68.06,SHARP,32.2,HIGH,320x240,"Increase Brightness, Apply Denoising"
Assault050_x264,motion_0149.jpg,70,MODERATE,1039.74,SHARP,64.82,DARK,53.63,GOOD,68.3,SHARP,32.24,HIGH,320x240,"Increase Brightness, Apply Denoising"
Assault050_x264,motion_0150.jpg,70,MODERATE,1039.55,SHARP,64.84,DARK,53.61,GOOD,68.38,SHARP,32.24,HIGH,320x240,"Increase Brightness, Apply Denoising"
Assault050_x264,motion_0151.jpg,70,MODERATE,1040.87,SHARP,64.89,DARK,53.66,GOOD,68.58,SHARP,32.26,HIGH,320x240,"Increase Brightness, Apply Denoising"
Assault050_x264,motion_0152.jpg,70,MODERATE,1045.07,SHARP,64.95,DARK,53.67,GOOD,68.99,SHARP,32.33,HIGH,320x240,"Increase Brightness, Apply Denoising"
Assault050_x264,motion_0153.jpg,70,MODERATE,1044.53,SHARP,65.03,DARK,53.66,GOOD,68.84,SHARP,32.32,HIGH,320x240,"Increase Brightness, Apply Denoising"
Assault050_x264,motion_0154.jpg,70,MODERATE,1049.42,SHARP,65.15,DARK,53.71,GOOD,68.85,SHARP,32.39,HIGH,320x240,"Increase Brightness, Apply Denoising"
Assault050_x264,motion_0155.jpg,70,MODERATE,1052.42,SHARP,65.31,DARK,53.77,GOOD,68.99,SHARP,32.44,HIGH,320x240,"Increase Brightness, Apply Denoising"
Assault050_x264,motion_0156.jpg,70,MODERATE,1050.67,SHARP,65.3,DARK,53.76,GOOD,68.86,SHARP,32.41,HIGH,320x240,"Increase Brightness, Apply Denoising"
Assault050_x264,motion_0157.jpg,70,MODERATE,1025.53,SHARP,65.4,DARK,53.79,GOOD,68.22,SHARP,32.02,HIGH,320x240,"Increase Brightness, Apply Denoising"
Assault050_x264,motion_0158.jpg,70,MODERATE,1024.36,SHARP,65.41,DARK,53.81,GOOD,68.22,SHARP,32.01,HIGH,320x240,"Increase Brightness, Apply Denoising"
Assault050_x264,motion_0159.jpg,70,MODERATE,1024.92,SHARP,65.45,DARK,53.83,GOOD,68.27,SHARP,32.01,HIGH,320x240,"Increase Brightness, Apply Denoising"
Assault050_x264,motion_0160.jpg,70,MODERATE,1025.16,SHARP,65.47,DARK,53.83,GOOD,68.26,SHARP,32.02,HIGH,320x240,"Increase Brightness, Apply Denoising"
Assault050_x264,motion_0161.jpg,70,MODERATE,1023.36,SHARP,65.49,DARK,53.82,GOOD,68.18,SHARP,31.99,HIGH,320x240,"Increase Brightness, Apply Denoising"
Assault050_x264,motion_0162.jpg,70,MODERATE,1021.3,SHARP,65.49,DARK,53.8,GOOD,68.01,SHARP,31.96,HIGH,320x240,"Increase Brightness, Apply Denoising"
Assault050_x264,motion_0163.jpg,70,MODERATE,1021.25,SHARP,65.49,DARK,53.78,GOOD,67.98,SHARP,31.96,HIGH,320x240,"Increase Brightness, Apply Denoising"
Assault050_x264,motion_0164.jpg,70,MODERATE,1018.96,SHARP,65.51,DARK,53.77,GOOD,67.87,SHARP,31.92,HIGH,320x240,"Increase Brightness, Apply Denoising"
Assault050_x264,motion_0165.jpg,70,MODERATE,1016.6,SHARP,65.47,DARK,53.73,GOOD,67.71,SHARP,31.88,HIGH,320x240,"Increase Brightness, Apply Denoising"
Assault050_x264,motion_0166.jpg,70,MODERATE,1016.91,SHARP,65.44,DARK,53.69,GOOD,67.65,SHARP,31.89,HIGH,320x240,"Increase Brightness, Apply Denoising"
Assault050_x264,motion_0167.jpg,70,MODERATE,1015.36,SHARP,65.5,DARK,53.68,GOOD,67.55,SHARP,31.86,HIGH,320x240,"Increase Brightness, Apply Denoising"
Assault050_x264,motion_0168.jpg,70,MODERATE,1015.4,SHARP,65.32,DARK,53.56,GOOD,67.44,SHARP,31.87,HIGH,320x240,"Increase Brightness, Apply Denoising"
Assault050_x264,motion_0169.jpg,70,MODERATE,1013.12,SHARP,65.25,DARK,53.51,GOOD,67.24,SHARP,31.83,HIGH,320x240,"Increase Brightness, Apply Denoising"
Assault050_x264,motion_0170.jpg,70,MODERATE,1011.65,SHARP,65.19,DARK,53.44,GOOD,67.02,SHARP,31.81,HIGH,320x240,"Increase Brightness, Apply Denoising"
Assault050_x264,motion_0171.jpg,70,MODERATE,1011.52,SHARP,65.24,DARK,53.46,GOOD,67.08,SHARP,31.8,HIGH,320x240,"Increase Brightness, Apply Denoising"
Assault050_x264,motion_0172.jpg,70,MODERATE,1012.31,SHARP,65.29,DARK,53.48,GOOD,67.13,SHARP,31.82,HIGH,320x240,"Increase Brightness, Apply Denoising"
Assault050_x264,motion_0173.jpg,70,MODERATE,1014.96,SHARP,65.3,DARK,53.46,GOOD,67.31,SHARP,31.86,HIGH,320x240,"Increase Brightness, Apply Denoising"
Assault050_x264,motion_0174.jpg,70,MODERATE,1016.04,SHARP,65.34,DARK,53.47,GOOD,67.34,SHARP,31.88,HIGH,320x240,"Increase Brightness, Apply Denoising"
Assault050_x264,motion_0175.jpg,70,MODERATE,1013.57,SHARP,65.43,DARK,53.47,GOOD,67.16,SHARP,31.84,HIGH,320x240,"Increase Brightness, Apply Denoising"
Assault050_x264,motion_0176.jpg,70,MODERATE,1009.85,SHARP,65.44,DARK,53.38,GOOD,66.69,SHARP,31.78,HIGH,320x240,"Increase Brightness, Apply Denoising"
Assault050_x264,motion_0177.jpg,70,MODERATE,998.32,SHARP,65.19,DARK,53.07,GOOD,65.8,SHARP,31.6,HIGH,320x240,"Increase Brightness, Apply Denoising"
Assault050_x264,motion_0178.jpg,70,MODERATE,996.82,SHARP,65.12,DARK,52.98,GOOD,65.57,SHARP,31.57,HIGH,320x240,"Increase Brightness, Apply Denoising"
Assault050_x264,motion_0179.jpg,70,MODERATE,994.45,SHARP,65.07,DARK,52.95,GOOD,65.41,SHARP,31.53,HIGH,320x240,"Increase Brightness, Apply Denoising"
Assault050_x264,motion_0180.jpg,70,MODERATE,993.68,SHARP,65.04,DARK,52.92,GOOD,65.4,SHARP,31.52,HIGH,320x240,"Increase Brightness, Apply Denoising"
Assault050_x264,motion_0181.jpg,70,MODERATE,992.94,SHARP,64.99,DARK,52.87,GOOD,65.27,SHARP,31.51,HIGH,320x240,"Increase Brightness, Apply Denoising"
Assault050_x264,motion_0182.jpg,70,MODERATE,991.38,SHARP,64.87,DARK,52.77,GOOD,65.14,SHARP,31.49,HIGH,320x240,"Increase Brightness, Apply Denoising"
Assault050_x264,motion_0183.jpg,70,MODERATE,990.44,SHARP,64.65,DARK,52.55,GOOD,64.78,SHARP,31.47,HIGH,320x240,"Increase Brightness, Apply Denoising"
Assault050_x264,motion_0184.jpg,70,MODERATE,989.43,SHARP,64.61,DARK,52.52,GOOD,64.67,SHARP,31.46,HIGH,320x240,"Increase Brightness, Apply Denoising"
Assault050_x264,motion_0185.jpg,70,MODERATE,989.88,SHARP,64.62,DARK,52.51,GOOD,64.77,SHARP,31.46,HIGH,320x240,"Increase Brightness, Apply Denoising"
Assault050_x264,motion_0186.jpg,70,MODERATE,992.41,SHARP,64.62,DARK,52.5,GOOD,64.87,SHARP,31.5,HIGH,320x240,"Increase Brightness, Apply Denoising"
Assault050_x264,motion_0187.jpg,70,MODERATE,994.71,SHARP,64.66,DARK,52.54,GOOD,65.04,SHARP,31.54,HIGH,320x240,"Increase Brightness, Apply Denoising"
Assault050_x264,motion_0188.jpg,70,MODERATE,997.15,SHARP,64.67,DARK,52.55,GOOD,65.3,SHARP,31.58,HIGH,320x240,"Increase Brightness, Apply Denoising"
Assault050_x264,motion_0189.jpg,70,MODERATE,999.99,SHARP,64.62,DARK,52.55,GOOD,65.37,SHARP,31.62,HIGH,320x240,"Increase Brightness, Apply Denoising"
Assault050_x264,motion_0190.jpg,70,MODERATE,1010.69,SHARP,64.2,DARK,52.29,GOOD,65.68,SHARP,31.79,HIGH,320x240,"Increase Brightness, Apply Denoising"
Assault050_x264,motion_0191.jpg,70,MODERATE,1015.28,SHARP,64.04,DARK,52.26,GOOD,65.98,SHARP,31.86,HIGH,320x240,"Increase Brightness, Apply Denoising"
Assault050_x264,motion_0192.jpg,70,MODERATE,1014.91,SHARP,63.96,DARK,52.23,GOOD,65.93,SHARP,31.86,HIGH,320x240,"Increase Brightness, Apply Denoising"
Assault050_x264,motion_0193.jpg,70,MODERATE,1014.72,SHARP,63.87,DARK,52.19,GOOD,65.97,SHARP,31.85,HIGH,320x240,"Increase Brightness, Apply Denoising"
Assault050_x264,motion_0194.jpg,70,MODERATE,1014.41,SHARP,63.73,DARK,52.07,GOOD,65.98,SHARP,31.85,HIGH,320x240,"Increase Brightness, Apply Denoising"
Assault050_x264,motion_0195.jpg,70,MODERATE,1013.67,SHARP,63.59,DARK,51.95,GOOD,65.82,SHARP,31.84,HIGH,320x240,"Increase Brightness, Apply Denoising"
Assault050_x264,motion_0196.jpg,70,MODERATE,1011.71,SHARP,63.52,DARK,51.94,GOOD,65.81,SHARP,31.81,HIGH,320x240,"Increase Brightness, Apply Denoising"
Assault050_x264,motion_0197.jpg,70,MODERATE,1009.77,SHARP,63.48,DARK,51.94,GOOD,65.86,SHARP,31.78,HIGH,320x240,"Increase Brightness, Apply Denoising"
Assault050_x264,motion_0198.jpg,70,MODERATE,1009.64,SHARP,63.56,DARK,51.97,GOOD,66.02,SHARP,31.77,HIGH,320x240,"Increase Brightness, Apply Denoising"
Assault050_x264,motion_0199.jpg,70,MODERATE,1008.24,SHARP,63.6,DARK,51.97,GOOD,66.03,SHARP,31.75,HIGH,320x240,"Increase Brightness, Apply Denoising"
Assault050_x264,motion_0200.jpg,70,MODERATE,1006.64,SHARP,63.58,DARK,51.95,GOOD,66.3,SHARP,31.73,HIGH,320x240,"Increase Brightness, Apply Denoising"
Assault050_x264,motion_0201.jpg,70,MODERATE,1002.79,SHARP,63.58,DARK,51.91,GOOD,66.42,SHARP,31.67,HIGH,320x240,"Increase Brightness, Apply Denoising"
Assault050_x264,motion_0202.jpg,70,MODERATE,1005.37,SHARP,63.54,DARK,51.9,GOOD,66.51,SHARP,31.71,HIGH,320x240,"Increase Brightness, Apply Denoising"
Assault050_x264,motion_0203.jpg,70,MODERATE,998.15,SHARP,63.53,DARK,51.89,GOOD,66.26,SHARP,31.59,HIGH,320x240,"Increase Brightness, Apply Denoising"
Assault050_x264,motion_0204.jpg,70,MODERATE,992.79,SHARP,63.67,DARK,51.91,GOOD,66.05,SHARP,31.51,HIGH,320x240,"Increase Brightness, Apply Denoising"
Assault050_x264,motion_0205.jpg,70,MODERATE,988.02,SHARP,63.64,DARK,51.86,GOOD,65.75,SHARP,31.43,HIGH,320x240,"Increase Brightness, Apply Denoising"
Assault050_x264,motion_0206.jpg,70,MODERATE,982.11,SHARP,63.57,DARK,51.78,GOOD,65.34,SHARP,31.34,HIGH,320x240,"Increase Brightness, Apply Denoising"
Assault050_x264,motion_0207.jpg,70,MODERATE,979.44,SHARP,63.56,DARK,51.76,GOOD,65.18,SHARP,31.3,HIGH,320x240,"Increase Brightness, Apply Denoising"
Assault050_x264,motion_0208.jpg,70,MODERATE,974.88,SHARP,63.5,DARK,51.7,GOOD,64.85,SHARP,31.22,HIGH,320x240,"Increase Brightness, Apply Denoising"
Assault050_x264,motion_0209.jpg,70,MODERATE,963.38,SHARP,63.4,DARK,51.59,GOOD,64.25,SHARP,31.04,HIGH,320x240,"Increase Brightness, Apply Denoising"
Assault050_x264,motion_0210.jpg,70,MODERATE,957.81,SHARP,63.38,DARK,51.56,GOOD,63.92,SHARP,30.95,HIGH,320x240,"Increase Brightness, Apply Denoising"
Assault050_x264,motion_0211.jpg,70,MODERATE,951.36,SHARP,63.31,DARK,51.5,GOOD,63.57,SHARP,30.84,HIGH,320x240,"Increase Brightness, Apply Denoising"
test_clip,motion_0000.jpg,55,MODERATE,687.73,SHARP,55.45,DARK,68.54,GOOD,41.3,SOFT,26.22,HIGH,320x240,"Increase Brightness, Sharpen Image, Apply Denoising"
test_clip,motion_0001.jpg,55,MODERATE,698.15,SHARP,55.47,DARK,68.5,GOOD,41.55,SOFT,26.42,HIGH,320x240,"Increase Brightness, Sharpen Image, Apply Denoising"
test_clip,motion_0002.jpg,55,MODERATE,702.78,SHARP,56.04,DARK,68.58,GOOD,41.76,SOFT,26.51,HIGH,320x240,"Increase Brightness, Sharpen Image, Apply Denoising"
test_clip,motion_0003.jpg,55,MODERATE,703.0,SHARP,56.41,DARK,68.81,GOOD,41.76,SOFT,26.51,HIGH,320x240,"Increase Brightness, Sharpen Image, Apply Denoising"
test_clip,motion_0004.jpg,55,MODERATE,702.27,SHARP,56.44,DARK,68.81,GOOD,41.86,SOFT,26.5,HIGH,320x240,"Increase Brightness, Sharpen Image, Apply Denoising"
test_clip,motion_0005.jpg,55,MODERATE,700.3,SHARP,56.61,DARK,68.86,GOOD,42.15,SOFT,26.46,HIGH,320x240,"Increase Brightness, Sharpen Image, Apply Denoising"
test_clip,motion_0006.jpg,55,MODERATE,705.19,SHARP,56.67,DARK,68.88,GOOD,42.36,SOFT,26.56,HIGH,320x240,"Increase Brightness, Sharpen Image, Apply Denoising"
test_clip,motion_0007.jpg,55,MODERATE,709.86,SHARP,56.64,DARK,69.28,GOOD,42.4,SOFT,26.64,HIGH,320x240,"Increase Brightness, Sharpen Image, Apply Denoising"
test_clip,motion_0008.jpg,55,MODERATE,709.04,SHARP,56.79,DARK,69.44,GOOD,42.42,SOFT,26.63,HIGH,320x240,"Increase Brightness, Sharpen Image, Apply Denoising"
test_clip,motion_0009.jpg,55,MODERATE,701.02,SHARP,56.45,DARK,69.96,GOOD,41.67,SOFT,26.48,HIGH,320x240,"Increase Brightness, Sharpen Image, Apply Denoising"
test_clip,motion_0010.jpg,55,MODERATE,704.99,SHARP,56.24,DARK,69.88,GOOD,41.77,SOFT,26.55,HIGH,320x240,"Increase Brightness, Sharpen Image, Apply Denoising"
test_clip,motion_0011.jpg,55,MODERATE,699.47,SHARP,56.23,DARK,69.9,GOOD,41.66,SOFT,26.45,HIGH,320x240,"Increase Brightness, Sharpen Image, Apply Denoising"
test_clip,motion_0012.jpg,55,MODERATE,704.95,SHARP,56.21,DARK,69.95,GOOD,41.76,SOFT,26.55,HIGH,320x240,"Increase Brightness, Sharpen Image, Apply Denoising"
test_clip,motion_0013.jpg,55,MODERATE,700.51,SHARP,56.29,DARK,70.03,GOOD,41.67,SOFT,26.47,HIGH,320x240,"Increase Brightness, Sharpen Image, Apply Denoising"
test_clip,motion_0014.jpg,55,MODERATE,704.82,SHARP,56.35,DARK,70.12,GOOD,41.82,SOFT,26.55,HIGH,320x240,"Increase Brightness, Sharpen Image, Apply Denoising"
test_clip,motion_0015.jpg,55,MODERATE,696.49,SHARP,55.2,DARK,70.53,GOOD,40.94,SOFT,26.39,HIGH,320x240,"Increase Brightness, Sharpen Image, Apply Denoising"
